sample_in_period,mean_error_deg,stat_std_deg,single_std_deg,total_std_deg,outlier
0.0,0.051362858694639205,0.00902870128029697,0.1655173571786438,0.16576342471791414,1
1.0000098520764182,0.13446397187260573,0.013172488484308796,0.3049729891649781,0.30525733172700553,1
2.0000197041528365,0.14277008773414934,0.010361755563282428,0.3280430341051181,0.3282066394868405,1
3.0000295562292547,0.09577093554261434,0.03392495962576027,0.3342163636749999,0.3359337444106341,0
4.000039408305673,0.08683209380603153,0.02897537182543979,0.3792291502474255,0.3803344851177801,0
5.000049260382092,0.0692532946090166,0.014236780970941434,0.4080808514484761,0.4083291163403949,1
6.000059112458509,-0.01716717998844312,0.13526305199137384,0.4252018066697654,0.44619801616463256,0
7.000068964534927,-0.13930204446015182,0.0038608612661817673,0.4460048032802968,0.4460215138295606,1
8.000078816611346,-0.1312084613275439,0.017508963537470168,0.44947567553078865,0.4498165700571904,1
9.000088668687765,-0.11441393933392062,0.019411029373055326,0.44838798856627765,0.4488079504106784,1
10.000098520764183,-0.12191945260361889,0.020865193701820873,0.45595625233268505,0.4564334128320161,0
11.0001083728406,-0.09672786279152963,0.04833568878981916,0.4523849536847005,0.4549598720009215,0
12.000118224917019,-0.07192763666677138,0.03192147386322162,0.4477000403680662,0.44883661463740726,0
13.000128076993438,-0.07044644303959381,0.029635576469732187,0.4471959903620178,0.4481768860489787,0
14.000137929069854,-0.1053349400917922,0.015029909707260399,0.44252999711407925,0.44278515843645366,0
15.000147781146273,-0.09294122590149101,0.020225787472584397,0.4338825845579565,0.43435374945035116,1
16.000157633222692,-0.08782274046402705,0.015247916228517535,0.4335845481977523,0.43385257793997356,1
17.00016748529911,-0.10386526814241392,0.018131093941186636,0.42731143759885976,0.42769592150300934,1
18.00017733737553,-0.12566007587965564,0.014831380344534427,0.4139761385915212,0.4142417327673186,0
19.000187189451946,-0.12308451610323345,0.019619371100995705,0.40167080618586093,0.40214966898456855,0
20.000197041528367,-0.11793973813027175,0.026416526764903324,0.38891429390259735,0.3898104165977055,0
21.000206893604783,-0.1505350014777049,0.023257370602973507,0.36885609156949994,0.36958858420585905,0
22.0002167456812,-0.1541868098031058,0.01576697469727184,0.36019184622388256,0.3605367714634299,0
23.00022659775762,-0.15618342638252614,0.013699301907137218,0.3469935055119904,0.34726382440479253,1
24.000236449834038,-0.17266157962647968,0.03311804684895882,0.3194049957949231,0.3211173560644841,0
25.000246301910455,-0.19039236695282902,0.022705520808168147,0.28722551912716043,0.28812157071805117,0
26.000256153986875,-0.18018021711443075,0.0162819819757433,0.2790554780048051,0.27953007484267,0
27.000266006063292,-0.1742754047717483,0.014809249631090586,0.24843624513248552,0.24887724237094158,1
28.00027585813971,0.024206571628819045,0.010054316099056297,0.1511721957029228,0.1515061781772035,1
29.00028571021613,0.009851079796078466,0.0073019806744209,0.12666745765682413,0.12687775120568992,1
30.000295562292546,-0.026976377023061104,0.0027173096933202144,0.12081918229961648,0.12084973555418883,1
31.000305414368967,-0.02012908534330141,0.011953628715431411,0.08432080253508978,0.08516388307039545,1
32.000315266445384,-0.015904860735086384,0.005318018479918934,0.01748720756050641,0.018277958004574577,1
33.0003251185218,-0.006123056536618303,0.006530049770099199,0.017107501538578315,0.018311421542098583,1
34.00033497059822,-0.006962958324670865,0.01032649889036126,0.017015919097763628,0.01990422271967105,1
35.00034482267464,0.0039105521004974735,0.019429002578965723,0.023683779632913675,0.03063343857476456,0
36.00035467475106,0.02265023153624465,0.011201304802687209,0.02607020411242423,0.02837472064613438,1
37.000364526827475,0.011704727269097425,0.014855664007414695,0.02603336237756374,0.029973767026897833,0
38.00037437890389,0.01443213192923005,0.004936677086856786,0.027333711567189296,0.027775935064335722,1
39.00038423098031,0.013466626510926795,0.0107366911376893,0.030220994710566485,0.03207156151300126,0
40.00039408305673,0.013399230663040385,0.007550203553079005,0.030487179288016465,0.03140817846728121,1
41.00040393513315,0.013537817831405619,0.005915509415145965,0.030069393972051772,0.030645745308070807,1
42.00041378720957,0.008374261377790996,0.009902815288671627,0.029717873225989254,0.03132439528095503,0
43.000423639285984,0.00758060935697813,0.0003293029074426311,0.029561029455468277,0.029562863576993236,1
44.0004334913624,0.002935323369949098,0.0107458951076392,0.028971038729233536,0.03089976289092092,0
45.00044334343882,0.0012591647496427477,0.005240491354162644,0.027988932856428332,0.028475307058479754,1
46.00045319551524,0.0005979312121198177,0.006583576440380505,0.026059541548030234,0.02687830322843775,1
47.00046304759166,0.00033404150865281836,0.01022803301905203,0.025655723010385042,0.02761935521739092,0
48.000472899668075,-0.0008321014616825551,0.006430007495738599,0.024709605573893675,0.025532520518206814,1
49.00048275174449,0.002590885308184928,9.284495048864246e-05,0.02380475349279618,0.023804934552265063,1
50.00049260382091,-0.0027430132919334937,0.00790928738725632,0.022302837730835447,0.02366375705212909,1
51.00050245589733,-0.004216632127804587,0.0011524091828139847,0.021590310974144912,0.021621044722328203,1
52.00051230797375,-0.004616043596499253,0.007029472693144249,0.02118071522942081,0.02231672431100674,1
53.00052216005017,0.0029914526801285823,0.01971732312549748,0.025438337871235544,0.032185118686846786,0
54.000532012126584,0.005140701534514847,0.01398702576472224,0.026012472718183813,0.029534481994056724,0
55.000541864203,0.008839798176978775,0.010886349177847822,0.02538844457468011,0.027624006160288043,1
56.00055171627942,0.0026965985305827823,0.012369986338146614,0.025701609381881086,0.028523486582546876,0
57.00056156835584,0.01145877464442593,0.01168679267964799,0.02834496807697917,0.030659718498741016,0
58.00057142043226,0.008851055385712748,0.010050255298353242,0.03274850342390807,0.03425597915791922,0
59.000581272508676,-3.291961449905203e-05,0.011329998277719706,0.036851327432128766,0.03855371829646393,0
60.00059112458509,0.002691545633418002,0.0072147570728449744,0.03641662335869648,0.03712442829821524,1
61.00060097666151,-0.0034633074540187814,0.014413422053841404,0.03419599939298838,0.03710947466331777,0
62.00061082873793,-0.011608568628629554,0.012962451324921439,0.0336245286550017,0.0360365657578797,0
63.00062068081435,-0.0050463304979757595,0.006718390003864106,0.03329442430031782,0.033965503878694556,1
64.00063053289077,-0.011513761661584946,0.011690938974451105,0.03280281551302519,0.03482388203066835,0
65.00064038496718,-0.011076102061988675,0.009609840787640822,0.03258009755273176,0.03396780529426832,0
66.0006502370436,-0.010989068984441828,0.013851049670806994,0.030992191718689017,0.03394653921257863,0
67.00066008912002,-0.0033562176569337985,0.012575527354142716,0.029800971702407242,0.03234566126457255,0
68.00066994119643,0.009373211487059052,0.006630734306082037,0.030212779485449887,0.030931839286959233,1
69.00067979327285,0.0020508312068285603,0.01289491250939994,0.028451753882590282,0.031237494579760557,0
70.00068964534928,0.0032405345250860287,0.012384391325248432,0.02709830346127519,0.029794147059049158,0
71.0006994974257,0.0050361458617342375,0.011106763122932394,0.02826135617843372,0.03036551399389157,0
72.00070934950212,-8.516200422390184e-05,0.011451344951918489,0.02821675849570769,0.03045190899127543,0
73.00071920157853,-0.0009819197235793177,0.011469328911256675,0.027985298543340257,0.030244378655123177,0
74.00072905365495,-0.00631236119667733,0.002947519587962135,0.028502370942417452,0.02865437176175013,1
75.00073890573137,-0.012265204854069603,0.01336989329411727,0.028862989621435072,0.031809215906449986,0
76.00074875780778,-0.012263897808231327,0.012315929564130872,0.03028805087061492,0.03269630172618289,0
77.0007586098842,-0.010770465913891612,0.011783945635122878,0.03445143285692223,0.036411023064815855,0
78.00076846196062,-0.015786244571466393,0.012495901855190193,0.032269609101443324,0.03460455511539629,0
79.00077831403703,-0.013101488996078893,0.011280965637842692,0.031370660358431196,0.03333734418105669,0
80.00078816611347,-0.016305861183449604,0.01253985018092103,0.03138685783023886,0.033799152164153044,0
81.00079801818988,-0.02054559877337978,0.010946759268344017,0.02758671773902682,0.029679261009867015,0
82.0008078702663,-0.022782131782906032,0.006584459337763894,0.028210615833886506,0.028968844479851007,1
83.00081772234272,-0.021991962474317006,0.009138985631185507,0.028062445952380406,0.029513080679544224,1
84.00082757441913,-0.023809393075610943,0.011451988399503843,0.026633349266037398,0.028991090552600903,0
85.00083742649555,-0.036778252419685485,0.002289670011996586,0.025232162582901733,0.025335836622733077,1
86.00084727857197,-0.02563548608703867,0.012556109170453682,0.022911385437272138,0.026126374799340168,0
87.00085713064838,-0.017403686903524625,0.006016748901529983,0.02111123851323085,0.021951894198601263,1
88.0008669827248,-0.027046163055167147,0.01194150883314916,0.02002693724918728,0.023316900497172954,0
89.00087683480122,-0.02421149655708632,0.01673772464639918,0.019078348289070637,0.025379810869621607,0
90.00088668687764,-0.02345984844461984,0.01117461682668284,0.017619133450510048,0.020863986310627827,0
91.00089653895407,-0.029682945760176455,0.012502870641741324,0.017507939337185925,0.021513942319312366,0
92.00090639103048,-0.029316846568620904,0.012216319383661928,0.017477265338819246,0.021323537769496102,0
93.0009162431069,-0.03230378576609559,0.01394290051968228,0.017756959428178096,0.02257684838580707,0
94.00092609518332,-0.034276857626436036,0.013068207591306374,0.018112478874275324,0.022334724995409,0
95.00093594725973,-0.034334742567403334,0.012281336869549908,0.01761249107867807,0.021471634248465588,0
96.00094579933615,-0.042586306163349893,0.013438119962671885,0.014742117233741506,0.019947758988531492,0
97.00095565141257,-0.045608036379462646,0.014171564965266729,0.01185112367434309,0.018473829757506985,0
98.00096550348898,-0.04482843291176803,0.014055797344076797,0.011518051346355557,0.018172257586635716,0
99.0009753555654,-0.04777651289285561,0.014067868755751493,0.011249454889228927,0.018012639080208254,0
100.00098520764182,-0.04656749118571371,0.012254748313737691,0.008883448078539668,0.015135868194364237,0
101.00099505971824,-0.047082369122196925,0.015135166684828444,0.00814685740241819,0.01718850069415238,0
102.00100491179467,-0.044433938188559646,0.014395863799637955,0.008358238750205855,0.016646352439593764,0
103.00101476387108,-0.04185709012286054,0.013209244177133461,0.008130923272491238,0.015511158725068667,1
104.0010246159475,-0.025591667277467423,0.01975729488521828,0.007389622420783358,0.02109400911878101,0
105.00103446802392,-0.020678477761761214,0.02064041826841042,0.00657081018137009,0.021661080599419028,0
106.00104432010033,-0.017457578375172034,0.019886244806483672,0.0067398569702994265,0.02099734279577996,0
107.00105417217675,-0.014061287390360475,0.020845764352273456,0.006888652780668896,0.02195448538597824,0
108.00106402425317,-0.007134844215563084,0.015457405533695545,0.01179193077952307,0.01944173390781247,0
109.00107387632958,-0.008426357776771611,0.013384626862417967,0.020308331157652643,0.024322346734125918,0
110.001083728406,-0.007374189062722457,0.015370453872756198,0.020199389412009335,0.0253823991157755,0
111.00109358048242,-0.004373094385332226,0.013205203824511862,0.02014192539984232,0.024084737217991727,0
112.00110343255884,-0.007084812632039454,0.013907532199107916,0.02246079239232372,0.026417922832052684,0
113.00111328463527,-0.0050371011486479095,0.01523906561884886,0.02219900637467826,0.026926288362093046,0
114.00112313671168,-0.004353298666722417,0.01385663843290311,0.020687961401456557,0.024899762561284875,0
115.0011329887881,-0.0061787370190510655,0.014799890045313,0.020735630099175686,0.025475539267367737,0
116.00114284086452,-0.0030150337510943042,0.014112383428786051,0.02101003687255145,0.025309702001940812,0
117.00115269294093,-0.007340155391249128,0.01359903377943465,0.022737043718519954,0.026493525186205256,0
118.00116254501735,-0.010533512310941105,0.013898279605480277,0.022939707104659056,0.026821490227794096,0
119.00117239709377,-0.012321077853471252,0.013491064738461971,0.02250799274379846,0.026241542735370115,0
120.00118224917018,-0.023198724135524016,0.01691694752282871,0.023446768889348057,0.028912524705404757,0
121.0011921012466,-0.020943896326122688,0.014550548473870979,0.02460089670144892,0.02858185752196364,0
122.00120195332302,-0.02198873872309706,0.014494741313771592,0.02465916715591701,0.02860370693767878,0
123.00121180539945,-0.024380267420951895,0.014844256710892088,0.030440157744740487,0.033866726455675476,0
124.00122165747587,-0.02351798289463305,0.017636640437946927,0.029887783081835734,0.03470346760028875,0
125.00123150955228,-0.021527589181542024,0.015308060242939247,0.027448869753413683,0.031428922335029655,0
126.0012413616287,-0.02047675102908089,0.018338710126403188,0.0267211649796811,0.032408778856531734,0
127.00125121370512,-0.015553428329686389,0.015262712744179676,0.02936714332272958,0.03309651805324973,0
128.00126106578153,-0.020934933074594635,0.015055316006963285,0.029206560510086205,0.032858571437280285,0
129.00127091785797,-0.021877149116240464,0.015189918760067176,0.02883330701356936,0.03258977178926218,0
130.00128076993437,-0.024831635172309536,0.014835717410867857,0.027891027056548612,0.031591263054272685,0
131.0012906220108,-0.030326927084508445,0.01558859316979155,0.02408893084439725,0.02869287065177385,0
132.0013004740872,-0.03232592199832299,0.015314347857525553,0.021186510363093766,0.02614187200004577,0
133.00131032616363,-0.03457060154257382,0.016085751146352148,0.020510694853655226,0.0260660697712971,0
134.00132017824004,-0.036077252378352874,0.015667239896045182,0.019572231143283114,0.025070593090039398,0
135.00133003031647,-0.037757138479643494,0.013732974199311595,0.018880444114634794,0.023346643234623807,0
136.00133988239287,-0.03767592807136882,0.0186491448997165,0.018261503998814453,0.02610120943154432,0
137.0013497344693,-0.03180101453091311,0.01708074751233881,0.01547425765056623,0.02304787594153474,0
138.0013595865457,-0.035370688675797624,0.01384686203367319,0.01829239258964091,0.022942258276663387,1
139.00136943862213,-0.028105833716356048,0.02035488284185592,0.026169668581773473,0.03315377518753396,0
140.00137929069857,-0.025637387988859298,0.015316570727116034,0.02334828549535221,0.027923820913535853,0
141.00138914277497,-0.02873767480481446,0.016480594376131627,0.023892651563734088,0.0290253129136722,0
142.0013989948514,-0.0255466604500801,0.019476033348238383,0.024654251945253263,0.031418911724655864,0
143.0014088469278,-0.026051441425566837,0.014567872344783564,0.022006270442767165,0.02639126452927403,0
144.00141869900423,-0.03095672923481945,0.017151863740878123,0.023013467269553146,0.028702022673540686,0
145.00142855108064,-0.027533986186856256,0.017176686288541743,0.023020814816199855,0.028722751725013127,0
146.00143840315707,-0.026555546967295465,0.015757545461887183,0.02130296081082356,0.02649747871573682,0
147.00144825523347,-0.03236558751494714,0.0193863205892625,0.01782939060619322,0.026338500249214535,0
148.0014581073099,-0.021527826559564447,0.01722363977781162,0.01793912383341641,0.024868975272545175,0
149.0014679593863,-0.02226753688857899,0.017192013702882283,0.016989297241321498,0.024170261808968193,0
150.00147781146273,-0.020588088638495112,0.0197830067657801,0.016323476069307626,0.02564806479405727,0
151.00148766353917,-0.018088814875720043,0.01892417387301243,0.018237906024451914,0.02628203897974329,0
152.00149751561557,-0.016663803235834013,0.018175535959259977,0.021108123889993013,0.02785503547945409,0
153.001507367692,-0.015633893139857316,0.017380178151698854,0.019923881147758244,0.0264392063529673,0
154.0015172197684,-0.019309533972779666,0.015412828129480506,0.019288912171120876,0.02469043141976504,0
155.00152707184483,-0.022040524368460664,0.017970528654664714,0.019809252908251335,0.02674596045968792,0
156.00153692392124,-0.01992573279865913,0.01586377249666281,0.02002393936932524,0.025546377936848285,0
157.00154677599767,-0.02369931482070342,0.017840897473429273,0.020475117203319248,0.027157467612925083,0
158.00155662807407,-0.02421148540805815,0.01818368829616427,0.019881930611093,0.026943230780223412,0
159.0015664801505,-0.024396283551917957,0.01613123495947896,0.019494422993423296,0.02530314741616993,0
160.00157633222693,-0.028839665624887958,0.01788264435264983,0.020450419149282716,0.027166313927817074,0
161.00158618430333,-0.02599533770756403,0.01951907500216971,0.02163918649309606,0.029141871611537192,0
162.00159603637977,-0.021008041089828566,0.01768743547509035,0.02447151855968676,0.03019438017748631,0
163.00160588845617,-0.02246858693515858,0.020393708294139435,0.02282066532825473,0.03060532803305103,0
164.0016157405326,-0.019240161839427908,0.018671024185409443,0.02352734843539262,0.030035699900826614,0
165.001625592609,-0.01991697076042303,0.020208968195540272,0.025931452257553847,0.032876170879744385,0
166.00163544468543,-0.01717146376096126,0.01982516936326813,0.028007884299945905,0.03431441276259033,0
167.00164529676184,-0.018011945951874015,0.016762495096585412,0.03211496963833176,0.03622640634584144,0
168.00165514883827,-0.02115691925618219,0.0192694410784711,0.03229955273452202,0.03761080252170696,0
169.00166500091467,-0.019197313019156406,0.017392888237080836,0.0311534263410021,0.03567980568909854,0
170.0016748529911,-0.025764731964013916,0.01746218312408887,0.0290636838739451,0.033906128646364664,0
171.00168470506753,-0.028491032294362464,0.01970083965407627,0.02790622726076824,0.034159634116970115,0
172.00169455714394,-0.024475412865702612,0.017082440454012016,0.026901797643170213,0.03186716944284423,0
173.00170440922037,-0.0241005715876415,0.020327631029469894,0.02657334808950585,0.03345676929944539,0
174.00171426129677,-0.02116089551066125,0.024050200385077086,0.024891190627585106,0.034611898379331096,0
175.0017241133732,-0.015671427254403625,0.019609557240118647,0.02264410731133199,0.02995480480792036,0
176.0017339654496,-0.018936433756727586,0.02144247336141142,0.022691393214314515,0.031219849292741263,0
177.00174381752603,-0.016232440428691715,0.018384726872162447,0.02288507539459791,0.029355150450652484,0
178.00175366960244,-0.021850187949060757,0.019268694751321317,0.022500101958387808,0.029623254135179754,0
179.00176352167887,-0.022881405565613022,0.020267206107039772,0.025886667403481528,0.03287672721916984,0
180.00177337375527,-0.022171752113232895,0.01757729432310648,0.02657147437581664,0.03185913567920184,0
181.0017832258317,-0.027307684900039122,0.01962551898586722,0.02773841061374171,0.033979117393498806,0
182.00179307790813,-0.02906216931677995,0.023798347989396156,0.03037026140550935,0.03858385860516502,0
183.00180292998454,-0.02247030633907343,0.01882141858656613,0.02874488870986707,0.034358614997601115,0
184.00181278206097,-0.02298667166985524,0.022086211989935035,0.028285233746975055,0.03588669960006585,0
185.00182263413737,-0.0189039928008962,0.021610224054397085,0.02928118849062511,0.03639216650743342,0
186.0018324862138,-0.022625610670590705,0.018192757731043462,0.030437174306600093,0.035459808426312724,0
187.0018423382902,-0.02619965034302317,0.02025212551633951,0.03110111635967772,0.03711371750105051,0
188.00185219036663,-0.025860921979491042,0.017860511525803837,0.029345145255543496,0.034353099161972545,0
189.00186204244304,-0.032461524115035445,0.02011687935958761,0.026053364061399013,0.03291605404789583,0
190.00187189451947,-0.034904959690651244,0.02067750484607451,0.023797124998823638,0.031525582704671325,0
191.00188174659587,-0.034496898242852896,0.01923958469679336,0.023356844956135537,0.030260598566618595,0
192.0018915986723,-0.03776783708700451,0.020644808448682484,0.022214435544572267,0.030326378986729484,0
193.00190145074873,-0.038262814250003885,0.01898355632824341,0.01983963290367328,0.02745881360547294,0
194.00191130282514,-0.03693563431697081,0.020926400294983105,0.01857497187773728,0.027981133100083704,0
195.00192115490157,-0.03310539884301357,0.022592320553590502,0.017731960169124917,0.02871994706533458,0
196.00193100697797,-0.030975962637019922,0.02007117251695061,0.017335895526274677,0.02652141097119653,0
197.0019408590544,-0.036928899012966414,0.021397717824098366,0.01713277817565326,0.027411574491369106,0
198.0019507111308,-0.033787218314658835,0.020508716344103298,0.01670574512522501,0.026451642033565117,0
199.00196056320723,-0.03480255141983611,0.019640920507531332,0.017885725797597785,0.02656435479528949,0
200.00197041528364,-0.03204366993971538,0.02880954315617316,0.02232099443768699,0.036444705645054365,0
201.00198026736007,-0.018579987592172782,0.02272991292964276,0.027510531884285892,0.0356858278080452,0
202.00199011943647,-0.025076814014647023,0.021665612804889656,0.02694747860040134,0.03457694869606754,0
203.0019999715129,-0.02683753885830558,0.024482547322639332,0.02774266307355321,0.03700068212638744,0
204.00200982358933,-0.019031265246060986,0.019050937517603353,0.029724550899857267,0.03530562485635728,0
205.00201967566574,-0.028031819830592514,0.02157795302770108,0.026421055530813923,0.03411275761688033,0
206.00202952774217,-0.02756859477576907,0.021540829439856524,0.02964644919538196,0.03664586310692318,0
207.00203937981857,-0.0291627271230747,0.02013547847233647,0.02957103443642058,0.03577546045755243,0
208.002049231895,-0.031666404499187846,0.022271740088677525,0.029521264631433237,0.0369802037854947,0
209.0020590839714,-0.029395177634588283,0.022745576534368022,0.03042317536153323,0.0379859296445328,0
210.00206893604783,-0.027174475535566164,0.02172005005012153,0.030712404956974405,0.03761665046785759,0
211.00207878812424,-0.02580208279665107,0.02404265861094895,0.030472485428948384,0.03881522641052232,0
212.00208864020067,-0.02508836827735826,0.01928291697733876,0.02866388824498894,0.03454633665783037,0
213.00209849227707,-0.034106124704768113,0.022134017090214383,0.026198232910857256,0.034296677976174694,0
214.0021083443535,-0.031239113111622727,0.021779724875231332,0.027859500843631334,0.03536252540327211,0
215.00211819642993,-0.03143063973751244,0.02050629649727901,0.02777768226009882,0.034526914541808194,0
216.00212804850634,-0.03374262783817509,0.02203074640529879,0.029905148735781,0.03714393231853313,0
217.00213790058277,-0.031161439649003517,0.025107988636968052,0.03041192259538085,0.03943724292266833,0
218.00214775265917,-0.02749237512009965,0.02236973978622917,0.028676806428004607,0.03636982932339456,0
219.0021576047356,-0.02784215364406843,0.025483904155227614,0.027876908777084076,0.03776971556629325,0
220.002167456812,-0.0253268855615387,0.022606497360077107,0.028833403506623403,0.03663903493088943,0
221.00217730888843,-0.026454548368064934,0.023084378452460873,0.029012358176739823,0.03707567201699629,0
222.00218716096484,-0.0235159751202016,0.022517625011043506,0.029811210034412092,0.037359760168579836,0
223.00219701304127,-0.02590389065317014,0.02133620138808334,0.029757451452492867,0.036616108567409496,0
224.00220686511767,-0.029342149186504685,0.023402462307748825,0.029754473244587257,0.03785503823969094,0
225.0022167171941,-0.028547683148291172,0.02141831302992772,0.030650046591585354,0.03739210463606354,0
226.00222656927053,-0.031194950543932818,0.023250727639890313,0.030909243632018926,0.038677870645730514,0
227.00223642134694,-0.03331973685622813,0.020008560798566426,0.03244768855812496,0.03812079482375731,1
228.00224627342337,-0.02433256065642632,0.02249735695356645,0.03482998218426278,0.041463944926312155,0
229.00225612549977,-0.028862375175461037,0.025672494806647954,0.04147966362741328,0.04878154860437211,0
230.0022659775762,-0.023620383935565314,0.02491004364395036,0.04632973499933419,0.05260184996225934,0
231.0022758296526,-0.020857977694794902,0.022654890530295648,0.04807443986868484,0.05314504524061932,0
232.00228568172903,-0.03085139707612683,0.01841163821199997,0.04504836310596616,0.048665628940521774,1
233.00229553380544,-0.0206147643799974,0.013341327822641115,0.03958632845657306,0.04177401619120268,1
234.00230538588187,-0.019992827124389753,0.022139648231578813,0.037715247937129374,0.0437333276892714,0
235.0023152379583,-0.029799272690610223,0.01886804810048885,0.03660072500404454,0.04117786189136163,1
236.0023250900347,-0.027527159375893007,0.021673107636429823,0.03587405069683036,0.04191266047412199,0
237.00233494211113,-0.029094774235021405,0.024616961652255676,0.03018931193253646,0.03895368218729283,0
238.00234479418754,-0.02880620179685896,0.022039442207942062,0.028454959600275945,0.0359919676968425,0
239.00235464626397,-0.033007579002540095,0.020589328546417655,0.028148370725335502,0.034874793540367426,0
240.00236449834037,-0.04616703877894679,0.017344406521808662,0.025005691941779616,0.03043210586010999,1
241.0023743504168,-0.03705953543306527,0.02148944871351138,0.026433376548088073,0.03406640282952764,0
242.0023842024932,-0.03996992887401044,0.02334011551503812,0.025795831499902017,0.034787726499825485,0
243.00239405456963,-0.0428315348591255,0.01776723225031985,0.028748986161538922,0.033796135091947455,1
244.00240390664604,-0.035064004198135185,0.02380012521926318,0.030209819947534182,0.038458798495468384,0
245.00241375872247,-0.03375474509931564,0.025755958078706495,0.028169604438915117,0.038169306920574714,0
246.0024236107989,-0.04074139701202739,0.012960191619862777,0.027746422754031816,0.03062401904500805,1
247.0024334628753,-0.030998071916914997,0.02133213768240178,0.026656187337656963,0.034141066495954824,0
248.00244331495173,-0.04149709631757048,0.018324211994688182,0.023779118724196826,0.030020380286160973,1
249.00245316702814,-0.03009062756842064,0.022083409303397833,0.02471984835676644,0.03314736594728043,0
250.00246301910457,-0.03189383490354834,0.023181060303192988,0.024839943941378603,0.03397623245433639,0
251.00247287118097,-0.03329674003568547,0.023016752803647414,0.02685618444603603,0.03536983959001961,0
252.0024827232574,-0.037085019471305714,0.016587470998225735,0.02542556036420802,0.0303579201189898,1
253.0024925753338,-0.024627720815911087,0.02644006971225581,0.02539742781794217,0.0366620597642376,0
254.00250242741023,-0.034092776926646216,0.000992074947882719,0.02527248445686151,0.02529194898232485,1
255.00251227948664,-0.030340343361388022,0.013184084898872104,0.02635495016069388,0.02946868664520572,1
256.00252213156307,-0.01855513143509471,0.024764585352991822,0.026174475634216942,0.03603314949365145,0
257.00253198363947,-0.015711239857972084,0.021637004762738405,0.02676614330373959,0.03441782100103213,0
258.00254183571593,-0.01932849097197378,0.023507142968576648,0.02677119002279643,0.0356269895694511,0
259.00255168779233,-0.01804900940967021,0.02325163014828058,0.025421940544200557,0.03445160904203603,0
260.00256153986874,-0.019936072160697274,0.021041671917535098,0.02534119650024736,0.03293824824044737,0
261.00257139194514,-0.025123825341362743,0.023423234217036456,0.02563711551532365,0.03472620902333274,0
262.0025812440216,-0.0247319797331708,0.021573334919881827,0.025224281523305143,0.03319146212405151,0
263.002591096098,-0.0276563517636848,0.02232734910444876,0.024468912184828936,0.033124585756516244,0
264.0026009481744,-0.029370077385244206,0.023944855534908438,0.02503843379794498,0.03464504688468048,0
265.0026108002508,-0.028725559990277816,0.020686693729088518,0.024777932774705226,0.03227824731965665,0
266.00262065232727,-0.03516300542619572,0.02272788308317978,0.02334703285399711,0.032582826957283956,0
267.00263050440367,-0.0372703068352204,0.023976361961746063,0.02130872062876636,0.03207689990874237,0
268.0026403564801,-0.03648356341356399,0.021851729935439747,0.02171974773260526,0.030809828671049193,0
269.00265020855653,-0.03897410576380227,0.02471445975581325,0.021508435623924592,0.032763048148947024,0
270.00266006063293,-0.03652002186109687,0.02259272351777807,0.021013961495219852,0.0308547846155721,0
271.00266991270934,-0.041636481044299165,0.023169527480108792,0.020841892627165577,0.031164266266572285,0
272.00267976478574,-0.042178722201766855,0.02473982179140308,0.01744904951995221,0.030274215289915068,0
273.0026896168622,-0.04093438935832536,0.0220636795169346,0.01757754931736518,0.028209505380818085,0
274.0026994689386,-0.045112491142169295,0.024666486434571085,0.016807910807862057,0.029848641824242614,0
275.002709321015,-0.04218933247303388,0.02497069415183377,0.014460672812921235,0.028855616864430132,0
276.0027191730914,-0.04202896699211402,0.023156941464015413,0.014151839826509534,0.027138874487403077,0
277.00272902516787,-0.04584802562728404,0.025719841549418476,0.0144243575074205,0.029488511980584425,0
278.00273887724427,-0.042515004047901234,0.024423488312520107,0.014695870754401513,0.028503954086790836,0
279.0027487293207,-0.04568931419481714,0.02395760075531192,0.01465115125779443,0.028082429865125515,0
280.00275858139713,-0.045773820207285904,0.026916562448317586,0.014102644384738912,0.03038726563342922,0
281.00276843347353,-0.020098479076750664,0.04104632665630455,0.017172552827306165,0.044493791730787324,0
282.00277828554994,-0.002722082029587606,0.036150681121080615,0.017609014334198626,0.04021130601385719,0
283.00278813762634,-0.004495676981504302,0.04088272133709741,0.014827670542555025,0.04348858146278531,0
284.0027979897028,0.000406215531585177,0.0380271945541639,0.01767667521115793,0.04193485867605849,0
285.0028078417792,0.016521192155254185,0.029098005715141807,0.021435622089999974,0.03614110998549602,0
286.0028176938556,0.007235925191667191,0.01384975547143163,0.021941225204624583,0.02594673563472876,1
287.002827545932,0.02631543156292082,0.02973738719112106,0.019719112001763118,0.03568130568088462,0
288.00283739800847,0.02166432717934441,0.02245570154210632,0.0185761291359471,0.029143285769170555,1
289.00284725008487,0.01845882298113923,0.010921535389557762,0.019292784193310233,0.022169606608936566,1
290.0028571021613,0.023917837841073226,0.026894239799157053,0.023953619403905477,0.036014941578763116,0
291.00286695423773,0.025122957981542033,0.02445101576108086,0.027713687770505667,0.03695809331648076,0
292.00287680631413,0.020924936797649077,0.023278304508013922,0.027616044027808734,0.036118213528823544,0
293.00288665839054,0.01527779389669427,0.025346336682927146,0.02859281430390005,0.03820976070406107,0
294.00289651046694,0.010581356062857594,0.02317567197231624,0.034475930633878854,0.041541564299390925,0
295.0029063625434,0.0038912184436349483,0.026277274462805877,0.037057485666870275,0.045428541657683945,0
296.0029162146198,0.0056603376934024,0.02616183807805764,0.035448394866028375,0.04405712734848215,0
297.0029260666962,0.006277223769125663,0.0233610044288719,0.03329724198447058,0.04067484298307939,0
298.0029359187726,-0.0015473834407026112,0.026482196439873065,0.0317636509701123,0.041355002735233154,0
299.00294577084907,0.0029149769524300004,0.024959336141365182,0.027374170477378123,0.037044752259155656,0
300.00295562292547,-0.0014772240084981706,0.022683227661207308,0.02664321207398224,0.034991278438338796,0
301.0029654750019,-0.006739078062910014,0.024133803920960966,0.024605606484551984,0.03446558228389617,0
302.00297532707833,-0.010383570622075745,0.02248374608912489,0.024718542939588018,0.03341444602647926,0
303.00298517915473,-0.013766600029612164,0.02462366434424878,0.024908813018259215,0.03502533100081751,0
304.00299503123114,-0.01724579959717529,0.024885824223432145,0.02535824121639892,0.03552948979184243,0
305.00300488330754,-0.020059004893318563,0.022414465233560305,0.026364117023251536,0.03460455054067579,0
306.003014735384,-0.02519533262271049,0.0261728602706717,0.027106220109439864,0.03767977950266571,0
307.0030245874604,-0.022068452124307844,0.024213022805800122,0.022212386868096536,0.03285818929539764,0
308.0030344395368,-0.028332371395126503,0.022609471442754214,0.022240720017053107,0.0317149464101339,0
309.0030442916132,-0.048076741644071795,0.015411184030858092,0.9088202474101632,0.9089509044474863,1
310.00305414368967,-1.0432885914448302,0.8056391811743927,15.507383986613728,15.52829715707834,1
311.00306399576607,-13.302969616229015,0.060879999706933016,23.92953154588207,23.9296089892779,1
312.0030738478425,-11.976663987113037,0.06531030460068175,23.121860465062486,23.121952703041902,1
313.00308369991893,-11.954894346732317,0.08619010303283463,22.977689100630077,22.97785075108364,1
314.00309355199533,-13.144057029242754,0.0379195327174768,25.28678664002298,25.286815071673345,1
315.00310340407174,-12.860360533403204,0.03487567073157503,26.68942858343506,26.68945136983316,1
316.00311325614814,-11.525702043914057,0.07232518737042731,25.723479152649194,25.723580828677527,1
317.0031231082246,-11.408016538061327,0.032523430709100264,25.522925142324933,25.522945864344642,1
318.003132960301,-10.763794304674661,0.1610534381992604,24.22183734010687,24.22237276446202,1
319.0031428123774,-6.04129566711011,0.021757164739949604,20.986412516533704,20.986423794642576,1
320.00315266445386,-5.445577880562882,0.03136935781125343,20.017167364800514,20.017191944602125,1
321.00316251653027,-4.838599772046678,0.17114064622694974,17.196384252984576,17.197235838851743,1
322.00317236860667,-0.040747069272526915,0.029001329035436136,10.641048752830883,10.641088273161234,1
323.0031822206831,-0.029658357670468507,0.02730464926623307,8.936834966611391,8.936876678365858,1
324.00319207275953,-0.02920098480732187,0.026427567403849665,8.567456163626247,8.567496923371275,1
325.00320192483593,-0.02540936869728938,0.03297719984762162,6.048567938632632,6.048657834922091,1
326.00321177691234,-0.01932533120650406,0.02795235855016897,0.02527322411029508,0.03768381888087253,0
327.00322162898874,-0.020372881547151184,0.02611740132097834,0.025047011145876482,0.036186619337853346,0
328.0032314810652,-0.029217680093438503,0.014789017308369585,0.024541522020784703,0.0286531208779064,1
329.0032413331416,-0.02477045965749117,0.009669956891141824,0.025245483756372852,0.027034099141081562,1
330.003251185218,-0.01568325445028525,0.02454784825612889,0.024776202702335735,0.034877744685589386,0
331.00326103729446,-0.014154843944595541,0.02336027111411011,0.02651916773229012,0.035340748771610156,0
332.00327088937087,-0.01811049918572078,0.023831821617056482,0.03108512174323235,0.039169382371678746,0
333.00328074144727,-0.017401631332493,0.02525918304374846,0.028956814912357222,0.03842555735322656,0
334.0032905935237,-0.012960684985368212,0.023282323294014796,0.029055855512030746,0.03723317495867135,0
335.00330044560013,-0.01785274877414622,0.024403832317648658,0.029408049014062812,0.03821492350641872,0
336.00331029767653,-0.017581958408382233,0.02449514453138503,0.027595831657096954,0.036899078992032805,0
337.00332014975294,-0.02937107345380647,0.008577446300303614,0.025233958690597882,0.026651927814576426,1
338.00333000182934,-0.023055434109765984,0.024010186236506866,0.024708492227391368,0.03445284648998981,0
339.0033398539058,-0.021725505326710644,0.023134375187023944,0.024220665377064302,0.03349387924086594,0
340.0033497059822,-0.026922914732381287,0.022484869109453184,0.023213226241308046,0.032317537211232455,0
341.0033595580586,-0.030075467233757536,0.023514982074189245,0.02325078723417376,0.03306892028715572,0
342.00336941013506,-0.036486052998370155,0.014478917612299944,0.023967296932471512,0.028001256712387533,1
343.00337926221147,-0.036325780369180743,0.023491310515328972,0.024789131204957033,0.03415175977346087,0
344.00338911428787,-0.04116475956382715,0.016889699486785127,0.024797447023196185,0.030002921984735604,1
345.0033989663643,-0.04487315662903768,0.014089013705352774,0.025813346851827727,0.02940797821820437,1
346.00340881844073,-0.04510994329485306,0.023394164294210096,0.0261314232751297,0.03507332612411439,0
347.00341867051714,-0.05312669620511201,0.013688506593317764,0.0264653358207002,0.029795791864921813,1
348.00342852259354,-0.05712939042770257,0.02312519668726635,0.023668481389797533,0.03309035710178944,0
349.00343837466994,-0.06310635136432868,0.024907277380974528,0.022573326194741,0.0336143945658253,0
350.0034482267464,-0.05954513954915481,0.021864252897736452,0.023797231115713805,0.032316462732651825,0
351.0034580788228,-0.050784922048642836,0.026794394809093285,0.02500731034203483,0.03665112772792138,0
352.0034679308992,-0.06192533990373964,0.01498031341367809,0.023122234367486613,0.027550816904712696,1
353.00347778297566,-0.05391799792784013,0.019816770310175612,0.02366120322496022,0.030863520919997535,1
354.00348763505207,-0.05518760960023071,0.010171076597650867,0.02479258558442297,0.026797818924610618,1
355.00349748712847,-0.039845245168038446,0.018471810945819168,0.02501996611746882,0.031099943796369996,1
356.0035073392049,-0.0396335722355019,0.018499496062532716,0.02737249493709254,0.03303762754267958,1
357.00351719128133,-0.03356635360299265,0.019887952175400896,0.03187947263068088,0.03757434519644174,1
358.00352704335774,-0.031571162890074334,0.01500409881272895,0.032301624448234784,0.035616259253000354,1
359.00353689543414,-0.03519385321779822,0.013264081397529708,0.030511622175827063,0.03327003070513635,1
360.00354674751054,-0.0409766048861826,0.014444735096459663,0.02865011863098516,0.032085505599513564,1
361.003556599587,-0.04077143090415092,0.014088011426682274,0.029901765936271984,0.03305431397058371,1
362.0035664516634,-0.036781453835462545,0.023068744777732696,0.028900272713632796,0.03697827400707769,0
363.0035763037398,-0.037710585565902316,0.02234136787787926,0.027960302140732383,0.035789875865330674,0
364.00358615581627,-0.057466688058525506,0.011161226164457468,0.028484275675282483,0.030592922878333467,1
365.00359600789267,-0.04007676014208528,0.016661750441820014,0.025432555535787025,0.030404420877010317,1
366.00360585996907,-0.03886669273728671,0.011714735544788985,0.024855795297275524,0.02747809288768794,1
367.0036157120455,-0.045163233109484224,0.015278000469153284,0.024684131418898893,0.029029702758397637,1
368.00362556412193,-0.04867867357934789,0.008508436697074892,0.024243012254163823,0.02569274485499103,1
369.00363541619834,-0.04107673632640285,0.011394971550748572,0.024015874127293706,0.026582091466631902,1
370.00364526827474,-0.03367318846323365,0.02445891174928541,0.02810645358863502,0.03725870498674674,0
371.00365512035114,-0.033627392118638966,0.014343190238764214,0.03190781901681234,0.034983367771485814,1
372.0036649724276,-0.03658589113269528,0.01338186519290095,0.031143734357093018,0.03389699847694704,1
373.003674824504,-0.035301672109298465,0.015957782277799742,0.03228746865841926,0.03601571112159339,1
374.0036846765804,-0.030625911005117246,0.012129416047042126,0.03338592434060886,0.03552101740827678,1
375.00369452865687,-0.03225691854832036,0.013410911015886444,0.03330623843661253,0.035904847208594416,1
376.00370438073327,-0.03062886240738294,0.01285777168555287,0.03395744071989341,0.036310192411537566,1
377.00371423280967,-0.03409038847212287,0.0044126789477568346,0.03467378581052906,0.034953442719286215,1
378.0037240848861,-0.039051926149682004,0.009513750532133002,0.035306654871030144,0.03656598593460455,1
379.00373393696253,-0.032704377035436494,0.010028730265136397,0.034622889448868405,0.03604608029341645,1
380.00374378903894,-0.036656632842522185,0.013189529285619018,0.03535458409524964,0.037734735977932594,1
381.00375364111534,-0.02841846960193253,0.024099110164353472,0.035827955322151814,0.04317880838188742,0
382.00376349319174,-0.0379110591714948,0.001430871048717357,0.03553671244335274,0.03556550749306973,1
383.0037733452682,-0.04686237403181792,0.011515182488816663,0.03000464151675878,0.03213841844739648,1
384.0037831973446,-0.05111854428094631,0.01300341391392465,0.027035265211528693,0.029999905641093987,1
385.003793049421,-0.04336357096926551,0.02349496187450556,0.028936039009160364,0.037273416626653906,0
386.00380290149747,-0.03173736640979996,0.02493808155261729,0.030957117427354693,0.03975237138757911,0
387.00381275357387,-0.03542217653399149,0.016567380427960608,0.02768415039721484,0.03226283120651972,1
388.00382260565027,-0.03848706603327656,0.017084095322075055,0.027186676823377602,0.032108903900203815,1
389.0038324577267,-0.03304999912663931,0.018262038782163315,0.02840192847767493,0.03376642713898228,1
390.00384230980313,-0.025303694424785306,0.012754703847114994,0.028735418558940583,0.031438936845655525,1
391.00385216187954,-0.02432957814995973,0.013643562954157019,0.029102176734455403,0.03214161633719628,1
392.00386201395594,-0.001484324779482904,0.03141114263178871,0.033909693275135384,0.04622258300277404,0
393.00387186603234,-0.007380776592924576,0.016670646134537833,0.035193754173418156,0.03894240330747409,1
394.0038817181088,-0.007676149254685072,0.015248776519134713,0.03811098103141664,0.041048411181280976,1
395.0038915701852,-0.005538465415604321,0.01088147108240156,0.04679867848688761,0.0480470885802274,1
396.0039014222616,-0.007730189747562122,0.010921542892345365,0.048537763655472084,0.04975132761870588,1
397.00391127433807,-0.0076203524654587795,0.01097514619962653,0.047426110885214895,0.04867946001960042,1
398.00392112641447,-0.011725526475544257,0.008066242138708104,0.04530107629845073,0.04601360424959476,1
399.00393097849087,-0.023766123821140184,0.014426241703188963,0.04849268036349445,0.05059304792671488,1
400.0039408305673,-0.022508106460811916,0.01159339148503973,0.05033543803137209,0.0516532965834272,1
401.00395068264373,-0.02493632285241887,0.011886882864736652,0.04722258992062024,0.0486956977879056,1
402.00396053472014,-0.03291328782406059,0.0101418944914648,0.043067928826353095,0.044245954812477714,1
403.00397038679654,-0.03052713538529872,0.014551490106618506,0.04105349909980435,0.04355612072557258,1
404.00398023887294,-0.026018673865976893,0.00982592978878142,0.03810746589577748,0.03935387977330705,1
405.0039900909494,-0.025931697441635038,0.011312834564747706,0.04025537481387865,0.04181477522712762,1
406.0039999430258,-0.026057908075557634,0.012229419768512486,0.041653859167590214,0.043412010912049714,1
407.0040097951022,-0.02467047674982581,0.011905484495590243,0.04098243365384306,0.042676696559907114,1
408.00401964717867,-0.017561184334184077,0.011015863481389984,0.04012160702698642,0.04160640093385328,1
409.00402949925507,-0.019099658350313575,0.009272713538563937,0.04042035333049181,0.041470328907907965,1
410.00403935133147,-0.019202313632241896,0.010833009803548812,0.04054753533653897,0.04196971197508581,1
411.0040492034079,-0.017424932295838857,0.007977774965220884,0.04300936564858236,0.04374300431942417,1
412.00405905548433,-0.022215884745833137,0.009759483421918194,0.0437386693122374,0.04481426904310673,1
413.00406890756074,-0.020893814479215678,0.009423267368209405,0.043933422945595955,0.04493265649401755,1
414.00407875963714,-0.023155644593039426,0.007824846098849205,0.04441557242927054,0.045099570848184944,1
415.00408861171354,-0.029246588085321434,0.010890427135106072,0.04624670669169306,0.04751167522843772,1
416.00409846379,-0.030209047628794394,0.008055283137909352,0.04623076713333641,0.04692729926352746,1
417.0041083158664,-0.03709340530212302,0.010777917617926461,0.045092000822174336,0.04636218336452437,1
418.0041181679428,-0.03988531739245597,0.023424176520734603,0.0402752201227864,0.04659168811723216,0
419.00412802001927,-0.04873036161835387,0.011194739733453888,0.039688073124319295,0.041236699019454585,1
420.00413787209567,-0.04880369648257954,0.015287642867578131,0.039463317170981255,0.04232098092653426,1
421.00414772417207,-0.03965897149374342,0.01141556615037541,0.03593965022846685,0.037709065343470585,1
422.0041575762485,-0.0402287439987461,0.01279607818207387,0.032925045260112154,0.03532418749556995,1
423.00416742832493,-0.0404415327893588,0.01636378022099291,0.032344368980851,0.03624819316725173,1
424.00417728040134,-0.030898176549754908,0.016857373039326145,0.030971125181699283,0.03526161682066617,1
425.00418713247774,-0.02916471505437812,0.011918027999782338,0.030345576602590147,0.03260204611289393,1
426.00419698455414,-0.025938189038676285,0.016049882958327204,0.029508413045259044,0.03359084969788076,1
427.0042068366306,-0.014406510337671818,0.014953592307156158,0.03183842219810066,0.035175205059148534,1
428.004216688707,-0.015590939644212654,0.012898743640339322,0.03133597371262902,0.03388688294927362,1
429.0042265407834,-0.01231171226751826,0.013678552943061058,0.03478452451467517,0.03737734549601084,1
430.00423639285987,-0.010890098019004313,0.01056619134174236,0.03877475360288615,0.040188629193278584,1
431.00424624493627,-0.011359489710208948,0.009648097950954735,0.03958675263860503,0.0407455123730371,1
432.00425609701267,-0.007560449450245699,0.008869953065158837,0.04036782945274577,0.04133083258421114,1
433.0042659490891,-0.010404207771451013,0.008507944942573844,0.04049602619119771,0.04138010710986668,1
434.00427580116553,-0.009721502286332395,0.009633649067483829,0.04221064156194026,0.04329602124244248,1
435.00428565324194,-0.00963488802168655,0.007056442405233118,0.04231412914452467,0.042898472055282855,1
436.00429550531834,-0.0189691192719863,0.008608727724257413,0.04027873783487461,0.041188431805556244,1
437.00430535739474,-0.025037274499453588,0.009204025222705477,0.03674390474851951,0.0378791316752176,1
438.0043152094712,-0.03025677058158749,0.013277723760401467,0.03750914604212915,0.03978987289584251,1
439.0043250615476,-0.032766439409485315,0.013268275326119431,0.03818235713239895,0.040422017840723475,1
440.004334913624,-0.030066811119390024,0.008203717366480756,0.036447705315699956,0.03735955301404449,1
441.00434476570047,-0.03668784709422113,0.008163894573505201,0.03520620824736291,0.03614036903192871,1
442.00435461777687,-0.030599166608027417,0.015550597963766387,0.03427424628830329,0.037637017093042416,1
443.0043644698533,-0.02069133876127438,0.017486586253618572,0.03484750163114273,0.03898883261573418,1
444.0043743219297,-0.0045039012104868765,0.02868463649524069,0.04195549276680697,0.05082392885413018,0
445.00438417400613,-0.00536235030970289,0.01985594617076215,0.041375914047999354,0.045893625501191714,1
446.00439402608254,-0.0012697729966605817,0.01272725851635064,0.043434437949507035,0.04526072811314017,1
447.00440387815894,0.00379758610276642,0.021994373882863405,0.04403852375593213,0.049225441156997084,0
448.00441373023534,0.003604595008681599,0.00823411596768138,0.04552431360971219,0.04626298515449097,1
449.0044235823118,-0.0037646948225287247,0.007977609649478992,0.04757389378401424,0.048238134556511714,1
450.0044334343882,-0.0034239005388627675,0.008106054680238428,0.04754371770017112,0.04822979592775176,1
451.0044432864646,-0.004994622401952142,0.007137617329779872,0.04700130426880157,0.0475401744224276,1
452.00445313854107,-0.014899292912964768,0.00954741002260829,0.04436329378065842,0.04537901357685959,1
453.00446299061747,-0.020724386421502712,0.019854961677262396,0.0393069301195657,0.04403696468456903,0
454.0044728426939,-0.023134311637932115,0.01984137292253502,0.03953878091208505,0.044237939322090566,0
455.0044826947703,-0.0188237206423499,0.01976948280056977,0.04003807096907067,0.044652878710407504,0
456.00449254684673,-0.020361042648310956,0.011556103450579416,0.03697054435868464,0.03873454113756818,1
457.00450239892314,-0.023215747064298853,0.010797335961423985,0.03633079015611668,0.037901303107302844,1
458.00451225099954,-0.012741963864679443,0.023675245347388445,0.036901917191332866,0.0438436852312283,0
459.004522103076,-0.012087474875073667,0.015473562368804279,0.03630639104006455,0.039466253467175666,1
460.0045319551524,-0.002939208428800713,0.02324931733583262,0.03679045576375172,0.043520896037269496,0
461.0045418072288,0.0085626281736495,0.02692665502552822,0.03878233673668556,0.04721349800238778,0
462.0045516593052,0.0075766070958920295,0.017814889859599895,0.03921282261173422,0.04306989386902422,1
463.00456151138167,0.006342475734562925,0.014851654356754606,0.039260836375846285,0.04197600397921988,1
464.00457136345807,-0.0008497320271885656,0.0027558147472743154,0.04226318688592804,0.042352939457328986,1
465.0045812155345,-0.0046855466437989435,0.010557959744650248,0.04151545212141781,0.04283693825211355,1
466.0045910676109,0.0009632479726846555,0.010238146550890776,0.04030016403075778,0.041580318249184914,1
467.00460091968733,-0.0020189712078249045,0.008718370006187635,0.04056523289638349,0.0414915424575012,1
468.00461077176374,-0.010124632530690292,0.010177699127789808,0.03957181169512389,0.04085968478060198,1
469.00462062384014,-0.006358271250725522,0.01027532740734895,0.03840046750497274,0.03975145604790702,1
470.0046304759166,-0.006506022092537478,0.00950279202257727,0.03760737476648767,0.038789401813529065,1
471.004640327993,-0.00042734414670854274,0.019441901323889055,0.036456085995182866,0.04131626475343587,0
472.0046501800694,-0.012022974223796723,0.010566794183506213,0.03492457597866381,0.0364881233637199,1
473.0046600321458,-0.02044515825208748,0.009362580101841,0.03390118683645302,0.03517027686958811,1
474.00466988422227,-0.01623196295121687,0.009535159843320104,0.03287836333977367,0.034233113342783145,1
475.00467973629867,-0.018908720885896457,0.008421783575154041,0.0307089082200382,0.03184279326085361,1
476.0046895883751,-0.019209350358096344,0.017273808439115284,0.030206707760486503,0.03479697762333226,0
477.0046994404515,-0.005548631166549158,0.02123462450902285,0.026447824347325392,0.033917498297282654,0
478.00470929252793,-0.007644730100865773,0.01902788122307355,0.031000309350222195,0.03637415900950658,0
479.00471914460434,-0.005404735002975435,0.020965030946890277,0.03683158043402841,0.04238039452237758,0
480.00472899668074,-0.006257244046565802,0.014501657661839137,0.03616674430526349,0.03896577303972663,1
481.0047388487572,-0.005248785892869516,0.01977626975732037,0.037837056499555606,0.042693602448901725,0
482.0047487008336,0.0037515008243455363,0.01979260270779656,0.03956522647274532,0.044239736298810624,0
483.00475855291,-0.0003345112215740187,0.011044476429181292,0.041404413244880124,0.042852139920283396,1
484.0047684049864,-0.006976262646837483,0.008851300258375223,0.043001117734991746,0.04390263822052765,1
485.00477825706287,-0.0006794897893453506,0.016464141364386172,0.0439935405497347,0.0469733920530298,0
486.00478810913927,-0.007576505837707575,0.015000814405254878,0.043927062532852994,0.04641779029193526,0
487.0047979612157,-0.012159360335519724,0.016114494931636,0.039618051302238395,0.04276993027687227,0
488.0048078132921,-0.021876478600012836,0.016664370154128933,0.03290201065271921,0.03688147960190143,0
489.00481766536853,-0.026727025716607185,0.015576356283058921,0.033575657403614644,0.037012803800059405,0
490.00482751744494,-0.022480668072759613,0.009314279345162617,0.03307424651993235,0.03436075643202547,1
491.00483736952134,-0.022688415295384345,0.009790097708213841,0.029114475232070457,0.030716423639076507,1
492.0048472215978,-0.019439597485365487,0.01939042459718383,0.026560492462322272,0.032885381644435115,0
493.0048570736742,-0.009670244419030243,0.02162702489456225,0.026972712725065365,0.03457246646594538,0
494.0048669257506,-0.014024478718773992,0.01422804633086229,0.026460488060469578,0.030043214388467437,1
495.004876777827,-0.0070044821489558574,0.01840845677868368,0.02539212900536257,0.031362899999802955,0
496.00488662990347,-0.0012073661875875688,0.019670491366709498,0.02611799059771535,0.03269675310287155,0
497.00489648197987,0.007866159490712713,0.021142732841796387,0.02777002136263556,0.03490256779236752,0
498.0049063340563,0.01491053473132019,0.02244019838049,0.028285019607205742,0.03610546824977844,0
499.0049161861327,0.012736197234232804,0.021491712397585398,0.030617623258515442,0.03740765370590505,0
500.00492603820913,0.011679199320092771,0.017996862215069395,0.03226972515450085,0.036948913531188135,0
501.00493589028554,0.016943449356561915,0.01580457980532145,0.0326611407019019,0.03628408542008752,0
502.00494574236194,0.006456223463899846,0.0009230649349351309,0.03231389205556546,0.03232707330787684,1
503.0049555944384,0.013813613191467134,0.014602347519481687,0.03204470681328444,0.03521493699879458,0
504.0049654465148,0.009442092741811134,0.005829075027138974,0.03300620949113503,0.03351698048220793,1
505.0049752985912,0.01077909904809202,0.013999682843893801,0.03707779039865555,0.03963273470978565,0
506.0049851506676,0.016167078869380527,0.01538157018265442,0.04052363183578452,0.04334463563632912,0
507.00499500274407,0.003828848309666455,0.0005022014524232147,0.039158853161264655,0.03916207332616983,1
508.00500485482047,0.007432848121090451,0.014319838347805883,0.03868180997455475,0.04124730528428318,0
509.0050147068969,0.00720185811076135,0.0062108704217074765,0.03969917133204618,0.04018207455876809,1
510.0050245589733,0.0021076468170093676,0.00967695536008621,0.03800135421480402,0.03921410954235866,1
511.00503441104973,-0.002021687089192407,0.013659945664451407,0.03203649241236934,0.034827158391743114,0
512.0050442631261,-0.0010656161290714611,0.013888327293204678,0.03266246701760554,0.035492568048527344,0
513.0050541152026,-0.007754821380473231,0.008453801939762346,0.03523226156440997,0.03623229253276323,1
514.0050639672789,0.0024698084971532808,0.015597825679098521,0.036406983635053465,0.03960758290174491,0
515.0050738193554,0.002502119867427963,0.014653116307159018,0.03831150332216473,0.04101810702988826,0
516.0050836714319,0.008835228666909088,0.018418641326175305,0.039392699869630406,0.04348598798832875,0
517.0050935235082,0.011617293444686538,0.016972775009731957,0.040367859113234976,0.04379085681871239,1
518.0051033755847,0.010840231386806762,0.01777722237816024,0.042680319517304166,0.046234611597608735,0
519.005113227661,0.009613863394143607,0.009829201570092686,0.044279605997542895,0.04535743280657702,1
520.0051230797375,0.015507727938591466,0.014752369455569422,0.04469921102473284,0.04707071139028192,0
521.0051329318139,0.008358701212349237,0.012804669123526182,0.04405674234222979,0.04587980053544923,0
522.0051427838903,0.004304718702005377,0.015442003785450603,0.039574007587507364,0.042480084244807724,0
523.0051526359667,-0.010906503540083021,0.01574015532269743,0.03257660824156638,0.03617993772945347,0
524.0051624880432,-0.009474307889440247,0.013783691329137685,0.033778767031503724,0.03648280757871505,0
525.0051723401195,-0.0036318388698006743,0.008667316551527741,0.03260656020116796,0.03373885214936597,1
526.005182192196,-0.0035634099305007615,0.01519496939006139,0.03010036768469467,0.033718232894366124,0
527.0051920442725,-0.00016390069673535536,0.01765350807334279,0.029086684938113793,0.034024720248441054,0
528.0052018963488,0.005187239396579773,0.019884380652616572,0.02952929182954492,0.035600107723047426,0
529.0052117484253,0.0057926507459519095,0.01641671759684918,0.030087029806529813,0.03427445082322561,0
530.0052216005016,0.016112642536389405,0.018009281466534174,0.031124739889248146,0.03595947235589263,0
531.0052314525781,0.02120407335594463,0.01976472658687534,0.036245240794499506,0.041283918143814644,0
532.0052413046545,0.02273050067266998,0.016773193713909524,0.03713810302810053,0.04075019906565051,0
533.0052511567309,0.022168591553749038,0.015799992961041603,0.040495114856969855,0.04346831150215229,0
534.0052610088073,0.008560905071691296,0.012212495243178339,0.03870745925885697,0.040588328893177233,0
535.0052708608838,0.010216012450112229,0.012532790883164245,0.03632639279773634,0.038427563818391554,0
536.0052807129601,0.012155953312654018,0.012335882199820849,0.0370452790750307,0.03904518781354194,0
537.0052905650366,0.0019711457640533402,0.013401948189792208,0.03533680129917816,0.03779287950579413,0
538.0053004171131,0.0037167448011877647,0.011449265436049457,0.03614390203547978,0.03791394642312346,0
539.0053102691894,0.0007874591453628455,0.00247491137047536,0.03227481271028683,0.0323695647449236,1
540.0053201212659,0.004499518785773186,0.012017136515560538,0.03137437313665999,0.033597066237277186,0
541.0053299733422,0.007081883318404734,0.0143481465132285,0.030469096088377657,0.033678407397141896,0
542.0053398254187,-0.007725847598649693,0.001273403217879307,0.03115348357554769,0.031179497985811527,1
543.0053496774951,0.0035859626334892405,0.0129229534176219,0.03716517691350891,0.03934784746395209,0
544.0053595295715,0.007633494502363192,0.0029540391828117326,0.04186946392883466,0.04197354353853834,1
545.0053693816479,0.0082774369327328,0.013578077547313896,0.038076355205902544,0.04042490588296937,0
546.0053792337244,0.007166865330481819,0.013935761588422439,0.03115850132857653,0.03413294092357492,0
547.0053890858007,0.008057710839194796,0.01391166884823886,0.033808542037508105,0.03655888462255122,0
548.0053989378772,0.012866252386263315,0.011631101913680351,0.036859695630501545,0.03865125733659428,0
549.0054087899537,0.018269088982258888,0.013767963903120349,0.03658094735086745,0.039086091376915155,0
550.00541864203,0.014839794513786982,0.013034933786772082,0.037550727656540765,0.03974879427556549,0
551.0054284941065,0.027360736426127612,0.017952214989767682,0.03787370848806537,0.04191300296659492,0
552.0054383461828,0.027772348491750008,0.018183809055779255,0.0382145705172378,0.042320258879099265,0
553.0054481982593,0.018723026723490774,0.013132686484581586,0.040967722866878165,0.04302117817075265,0
554.0054580503357,0.023483725983598762,0.01198052045614841,0.04251560211856957,0.04417136282598385,0
555.0054679024121,0.016836798450589816,0.011686451943789358,0.04272859027417995,0.044297918527321845,0
556.0054777544885,0.015072525942868096,0.010439292382885748,0.04147670637869025,0.04277027001878128,0
557.005487606565,0.01222028233946225,0.011222483899177118,0.0401858380378436,0.04172344333430652,0
558.0054974586413,-0.005895993270049378,0.012640594687277223,0.0389367109945484,0.04093717255894705,0
559.0055073107178,0.0017015013916269102,0.010650300874430965,0.041238967636761964,0.04259203400240244,0
560.0055171627943,0.0034389653087664052,0.01038858254193235,0.03826288539552596,0.03964809006776614,0
561.0055270148706,0.0011881939560996419,0.012575369027327244,0.036398129805213564,0.03850926848812682,0
562.0055368669471,0.009255637983673952,0.013068843928171297,0.0349729034395744,0.03733495221120143,0
563.0055467190234,0.00689851394667408,0.01562683306423022,0.03410340348480243,0.03751319822228643,0
564.0055565710999,0.010733882201760834,0.013461535500577593,0.03275852072070133,0.03541657264391812,0
565.0055664231763,0.01804132963738741,0.015602606682304806,0.03167919590832611,0.03531306824223588,0
566.0055762752527,0.019144104546506294,0.01592865139168293,0.032176486517352346,0.0359033176706432,0
567.0055861273291,0.03042041272972382,0.01652523943313957,0.02946323958596823,0.03378114896244289,0
568.0055959794056,0.02646313964028953,0.015544907623140718,0.03329891455270372,0.03674863076905372,0
569.005605831482,0.023133219381179515,0.01124368096961682,0.03530770129187997,0.03705474507081577,0
570.0056156835584,0.02760995360166084,0.011887014786634603,0.03671696038513313,0.038593215731020716,0
571.0056255356349,0.021236467926750418,0.01102632194853669,0.03769261870927407,0.03927229660811167,0
572.0056353877112,0.01907554998467731,0.01117568758714476,0.03578249535509996,0.03748710400768792,0
573.0056452397877,0.011597336627415997,0.0135082682017165,0.034760413611592135,0.03729289026421075,0
574.005655091864,0.003959317731982992,0.012562658370528777,0.03666743272556591,0.038759785964560214,0
575.0056649439405,0.004350615182867538,0.012199120812587593,0.035762792025443545,0.03778618586276255,0
576.0056747960169,0.00010327243916839911,0.011467244927787647,0.03530672247652341,0.03712226229997459,0
577.0056846480933,-0.003295818113612212,0.010628640146861611,0.03623150941090357,0.03775831386018015,0
578.0056945001697,0.0035881705191071786,0.010760755364586337,0.0343004500756854,0.03594877927567305,0
579.0057043522462,-0.0091454967001899,0.0025191172111400503,0.03483369567514801,0.03492466615319733,1
580.0057142043225,-0.003907547746627592,0.010362070928329803,0.03393885344304639,0.03548546585508382,0
581.005724056399,-0.007252580863002499,0.011200474244290827,0.034971661992139524,0.036721489155390724,0
582.0057339084755,-0.011950810563032772,0.010223452969174401,0.036258893613785335,0.03767262078365034,0
583.0057437605518,-0.00803050280930822,0.010037721192402116,0.03510463467392557,0.036511521774998314,0
584.0057536126283,-0.01160853445558511,0.01101391970824911,0.03564637285724684,0.03730911852640882,0
585.0057634647046,-0.014046121740250328,0.008928969562738169,0.03606435243261715,0.03715325038050269,0
586.0057733167811,0.010744625540888187,0.023879880286694743,0.042412309274721685,0.04867291506085818,0
587.0057831688575,0.009007984384197698,0.019499840465558783,0.04336194999897818,0.04754474193742277,0
588.0057930209339,0.011665149486077553,0.017678335228250377,0.042514063120640204,0.046043122173329835,0
589.0058028730103,0.015104455903516131,0.018106064682971015,0.04397213643117061,0.04755395210311559,0
590.0058127250868,0.012382051397985884,0.015390658486691446,0.04329786514886153,0.04595190415100298,0
591.0058225771631,0.01572738279851491,0.01004748298986107,0.04753481306268978,0.04858508379468343,0
592.0058324292396,0.0024693878538073477,0.01874444555340411,0.04314667115118195,0.04704242203089429,0
593.0058422813161,-0.008424638500956563,0.01562701722066731,0.03603973765912811,0.03928188332748074,0
594.0058521333924,-0.0040726102684579425,0.013029438424106931,0.03702282719249431,0.03924864327556929,0
595.0058619854689,-0.008839304179124005,0.012590616178807933,0.034395620600381344,0.03662761707028506,0
596.0058718375452,-0.004861469537552744,0.011481653087868625,0.034325780139668104,0.03619513143817821,0
597.0058816896217,-0.0032391453318167704,0.013658528091835992,0.032262103216176105,0.0350342502926304,0
598.0058915416981,-0.004230087312786661,0.011805720646543286,0.033307096900518605,0.03533748355393681,0
599.0059013937745,0.004970979064953301,0.012733776107750129,0.03304483333073398,0.03541341643810005,0
600.0059112458509,0.004974292663790594,0.014625578459206543,0.03344197939934552,0.036500322346695195,0
601.0059210979274,0.007563469512970439,0.013550450138888004,0.03417290693151851,0.036761423627448324,0
602.0059309500037,0.019688272394186395,0.015697741075414162,0.03200016769998306,0.03564308919970019,0
603.0059408020802,0.010387568829660014,0.0136952553088568,0.033216509549606255,0.035929048479383,0
604.0059506541567,0.01543189220755418,0.010759313139931982,0.03363623380238475,0.03531513901504287,0
605.005960506233,0.016941824035939135,0.013951215601290421,0.03597203904086515,0.03858269054266713,0
606.0059703583095,0.00934515363568759,0.011094957714226146,0.04073530173003101,0.04221922421974537,0
607.0059802103858,0.013590757189345166,0.01068555886314266,0.03984951390242595,0.041257301492915475,0
608.0059900624623,0.008724416417521752,0.013558145457544071,0.039609743154259094,0.04186591765379445,0
609.0059999145387,0.0066099463384590405,0.010619075596349182,0.04008319741543543,0.04146597980954687,0
610.0060097666151,0.012504085892089734,0.011000131476154034,0.038597893921103604,0.04013477678569349,0
611.0060196186915,0.001873040076380524,0.01206316322619396,0.03803747084813058,0.039904499690438196,0
612.006029470768,-0.008215014839303572,0.015202458817056154,0.03663927632881422,0.03966801386486969,0
613.0060393228443,-0.00966925862875693,0.014136114808621222,0.03730542335420076,0.03989391374030214,0
614.0060491749208,-0.015894398658360842,0.013512238060890365,0.037126085223192176,0.03950856592454227,0
615.0060590269973,-0.011475398097230836,0.01139492299075201,0.036392297595232666,0.03813454594229681,0
616.0060688790736,-0.015481599510268198,0.011653479236777954,0.03720829749935691,0.038990524247856234,0
617.0060787311501,-0.01983498749281883,0.009911020079252328,0.03798960241301453,0.03926115396304931,0
618.0060885832264,-0.018028709251596966,0.010715216277955233,0.03749328702916526,0.038994389752049316,0
619.0060984353029,-0.024343055848191852,0.010313950288822435,0.03771257186230796,0.03909751458891016,0
620.0061082873793,-0.01958614838960355,0.009152124678181496,0.04078925333088366,0.04180340384963863,0
621.0061181394557,0.000365684210609945,0.017545457712203963,0.047052838637587906,0.050217653371953004,0
622.0061279915321,-0.0043247289812597955,0.016169685212686632,0.045453483097135185,0.048243941024121675,0
623.0061378436086,-0.0006883075185821023,0.016020639734295128,0.04526834167806471,0.04801961740557797,0
624.006147695685,-0.003253041994241812,0.01592184690331327,0.046548862252492586,0.04919656274389579,0
625.0061575477614,-0.0009450707565861194,0.014100818478973244,0.04631832039089035,0.04841714454209503,0
626.0061673998379,0.003857022525191193,0.011223998513317214,0.050156627858276154,0.051397134752246165,0
627.0061772519142,-0.006296619749207366,0.0080967214226227,0.04610440470844585,0.04680996722190394,1
628.0061871039907,-0.019595993562714083,0.0143348731473915,0.03741482497464132,0.0400669154794183,0
629.006196956067,-0.01605207028680411,0.010595585207030819,0.03799073166479508,0.039440615085288844,1
630.0062068081435,-0.02054286566158857,0.010343864987462668,0.03528028545082213,0.0367653924822019,0
631.0062166602199,-0.009972890291344861,0.010449510344773344,0.0359245326268881,0.03741342420717292,0
632.0062265122963,-0.009544149819368563,0.012548509305190657,0.03507217760027798,0.037249466135877665,0
633.0062363643727,-0.007614365857458931,0.014648089466263213,0.03369466746898939,0.03674094637944732,0
634.0062462164492,0.0010172385135484143,0.0168589324674477,0.0330037452063281,0.03706036699206023,0
635.0062560685255,-0.003043754617073723,0.014623131145741885,0.03250275388398722,0.035640776851081864,0
636.006265920602,0.00746790273943058,0.015707443845481374,0.032596240044278,0.036183403062497364,0
637.0062757726785,0.02124134786392536,0.01842845068619764,0.03378276303189244,0.0384822410049443,0
638.0062856247548,0.016087591941792805,0.01585958172595174,0.035993057849549294,0.039332258336931845,0
639.0062954768313,0.02714477803786914,0.008338408363589818,0.036462037062334064,0.03740333141276332,1
640.0063053289077,0.017438297189433644,0.014139255030611362,0.03748797801517679,0.04006578376229582,0
641.0063151809841,0.02053675265507593,0.007325816618497954,0.03653680935181297,0.037264004437775985,1
642.0063250330605,0.021057420461791782,0.010302953405222874,0.0362183464484638,0.03765527145475311,0
643.0063348851369,0.014097320754223751,0.009273462266918235,0.03661617224770254,0.0377722275288257,0
644.0063447372133,0.017052030048672704,0.008533048765171363,0.04117153472151095,0.04204650036035549,0
645.0063545892898,0.017406898892071847,0.010912994267822164,0.042695100490561716,0.04406773252379435,0
646.0063644413661,0.015343458378260443,0.008757133959475744,0.04193873354006941,0.04284325811757488,0
647.0063742934426,0.022270053287684277,0.009524914945063282,0.04395397956982295,0.04497417397501707,0
648.0063841455191,0.01942031533061102,0.011479469572625706,0.04357197354065791,0.04505879603247997,0
649.0063939975954,0.01848375417342317,0.00980762215610386,0.044007891530746815,0.045087514561559905,0
650.0064038496719,0.02018832236909576,0.011031563883263667,0.04432516465401629,0.04567729877429469,0
651.0064137017483,0.01175519812981444,0.010540605461919237,0.045533254537005456,0.04673736869182485,0
652.0064235538247,0.013920727116088629,0.009023075286221977,0.0453390434772217,0.04622818135131675,0
653.0064334059011,0.01463815482188835,0.008283396635363496,0.0440348944982542,0.04480721586185789,1
654.0064432579775,0.0019400239886395968,0.011000524606919946,0.04255706940819877,0.04395583804503901,0
655.0064531100539,-0.00010327405477204997,0.012247592336873232,0.04196303749999611,0.043713842593351544,0
656.0064629621304,0.000732047833800209,0.008231942898293404,0.047462117712605445,0.048170712073271026,1
657.0064728142067,-0.0029153140365060105,0.008090087770595278,0.04438285671039047,0.0451141606362236,0
658.0064826662832,0.002652220576622868,0.008896607733733727,0.0434133952888242,0.04431560131231025,0
659.0064925183597,0.00035281613350611626,0.008835724176735577,0.04364575948558805,0.04453113902429567,0
660.006502370436,0.0067886682010175215,0.010966710104607605,0.04295688716881284,0.04433466911743697,0
661.0065122225125,0.002533817443754237,0.012607114176035715,0.0464858152669937,0.04816503242897969,0
662.0065220745889,-0.013091930913390115,0.015707143792177844,0.040893496618647475,0.04380630584524885,0
663.0065319266653,-0.010838554154013814,0.012739114447149837,0.03913613642035388,0.04115728624205112,0
664.0065417787417,-0.015382016219000939,0.013037495741980766,0.041586934034687405,0.04358267290595665,0
665.0065516308181,-0.014260927326025316,0.009769412156185191,0.04031541042124282,0.04148220981710923,0
666.0065614828945,-0.007481296553388954,0.008320502581113961,0.04133813420730456,0.04216719225824086,0
667.006571334971,-0.013392670475196964,0.009960739456660865,0.04039684211278532,0.0416067444437652,0
668.0065811870473,-0.003969528360705176,0.009508121184247941,0.0409787021511403,0.04206730795340029,0
669.0065910391238,-0.0008917774365689487,0.013776760807591248,0.041162667006186586,0.04340696134736667,0
670.0066008912003,0.0021645496398576825,0.008218738061665584,0.04178391394449282,0.04258454085518655,1
671.0066107432766,0.015017145079670828,0.013810135145241821,0.04138324345153106,0.043626742616181324,0
672.0066205953531,0.008848202709329043,0.015383836028920723,0.04269910503740726,0.045385856629133456,0
673.0066304474295,0.0035662271158187764,0.006877136118626953,0.044205836972586926,0.04473757954607129,1
674.0066402995059,-0.00019937999103802895,0.009657508583223671,0.03986658749861581,0.04101965712703885,1
675.0066501515823,-0.0010819365755310173,0.009832544265856136,0.040967545821633165,0.0421309712371746,0
676.0066600036587,0.0014674065636831478,0.010244538085684061,0.0408960344200847,0.04215965123050455,0
677.0066698557351,0.002092934438894645,0.002315797668385647,0.04103487983578976,0.04110017374633111,1
678.0066797078116,-0.00833232247105621,0.011530267936483471,0.04221494327055065,0.04376126728081476,0
679.006689559888,0.008030508229492424,0.01000963341543037,0.036996750966669725,0.038326914083983823,0
680.0066994119644,-0.0004909953308166829,0.010676472658908713,0.035925774210719685,0.0374786381966586,0
681.0067092640409,-0.0010838725366839855,0.010311924515996891,0.03497985681148738,0.03646815281551532,0
682.0067191161172,-0.0006037021027572741,0.01174951367826851,0.036514483449104226,0.038358292105237494,0
683.0067289681937,-0.0026918795694983702,0.010195375567953817,0.04232790460126636,0.04353845645984175,0
684.0067388202701,0.003410379218124149,0.005009671764120161,0.04025941828120932,0.04056990968101351,1
685.0067486723465,0.003007297636600015,0.010145808266182539,0.039500938990951036,0.040783104425006364,0
686.0067585244229,-0.0005000817517510667,0.008625867810802603,0.040550486204894334,0.041457780053239295,0
687.0067683764993,0.007549640871830989,0.010257261004685558,0.0402565902402475,0.04154280275919564,0
688.0067782285757,0.00046071994317268644,0.011032279679647358,0.042353957726108095,0.04376721295667468,0
689.0067880806522,-0.001731332380561273,0.010995934836963995,0.03944605514372454,0.04094999205543898,0
690.0067979327285,-0.0031385024454569552,0.011093844891798234,0.038149510625885265,0.039729819474518265,0
691.006807784805,-0.008656946971718248,0.00976669042310292,0.042120650189414056,0.04323814767308744,0
692.0068176368815,-0.0029304424709961393,0.00734731705128192,0.04098696121016574,0.04164029367206347,0
693.0068274889578,-0.0035909420863744243,0.010518229357212408,0.04235459255532851,0.043641089117239205,0
694.0068373410343,-0.0005232470225817249,0.007463716241914142,0.041691615225013356,0.04235443117562056,0
695.0068471931107,0.008513634796618893,0.0039751594203992924,0.04214287622993118,0.042329941050619095,1
696.0068570451871,-0.005619735807499637,0.012521958424728278,0.04415335299038156,0.045894640461429256,0
697.0068668972635,-0.017842098575935477,0.01893750550323429,0.03817204202834081,0.042611429303632216,0
698.0068767493399,-0.022222076706725602,0.009986151950289969,0.03872124512432162,0.03998822395095938,1
699.0068866014163,-0.02114662172373806,0.01266271916583916,0.04153107113823017,0.04341859424902706,0
700.0068964534928,-0.014274286405376794,0.0002454749600485389,0.03996897677205006,0.03996973057403174,1
701.0069063055691,-0.012809051298619225,0.009326981602187564,0.04103761996584455,0.042084187508714344,0
702.0069161576456,-0.012251749555787228,0.00787078587687961,0.03889284169345753,0.03968126012757201,1
703.0069260097221,-0.00289672877339342,0.007862459422635278,0.03890024794549458,0.039686868840884154,1
704.0069358617984,-0.006290141070361902,0.006994968012804478,0.03914784304804215,0.03976786633469666,1
705.0069457138749,0.002306222667598945,0.007946540439827976,0.040104894341681706,0.040884594349452394,1
706.0069555659513,0.01894039334531783,0.010801571837623274,0.03892315829616077,0.040394135786167344,1
707.0069654180277,0.006148351468823421,0.01451561423183206,0.03976077025794585,0.04232755494984936,0
708.0069752701041,0.007314133338986216,0.010688556559906314,0.0418336089990771,0.04317749510129068,0
709.0069851221805,0.004672588588808442,0.014619065393416059,0.043890600301838396,0.04626123504439448,0
710.0069949742569,0.0025059853484587316,0.010239513930373517,0.04433561517845553,0.045502685841413905,0
711.0070048263334,0.009411959791034659,0.010227929024846705,0.04317045395091422,0.04436551167816401,0
712.0070146784097,-0.00041078911520900065,0.011673527373779332,0.04209001262407899,0.043678832448240924,0
713.0070245304862,-0.004350317769573546,0.011790325722482387,0.04366073960099983,0.04522468311827674,0
714.0070343825627,-0.0009422298813382844,0.01200679859762892,0.04427119752450963,0.04587049316083457,0
715.007044234639,-0.005278043078571197,0.002792376522246748,0.041576998312820614,0.04167066300584001,1
716.0070540867155,-0.0018331911271237307,0.009660404479760198,0.04157024290010555,0.0426779628085309,0
717.0070639387919,-0.0029120092590346758,0.007760319717785611,0.04120498266881501,0.04192938300117947,0
718.0070737908683,0.0034563298966759247,0.0016656759212846563,0.040865522416459396,0.04089945474752558,1
719.0070836429447,0.007554733260747071,0.0008558526665081067,0.04123063146405032,0.041239513269570795,1
720.0070934950211,-0.0013064685287089458,0.012317428431606617,0.03935675567679626,0.04123921993164742,0
721.0071033470975,0.0006898631421942506,0.010750972347249324,0.0412941637009977,0.04267073191516775,0
722.007113199174,0.0017088070355586954,0.014321963501797099,0.04080701911326101,0.043247328789843865,0
723.0071230512503,-0.0039454735451348215,0.0003843909440913744,0.04091283622471524,0.04091464193107733,1
724.0071329033268,-0.006878056657696006,0.015667197278028726,0.03961829657683558,0.042603644142241784,0
725.0071427554033,-0.012151509447032064,0.013705903584601904,0.04088374978211168,0.04311998132324178,0
726.0071526074796,-0.007825386659776865,0.006236047740746074,0.045798553753418306,0.04622116200756544,1
727.0071624595561,-0.0032976453570465005,0.0024359720969449185,0.04392647184725548,0.04399396423379942,1
728.0071723116325,-0.013129049250046087,0.012426589998085078,0.04433468882836222,0.04604329237237727,0
729.0071821637089,-0.004866252981527295,0.010899809545528029,0.04162190299181837,0.0430254419708749,0
730.0071920157853,-0.003973385912685343,0.01463686019835199,0.04243193451344641,0.04488548476979507,0
731.0072018678617,-0.01269525395732924,0.013559657170213388,0.04172634435986224,0.04387427624715338,0
732.0072117199381,-0.022374059005162254,0.018012161904578248,0.032873985949279566,0.03748515611105508,0
733.0072215720146,-0.026792033156450797,0.01776723257878432,0.03442543866121322,0.038739971354217195,0
734.007231424091,-0.028909560103455887,0.013068343781905734,0.03240677610458248,0.03494253492084701,0
735.0072412761674,-0.021551656934737668,0.012450444550429906,0.0319614899775486,0.034300880616804426,0
736.0072511282439,-0.022293281197126664,0.0026562666114452265,0.032698398880704235,0.03280611287051117,1
737.0072609803202,-0.012119101246222877,0.0002049921628861263,0.031041158345224352,0.031041835209924946,1
738.0072708323967,-0.013226365555030699,0.015488612498390565,0.03163927628317769,0.035226991368105094,0
739.0072806844731,-0.00705171039913109,0.007978479217197227,0.03183360639265408,0.032818205718498306,1
740.0072905365495,0.004000862663247062,0.005352905989529951,0.03269222772708332,0.03312756188270156,1
741.0073003886259,0.010862067730229796,0.013593090245546892,0.03369535278098225,0.036333853380262744,1
742.0073102407023,0.013815059420169615,0.008602000532710753,0.03559558978708508,0.03662021880676291,1
743.0073200927787,0.012194577071644138,0.017270593704682386,0.03726414995901115,0.041071769855703634,0
744.0073299448552,0.004728752998845367,0.016873082261711452,0.03889139331737667,0.04239388374727388,0
745.0073397969315,0.0054806884759904684,0.015522025360606134,0.03979816387933774,0.04271799526501593,0
746.007349649008,0.0037383543289529874,0.01623752529514816,0.038901585818568896,0.04215436640385023,0
747.0073595010845,0.0017654499927175493,0.010714807009765268,0.038803887551418635,0.04025604027173633,1
748.0073693531608,0.007639013863325772,0.009294390108898532,0.041284725466274146,0.042318013236942204,1
749.0073792052373,0.0026021583111817868,0.014328108085190363,0.04464173066216239,0.04688473949819864,0
750.0073890573137,0.0009660524485121237,0.013089841639693447,0.04188161253390636,0.04387953307172394,0
751.0073989093901,0.0005502690792885309,0.017819009625667983,0.040470016120513354,0.04421921877231957,0
752.0074087614665,-0.006797116054182577,0.015382022262857321,0.04040368670616818,0.043232678708879806,0
753.0074186135429,0.0028952599103351734,0.012868525435968083,0.03979738684130667,0.04182619928098615,0
754.0074284656193,0.005486037532856851,0.014074373398635815,0.04043612208171319,0.04281551068913508,0
755.0074383176958,0.0031384305085819303,0.014232257992980151,0.04099154456981145,0.04339197960219822,0
756.0074481697721,0.013641366730149053,0.015812905622158632,0.03822828687403103,0.04136967369388486,0
757.0074580218486,0.009545503090925599,0.01723329600576996,0.038767093600621166,0.04242492236247238,0
758.0074678739251,0.0051463930085699555,0.016879585565639097,0.03834797385600078,0.041898538252882415,0
759.0074777260014,0.0018502440091449695,0.0188754106522222,0.03557855338700068,0.040275483714062095,0
760.0074875780779,-0.003882982038855213,0.017449924859635875,0.03660842524218303,0.04055461350228161,0
761.0074974301543,-0.0017941439517951746,0.016107000856793355,0.03919412922850564,0.04237470050137867,0
762.0075072822307,-0.0016787084742873049,0.01731784246546456,0.03889694777111003,0.04257793106254823,0
763.0075171343071,0.0023503514060081443,0.007767975073794641,0.04003781046056743,0.0407844051473528,1
764.0075269863835,0.012800260580021927,0.009749552321979263,0.03742435151811772,0.0386734515789663,1
765.0075368384599,0.0050338098135272145,0.017028798292001376,0.03806051997475795,0.04169632060528384,0
766.0075466905364,0.0006599877605140136,0.018195418045994834,0.03812391995469785,0.04224341973113355,0
767.0075565426127,-0.00831152616472587,0.021617386706144215,0.03617031708020621,0.04213790746685978,0
768.0075663946892,-0.012042453009169347,0.020107348857951856,0.03902402322921182,0.04389965679922158,0
769.0075762467657,-0.004776696107885275,0.01564903989201162,0.038899094165815946,0.04192889190597323,0
770.007586098842,-0.0008524345011740783,0.01681960205940573,0.03848634260000825,0.042001161652530226,0
771.0075959509185,-0.0016702823387757032,0.015285073855681845,0.039312481733756253,0.04217943459602757,0
772.0076058029949,0.006203096223531348,0.016617218408931288,0.04010131598797928,0.043407919687746925,0
773.0076156550713,0.004488989936488805,0.018180136309868575,0.04203905118618069,0.045801737749562754,0
774.0076255071477,0.011601339132059567,0.017027613991269817,0.043296295669265655,0.04652428244386107,0
775.0076353592241,0.02290341301544332,0.016976511336890297,0.04300543584150837,0.04623493753742571,0
776.0076452113005,0.020060217118359307,0.01851892385403692,0.04339419060511212,0.04718057141434829,0
777.007655063377,0.01870337490682535,0.01903054422855411,0.04290078686137842,0.04693228235405107,0
778.0076649154533,0.007811653269590756,0.02448426050456784,0.03863835814692837,0.04574277792991858,0
779.0076747675298,0.010058873445359495,0.01380054560183075,0.03781817045661789,0.040257534395365245,1
780.0076846196063,0.011972563806201228,0.01968976840505031,0.03779214224162095,0.04261376532360674,0
781.0076944716826,0.00400612679391088,0.020758530565660994,0.03746609578803002,0.042832521812792235,0
782.0077043237591,0.011384238304273708,0.012497620059654773,0.03829257703529096,0.04028041662097325,1
783.0077141758355,0.0164292931903276,0.011037881431730429,0.03723839427884804,0.03883983567122655,1
784.0077240279119,0.0037155679628363535,0.018687142051889993,0.03654538553979724,0.04104600446230956,0
785.0077338799883,0.009291267976360965,0.01954975634345746,0.03474580624863401,0.03986808278505714,0
786.0077437320647,0.0006197422798221749,0.021415591574451737,0.03310857931772945,0.03943102315337647,0
787.0077535841411,0.005087972368770011,0.012694164815984345,0.034117100215012956,0.03640217503744264,1
788.0077634362176,0.009735322314597283,0.011589975478902248,0.03287042967867885,0.034853876095242646,1
789.007773288294,0.005128842648190357,0.010894329628247119,0.03162351966746351,0.03344747246366091,1
790.0077831403704,0.011667088954339988,0.008348317044028811,0.0318951680682721,0.032969624559144525,1
791.0077929924469,0.02037933411099857,0.011767752624132792,0.030199044522870692,0.03241083602619825,1
792.0078028445232,0.02266327520014026,0.021609948496721678,0.034948683996650104,0.041090149514557264,0
793.0078126965997,0.024487487159553387,0.020408510258632516,0.03194906712052945,0.037911082559705475,0
794.0078225486761,0.020972094007776023,0.023348736982248167,0.031010121203343715,0.0388174076377116,0
795.0078324007525,0.023159722587668814,0.022723486600231112,0.031627163244873156,0.0389439892433831,0
796.0078422528289,0.031512163004776994,0.019842129609278607,0.030614184311043482,0.03648202829424307,0
797.0078521049053,0.030412657320223642,0.020828538947344037,0.0321880185137694,0.038339230176462714,0
798.0078619569817,0.036316722251563585,0.020345768187065405,0.033149054581513064,0.0388948595931382,0
799.0078718090582,0.040262908209178425,0.020818736344877308,0.033261930598763874,0.039239977193603205,0
800.0078816611345,0.03294310588717053,0.0240541661105311,0.034999181131826984,0.04246817146018247,0
801.007891513211,0.025077897670497704,0.030053240522533633,0.03730207667230243,0.04790242363358651,0
802.0079013652875,0.017008930225731293,0.028366678384607824,0.03721779816076975,0.046795650893128656,0
803.0079112173638,0.015492084132827384,0.025307461904185924,0.038065670131390436,0.04571064285900661,0
804.0079210694403,0.020984069724098237,0.02270493762368723,0.037883697496028435,0.04416660195743067,0
805.0079309215167,0.024913501096506252,0.013781356784463319,0.036447791864802445,0.03896623315950148,1
806.0079407735931,0.029165086059435907,0.010291528356375432,0.03654575586183104,0.03796719409467386,1
807.0079506256695,0.02507000326963609,0.021960594518761055,0.03488146975360537,0.041218741414423665,0
808.0079604777459,0.022254141449618854,0.021756974535082723,0.033990750508650656,0.040357614660204745,0
809.0079703298223,0.02978239479662332,0.022182751776462752,0.03529047864727266,0.04168323835224141,0
810.0079801818988,0.03702464581354232,0.02327616345887577,0.032085505833457456,0.03963911540326217,0
811.0079900339751,0.037334416487093826,0.0216541518198185,0.03155087413829254,0.038266956371341136,0
812.0079998860516,0.04149218261904429,0.023739379056412834,0.03169395545782209,0.039598799609918266,0
813.0080097381281,0.0325114778887357,0.02472647180546837,0.033686396739195344,0.04178721973542979,0
814.0080195902044,0.03302410830931674,0.02358187957835014,0.03577516994816616,0.04284819516931814,0
815.0080294422809,0.04118385560136062,0.013027741638401228,0.037398471422273975,0.03960262260153457,1
816.0080392943573,0.026731872113411253,0.024878653953407114,0.03686607101044478,0.04447532590415203,0
817.0080491464337,0.019941780161515352,0.02700327961257349,0.038898517504761365,0.047352632175023314,0
818.0080589985101,0.019147374194176336,0.02620547383104611,0.04183804958175848,0.04936749184954937,0
819.0080688505865,0.024255538309105873,0.01092345024914116,0.04145778061776746,0.04287271089045335,1
820.0080787026629,0.029804613282223613,0.01200615191554008,0.04407531454890084,0.045681298541127055,1
821.0080885547394,0.02508174983125855,0.011603065181114283,0.04554857554097693,0.047003232393201096,1
822.0080984068157,0.031483792059560756,0.012227547825158681,0.047114028437804906,0.048674886763657006,1
823.0081082588922,0.024470086293477935,0.025116419665648516,0.04790844124599698,0.05409300582739067,0
824.0081181109687,0.018537387367726095,0.024556776982004314,0.04769328511864504,0.053644055972234844,0
825.008127963045,0.03407486674355198,0.012979681633377295,0.04302376711874653,0.04493903283774549,1
826.0081378151215,0.023885225329927887,0.02485918085220123,0.03885641873608268,0.046128084174787115,0
827.0081476671979,0.02729646839495419,0.023414653660869644,0.04427358446237476,0.05008389249255202,0
828.0081575192743,0.026123522086588007,0.026914988494520654,0.04019180946085543,0.04837146011232127,0
829.0081673713507,0.023078396778331012,0.015391762598514819,0.04152500207036922,0.04428580080379272,1
830.0081772234271,0.02250625344181247,0.00930483789393144,0.0405419262851545,0.041596006961525094,1
831.0081870755035,0.030507672290099208,0.010889094238933418,0.03848907813562791,0.03999976886276774,1
832.00819692758,0.02961392389613593,0.009680236308389874,0.04045869192307432,0.041600633734505885,1
833.0082067796563,0.0419319408117218,0.010573618068988069,0.039405557207442904,0.04079950168688199,1
834.0082166317328,0.02994543059724543,0.026005942435670674,0.04052339231520981,0.04815033090955681,0
835.0082264838093,0.025252876121069474,0.027163106348616836,0.039079632167134164,0.047592562410788256,0
836.0082363358856,0.019172258432789135,0.019791149108059774,0.035303313385234555,0.040472379705096866,1
837.0082461879621,0.01514886666421944,0.01927025436974224,0.037007900707670544,0.041724422323902485,1
838.0082560400385,0.017004261630816586,0.014722240320312666,0.03559500056860125,0.03851945515616444,1
839.0082658921149,0.010325336468099522,0.0284611041455968,0.0341450611692355,0.04445131776941311,0
840.0082757441913,0.015567149521714896,0.013471922848360336,0.03340518644418326,0.036019427904990645,1
841.0082855962677,0.019268261204473447,0.01112046782898402,0.033390574993028506,0.035193682715801845,1
842.0082954483441,0.010932579894087111,0.026266619349091802,0.03227365721016182,0.04161158783018396,0
843.0083053004206,0.023261354221631336,0.011683416486598468,0.03174752883086484,0.033829097056615555,1
844.008315152497,0.03536292015569131,0.011834454606789948,0.031663272780962655,0.033802620594294494,1
845.0083250045734,0.03612092451908211,0.02762657168531746,0.029804615884968237,0.04063917557154039,0
846.0083348566499,0.047970906926494195,0.016700569490553794,0.02904421120737051,0.033503361412956206,1
847.0083447087262,0.04225426218151066,0.029222364019868417,0.028020791087984696,0.04048593943712042,0
848.0083545608027,0.03751642839654323,0.028051088606947085,0.028574700169816367,0.0400421910218422,0
849.0083644128791,0.049644536398901096,0.014853836811617315,0.02867828073397953,0.032296752992879936,1
850.0083742649555,0.04425935780012935,0.013999571696763122,0.029070725804168435,0.032266005431009825,1
851.0083841170319,0.04083023484903947,0.015609807316728131,0.028007709869839848,0.03206396570323926,1
852.0083939691083,0.04084328240388402,0.015373243180703964,0.02881227021745224,0.03265705928243611,1
853.0084038211847,0.03188483879323201,0.014447463556351056,0.029516366940167144,0.032862518475592885,1
854.0084136732612,0.037885119436097625,0.01355893452705595,0.033688391903439904,0.03631463141144001,1
855.0084235253375,0.044495114179341044,0.0012660601897266758,0.034139074393377655,0.03416254248208972,1
856.008433377414,0.030788722827921333,0.013068934817680084,0.03482090135160402,0.037192636747169584,1
857.0084432294905,0.035794651175621084,0.012003712599695356,0.03508124894126457,0.03707806822712129,1
858.0084530815668,0.029185841264194323,0.012390183837924324,0.03427561409391588,0.036446321859038205,1
859.0084629336433,0.017176493305584017,0.0158571792086413,0.03172725188823863,0.035469263381619695,1
860.0084727857197,0.02310869299442686,0.01595028357880917,0.03360997357485262,0.03720271320679072,1
861.0084826377961,0.014549370668859751,0.012256439551167642,0.032801592212927895,0.03501663550620816,1
862.0084924898725,0.020523731231065767,0.012332516139795616,0.03590536955936421,0.03796427949445159,1
863.0085023419489,0.02076770323529331,0.012701374092812573,0.03482650442580858,0.0370703427872799,1
864.0085121940253,0.018245243119082488,0.011395819927772624,0.03569500731922412,0.03746996476306968,1
865.0085220461018,0.026378602060404432,0.01181158772282139,0.035145222995652856,0.03707695111451414,1
866.0085318981781,0.01391581781028132,0.028111180976889156,0.0347520275397726,0.04469834352680788,0
867.0085417502546,0.02710975257382131,0.011462149402418147,0.03406421329572591,0.03594094456716552,1
868.0085516023311,0.03355190686643539,0.012857441462073254,0.03262722276041354,0.03506920965759405,1
869.0085614544074,0.028107510018500648,0.012654184771460271,0.03272520251446488,0.03508656825400563,1
870.0085713064839,0.02977087189491101,0.01590108341121311,0.028878951967389287,0.032967231008762844,1
871.0085811585603,0.017736167935623826,0.01572050668468516,0.03289837584856753,0.03646145175245827,1
872.0085910106367,0.015968974247542178,0.016213010848964607,0.033535874477465887,0.037249383857414234,1
873.0086008627131,0.019771842956686214,0.013512384289667338,0.03391108900316903,0.036504061233957254,1
874.0086107147895,0.015416449858761894,0.013667047778746175,0.03885112284241206,0.04118492371126506,1
875.0086205668659,0.020798919355115686,0.012066692340181184,0.03911706023168015,0.040935919010100165,1
876.0086304189424,0.023328328006428478,0.011722598275834597,0.04088524318870219,0.04253260421060435,1
877.0086402710187,0.020818232429533623,0.012080175082460743,0.04004063825193696,0.04182323925337901,1
878.0086501230952,0.02695488480449626,0.01212039297599599,0.040565612214150996,0.042337605272398784,1
879.0086599751717,0.03266080847426167,0.014048846097153636,0.037271311748370825,0.03983115308531444,1
880.008669827248,0.03145320815502828,0.012754600697084399,0.03633505356136458,0.03850864781122934,1
881.0086796793245,0.03841269194165875,0.012321222563532457,0.034855887408759105,0.036969520047090046,1
882.0086895314009,0.026905790862358003,0.016497493320028825,0.03201987250577405,0.03601998780025364,1
883.0086993834773,0.023005876521224877,0.015254005116006844,0.03302787662025098,0.03638028732874005,1
884.0087092355537,0.02504684564797799,0.013028893723893235,0.03309627267611048,0.03556845985870012,1
885.0087190876301,0.02094922033782609,0.012362827461423132,0.03672590561395023,0.038750892196253994,1
886.0087289397065,0.027906753037257204,0.011622341658938249,0.041321869496394145,0.04292523412066754,1
887.008738791783,0.03142005904642531,0.012758288622547506,0.03774709208011535,0.03984491045392036,1
888.0087486438593,0.027645462829696044,0.01168920322660629,0.040023276061838406,0.0416953246635043,1
889.0087584959358,0.036612289833769296,0.011070827817931039,0.042091368324806186,0.043522942410052806,1
890.0087683480123,0.031500279927357155,0.012186755858590286,0.044216751735015845,0.045865435268325004,1
891.0087782000886,0.03570722114166358,0.012228208659250828,0.04555275674453084,0.0471654824425721,1
892.0087880521651,0.037032707941691,0.013388832378021104,0.045779886634430944,0.047697577010872315,1
893.0087979042415,0.026666565481221483,0.01571872096218252,0.042263635642547585,0.0450920512553263,1
894.0088077563179,0.017597875741302005,0.020384401348826645,0.041122992427788295,0.04589797734722064,1
895.0088176083943,0.014871706691110376,0.020590197588072488,0.04479381938205997,0.04929951816750827,1
896.0088274604707,0.011046153814163517,0.017553376274518168,0.0440226352123915,0.047393179147194896,1
897.0088373125471,0.01606613177871452,0.01857517375295178,0.04369771981715301,0.04748186808846884,1
898.0088471646236,0.00914038189166888,0.016889584616399382,0.042593326641394966,0.045819750576526284,1
899.0088570167,0.011486783305201698,0.01297647241992268,0.04057106188656108,0.042595773253553966,1
900.0088668687764,0.012376285248933527,0.013890984924601842,0.039649889006221246,0.04201277377633117,1
901.0088767208529,0.00799155947312613,0.012536869383781003,0.038430942070816286,0.04042413143651231,1
902.0088865729292,0.019159094422903422,0.01268283301314419,0.03362319912046456,0.03593568939555368,1
903.0088964250057,0.013940239428663403,0.013388068891586028,0.03199606742904947,0.03468412777583046,1
904.0089062770821,0.009937125104997335,0.01563945391458694,0.029423429961613633,0.03332162585247712,1
905.0089161291585,0.0021070958828630637,0.021020736777417594,0.02514209169341298,0.03277188046764272,1
906.0089259812349,-0.006723567658937668,0.020611807863739954,0.023229634611161825,0.031055797326422316,1
907.0089358333114,-0.004023352808346203,0.016279152414119754,0.022092458917130055,0.027442440567981927,1
908.0089456853877,-0.007014285503730987,0.013934379239806189,0.01949486766006248,0.023962820991738257,1
909.0089555374642,-0.006102149359023201,0.019848011526035037,0.019021002232522073,0.027490763675591653,1
910.0089653895405,9.305414970128822e-05,0.015617627024866349,0.018331930241575492,0.024082565068319153,1
911.008975241617,-0.003145877810283082,0.013790023690476645,0.017873117431542802,0.02257461140541795,1
912.0089850936935,-0.0009371024163726815,0.013443262700451162,0.017256253876676966,0.02187463393727242,1
913.0089949457698,0.005419830278782456,0.013571769569629081,0.018988713443347904,0.023340183535797043,1
914.0090047978463,0.006328239981556294,0.012793557335665189,0.014389660025820991,0.019254542969379024,1
915.0090146499227,0.009352789467214961,0.012179089094682889,0.015624740823653211,0.019810672300115382,1
916.0090245019991,0.021675764212801596,0.013143678064750553,0.017816558586883413,0.022140145278422497,1
917.0090343540755,0.030053658790350823,0.013601111846744814,0.020570563220159925,0.024660460552517232,1
918.009044206152,0.035129394069613795,0.013479627083314464,0.02109284931176582,0.02503215209274034,1
919.0090540582283,0.03633358651195806,0.013312948064243655,0.02112102840142973,0.024966626261776943,1
920.0090639103048,-0.05313259857009219,0.012590537830909748,0.019534226002489576,0.02324021575605333,1
921.0090737623811,-0.04611623040208152,0.018814491417927594,0.01931523253905769,0.026964111247232758,1
922.0090836144576,-0.04501311679219303,0.019429265530790843,0.01961360204080616,0.02760778412116939,1
923.0090934665341,-0.03813948516037868,0.0016015475396955272,0.02032151433886589,0.020384525982878206,1
924.0091033186104,-0.04299574033081418,0.01330114784343527,0.022485907988255907,0.026125401279391548,1
925.0091131706869,-0.03351374551058939,0.017903351944668307,0.020901607807726166,0.027521032317168955,1
926.0091230227633,-0.028884207345242885,0.019905053401863052,0.02182682228326521,0.029540164554657827,1
927.0091328748397,-0.03390753292046043,0.007847219172092678,0.020905785766749913,0.022330040914877478,1
928.0091427269161,-0.034052982730855774,0.01602870341579518,0.02099754025525528,0.026416207713496464,1
929.0091525789926,-0.05048866316566958,0.029492159338962737,0.026918818691620956,0.039930067145287004,1
930.009162431069,-0.06262764827900824,0.031929692784760606,0.029888643626331583,0.043735984030898914,1
931.0091722831454,-0.06343977040420867,0.03237808757881195,0.03248775963877297,0.04586714599370559,1
932.0091821352217,-0.06716886250755749,0.036790209139142466,0.036622623691749914,0.05191084717637889,1
933.0091919872982,-0.06931669572437471,0.0034062187355631203,0.038238533625297826,0.038389943733841726,1
934.0092018393747,-0.06836091845208969,0.0340524843396803,0.03766883551550238,0.050779059254757224,1
935.009211691451,-0.06432211340621004,0.0186741766665896,0.03715448698769751,0.04158341950217638,1
936.0092215435275,-0.06973000562481009,0.011274022193966858,0.03625285655667935,0.03796542091099776,1
937.0092313956039,-0.06204707023307302,0.01260558442203553,0.02604062025858906,0.028931205679561714,1
938.0092412476803,-0.06907349491289476,0.009873301322138666,0.0267039728064711,0.028470761188392788,1
939.0092510997567,-0.06562212038387354,0.010054933626624825,0.02228446014465669,0.024447880361590103,1
940.0092609518332,-0.07750594332952687,0.030013813063743334,0.024507922573124338,0.038748770864062095,1
941.0092708039095,-0.07324867700142233,0.01703930286513968,0.025642504886639515,0.030787593264029082,1
942.009280655986,-0.07958496103270463,0.03318716630646209,0.02559184704998961,0.041908598674768816,1
943.0092905080623,-0.0730484220112422,0.019673947216025903,0.027934624785137488,0.03416734495019171,1
944.0093003601388,-0.07074574415936954,0.017501778464888477,0.030169879242340356,0.03487884549309844,1
945.0093102122153,-0.06974971083714974,0.017556435159788258,0.0320029556388,0.03650229561464388,1
946.0093200642916,-0.08072408744097477,0.010207935357925113,0.0327236823903907,0.034278875907163935,1
947.0093299163681,-0.07323235582271082,0.015769784610718877,0.033659224050888295,0.03717027670567389,1
948.0093397684445,-0.07206363273554725,0.0172037615745687,0.0286015829166118,0.03337693751155768,1
949.0093496205209,-0.07413105767966499,0.016452435418592544,0.02618939742782733,0.03092842008308292,1
950.0093594725973,-0.07270885730802742,0.017703188071007243,0.021950785670775193,0.02819999750783256,1
951.0093693246738,-0.09276117587855026,0.03111636090537559,0.01753011272716086,0.035714601610833535,1
952.0093791767501,-0.07717878032900671,0.017658746100773014,0.019002403104792825,0.025940752448774616,1
953.0093890288266,-0.07741503574148721,0.02196659173504971,0.016120300839352245,0.02724693104930489,1
954.009398880903,-0.07736828947260019,0.01719539098636959,0.013827973289026584,0.02206568187154327,1
955.0094087329794,-0.0671001799361477,0.0038014935784154956,0.013602501864987635,0.014123718009565554,1
956.0094185850559,-0.06735795121245555,0.0206490827179616,0.013612161281109026,0.024732075364516905,1
957.0094284371322,-0.07051864186307928,0.008157547194183027,0.013646899370048971,0.015899164715215904,1
958.0094382892087,-0.05904663950264778,0.017751825325718004,0.013120585636705642,0.022074353214645487,1
959.0094481412851,-0.07228129043932086,0.001614484910098333,0.013157110065068707,0.013255795215273487,1
960.0094579933615,-0.06360801022401574,0.041740363879522464,0.01179334155270494,0.043374426587261074,0
961.0094678454379,-0.04012086577679546,0.027422399966475407,0.011718135531391444,0.029821179055386275,1
962.0094776975144,-0.03733358104989699,0.01801268849517173,0.010862125208319513,0.021034322210741713,1
963.0094875495907,-0.030308110124167342,0.017207174770033307,0.01016517485826533,0.01998543578372962,1
964.0094974016672,-0.028545901763460994,0.022376819570556913,0.012929494161837288,0.02584364280387429,1
965.0095072537435,-0.013594607814452177,0.0193349366563396,0.023649619537926752,0.03054741036149139,1
966.00951710582,0.010302545341976574,0.019892703420607536,0.02370329001491594,0.03094455698360318,1
967.0095269578965,-0.02347556820579046,0.016391721080252036,0.02086495882977416,0.026533658378387056,1
968.0095368099728,-0.026613502054232185,0.007513429202693061,0.02165590185667403,0.022922253458370505,1
969.0095466620493,-0.01849445093299908,0.017103281352825316,0.02087408892017687,0.026986104225718704,1
970.0095565141257,-0.025918133073744798,0.01259065129312268,0.023090979935169,0.026300529545075498,1
971.0095663662021,-0.012850520468889823,0.020416304083576507,0.03250886827043132,0.03838817511496631,1
972.0095762182785,-0.019376882164043048,0.016927091364367115,0.03043424389423946,0.03482484204517924,1
973.009586070355,-0.02861178745921696,0.009423394245625492,0.0334300803107395,0.034732846538845334,1
974.0095959224313,-0.022479798522916945,0.01599353602498859,0.03124808629214942,0.03510322052895182,1
975.0096057745078,-0.03390718451979069,0.0038813757617679944,0.030417450075137003,0.030664088880602538,1
976.0096156265842,-0.02639311132694644,0.011337394418349597,2.4739627672544215,2.473988744977097,1
977.0096254786606,-0.05189573126172794,0.04767123826969548,29.57919974137868,29.57923815596566,1
978.0096353307371,8.209614153955451,6.7546702693685665,32.71938034551645,33.40933134084638,0
979.0096451828134,6.957493332081668,0.48450178654616544,33.51016192464265,33.51366429080736,1
980.0096550348899,6.437648457677876,0.5476886319645358,30.633169617205446,30.638065272370937,1
981.0096648869663,5.695403719783457,0.0820325230641089,21.643119156903193,21.643274617643936,1
982.0096747390427,-0.05709090872410153,0.0030307959388775987,14.387535198209955,14.387535517435028,1
983.0096845911191,-0.06508651197619315,0.008035446564166304,14.691301299185957,14.691303496690296,1
984.0096944431956,-0.06781182265436314,0.007477308199912426,11.016760809895523,11.016763347398717,1
985.009704295272,-0.06288811401635996,0.017388033034957066,10.366884598217242,10.366899180393657,1
986.0097141473484,-0.07083275525931754,0.006494588385501265,10.12773306797206,10.127735150356818,1
987.0097239994248,-0.046053227051572776,1.7239078923104104e-05,0.03030011320030981,0.030300118104347892,1
988.0097338515012,-0.05248802759606568,0.019459951167536613,0.027886261711970152,0.034004900995465374,1
989.0097437035777,-0.05574269165974973,0.005438009172707072,0.025370974516320786,0.025947221270691878,1
990.009753555654,-0.041272503752973456,0.0009260759632756501,0.023302210651639656,0.023320605436890903,1
991.0097634077305,-0.043199471043684365,0.017624493265000426,0.02254963447074736,0.028620076478101223,1
992.0097732598069,-0.03734518670471232,0.009309109147214924,0.0226942382744687,0.024529328649050317,1
993.0097831118833,-0.02607490947139013,0.019315435654629596,0.024591195350850213,0.03127000069254578,1
994.0097929639597,-0.021093909611957024,0.016405057311560778,0.02769693632228854,0.03219077798122468,1
995.0098028160362,-0.010945980263402686,0.019098019594402278,0.029350392222971346,0.03501685131576553,1
996.0098126681125,-0.010523870294779922,0.01827614594383059,0.02901857305509541,0.03429424285086499,1
997.009822520189,-0.01693888353943862,0.006463529154388772,0.023065621052738284,0.0239541245650547,1
998.0098323722654,-0.011081107629905773,0.008140988267923255,0.02188922658585132,0.02335409879454149,1
999.0098422243418,0.34009511431732636,0.33470964035201034,2.128330543379254,2.1544886737287814,0
1000.0098520764183,6.469077280239759,0.03311012533568428,23.197188344065726,23.197211973650163,1
1001.0098619284946,6.7885440232612195,0.23260922287459412,23.62211787645103,23.623263111168907,1
1002.0098717805711,7.1376323236329995,0.6295019198677461,31.198473421453972,31.20482360944037,1
1003.0098816326475,13.781301793964483,0.4758663706762079,33.071982735415034,33.07540613287055,1
1004.0098914847239,-0.00765602029046164,0.007282757553007079,18.07283552613929,18.07283699349496,1
1005.0099013368003,3.0359564819736096,1.7093637565814295,21.412109965369762,21.480232252501395,1
1006.0099111888768,29.325880534924,0.13041946417824735,45.60352553760908,45.603712027597055,1
1007.0099210409531,28.905965672907964,0.13002340136513352,45.4593471500526,45.45953309696326,1
1008.0099308930296,28.28484716961026,0.7497882609162454,52.59753654491264,52.60288046323727,1
1009.009940745106,19.829998245543027,9.314308499006032,46.97299662460498,47.88756367481861,0
1010.0099505971824,16.01793690023211,0.08879249312689289,44.61724622857122,44.617334581166865,1
1011.0099604492589,15.79520079518555,0.08965938003647882,45.950975421697,45.95106289314569,1
1012.0099703013352,14.811952765825998,0.10426836836157381,45.08409847538555,45.0842190486971,1
1013.0099801534117,7.519003523773942,0.08479005341515947,38.72113074451667,38.72122357941588,1
1014.0099900054881,6.9483834802769735,0.4840719436685998,37.9111612949913,37.91425162628815,1
1015.0099998575645,6.477401167550433,0.6784559289051375,32.39535964999743,32.4024633214845,1
1016.0100097096409,4.433796492576249,5.2869007905507175,24.534000356287443,25.097180986147393,0
1017.0100195617174,-0.0499665267111169,0.007023539522778141,20.57666394535036,20.57666514404093,1
1018.0100294137937,-0.049793094812571326,0.0008152848096189638,11.07003774288507,11.07003777290707,1
1019.0100392658702,-0.04431753487664025,0.013882638935685093,10.990138308233169,10.990147076438879,1
1020.0100491179466,-0.04732625379797639,0.01621521491987368,10.168910271475951,10.16892319975542,1
1021.010058970023,-0.056761154242675756,0.03566656473156244,0.02529581004576116,0.0437262146271772,0
1022.0100688220995,-0.026522835374692022,0.0002039844054752958,0.02335072760465215,0.023351618558556945,1
1023.0100786741758,-0.033817269948615704,0.017761642480586894,0.023630920970471942,0.02956173826960924,1
1024.0100885262523,-0.022738685632118307,0.013789907890661677,0.022724478232439567,0.02658126164367585,1
1025.0100983783286,-0.018928685590761267,0.018890277665214446,0.02285704521753407,0.02965277569377438,1
1026.0101082304052,-0.017843177291090178,0.015905752635322092,0.02314804507838565,0.02808602780471154,1
1027.0101180824815,-0.009534124152846093,0.013722798691574707,0.023265206272601167,0.027010831657617747,1
1028.0101279345579,-0.01775548097008084,0.008140667034418972,0.024330575282242882,0.02565633164211447,1
1029.0101377866345,0.0030000412628591482,0.016038904024811423,0.026952470084277053,0.03136370650865362,1
1030.0101476387108,0.014837093535267817,0.0010633269896244816,0.02716801831178196,0.027188819085723154,1
1031.0101574907872,0.007351018105363697,0.015102953179018492,0.029005609279053726,0.03270205749454845,1
1032.0101673428637,0.007490343097918147,0.005894248535919199,0.030709199646126267,0.03126974749992118,1
1033.01017719494,0.011136230580612099,0.01517546534608568,0.030533868070766936,0.034097094419220646,1
1034.0101870470164,0.0065641325000108785,0.033618065148524647,0.036936505381758966,0.04994476683444579,0
1035.010196899093,0.03700501880622811,0.049721546551566104,0.03722649029982056,0.06211315296716299,0
1036.0102067511693,0.04752495402572663,0.03918333032689282,2.839853986767072,2.840124292972464,1
1037.0102166032457,0.01728783894533592,0.004041297658635042,38.25459415020546,38.25459436367115,1
1038.010226455322,58.23286992223924,0.0943362944517102,46.02135302639869,46.02144971333331,1
1039.0102363073986,57.97406061586347,0.090934865390526,53.1389683795728,53.13904618634947,1
1040.010246159475,57.984413939495354,0.3313157984605702,53.08736627635522,53.088400129578275,1
1041.0102560115513,57.18113843635797,0.004999742579953744,52.74747972296755,52.74747995992129,1
1042.0102658636279,55.135456394417155,1.7073154988600205,56.386116257510395,56.411958243072235,0
1043.0102757157042,27.57883242320839,0.05053109312992212,54.60037955404312,54.60040293658046,1
1044.0102855677806,18.568721102572304,0.07273607222297457,51.08952623805479,51.08957801514014,1
1045.0102954198571,15.976102917781484,0.08732989752607853,48.38642094106765,48.386499749384555,1
1046.0103052719335,15.737754777796951,0.08868706046407947,46.665685210061504,46.665769483843796,1
1047.0103151240098,14.764235982345461,0.030794415450837057,45.25760243141924,45.25761290806694,1
1048.0103249760864,7.472930110735298,0.022299034876723245,38.29511962807415,38.29512612037551,1
1049.0103348281627,6.529554348463094,0.057511674432820306,36.452298311189146,36.45234367994216,1
1050.010344680239,5.875599237877144,0.15892466951502365,31.405661496811287,31.406063604069764,1
1051.0103545323157,-0.023142851643086715,0.01249711748902548,20.886959888074998,20.886963626721798,1
1052.010364384392,-0.03545739767168499,0.003756550799047902,20.53950718757898,20.53950753110411,1
1053.0103742364684,-0.03635323510017656,0.003552539760032402,11.039611979492689,11.039612551095134,1
1054.010384088545,-0.035997869092813065,0.004312553980527227,10.389644044028291,10.389644939059966,1
1055.0103939406213,-0.04007722442320301,0.004740047926225681,10.144316054868684,10.144317162289479,1
1056.0104037926976,-0.022914287220783893,0.01097182571786303,0.03693399985651332,0.03852922663361006,1
1057.0104136447742,-0.022530115308768472,0.003834583609073473,0.03636707595382832,0.036568678467870465,1
1058.0104234968505,-0.02342984886932224,0.00505457846379154,0.037991165340459515,0.03832593648396289,1
1059.0104333489269,-0.012926528922881582,0.013030789598215268,0.03736237030016601,0.03956953616103786,1
1060.0104432010032,-0.019355863362733317,0.008489841717996743,0.037308857942668944,0.038262622667335405,1
1061.0104530530798,-0.012345097452578103,0.0037141981487155205,0.03775187363036132,0.03793414333408218,1
1062.0104629051561,-0.006586596844575372,0.007364219871846174,0.03768937239345519,0.03840209012193785,1
1063.0104727572325,-0.010091005387403129,0.003117725256156297,0.039018416470056945,0.039142777553511525,1
1064.010482609309,0.002974549659526815,0.007535512439758207,0.03968694810519316,0.04039601215013736,1
1065.0104924613854,0.001672612574296295,0.006545455260258988,0.0408098686420989,0.04133144521002646,1
1066.0105023134618,-0.003344734399756059,0.0057792073898881285,0.03655364988487074,0.03700768241812837,1
1067.0105121655383,-0.0007435487968864761,0.009884287483355986,0.0323824617376367,0.033857391619011835,1
1068.0105220176147,0.00020778527755282994,0.011785978598896378,1.324832969391127,1.3248853935632487,1
1069.010531869691,-0.017928799553099378,0.03931239711190599,17.69979537167234,17.699839029314372,1
1070.0105417217676,6.552037886462543,0.004690753610267516,21.76944628017219,21.76944678554033,1
1071.010551573844,7.211328972924161,0.668810330013524,26.05696100669409,26.06554285185538,1
1072.0105614259203,14.722286673040337,0.0201083997843694,32.105599731946924,32.10560602909922,1
1073.0105712779969,13.959642860860455,0.5718469288801433,31.48710914266635,31.492301457217327,1
1074.0105811300732,-0.007484563169853686,0.0011001440591078273,22.538557142710086,22.538557169560008,1
1075.0105909821496,0.015147055181847691,0.011332779643395989,19.53971516030128,19.539718446733108,1
1076.0106008342261,1.9830568449618795,2.171705895086554,9.607162042555998,9.849561868767688,0
1077.0106106863025,28.762990083001007,0.12566751913473015,42.40038480882096,42.400571036973794,1
1078.0106205383788,27.48283692757151,0.09454374508712178,48.88732009128812,48.88741151081532,1
1079.0106303904554,18.543535596416877,0.06465824921425303,46.29959258486225,46.299637733068955,1
1080.0106402425317,15.943899733770996,0.0877103413110298,44.5401337361174,44.54022009751631,1
1081.010650094608,15.32182356544223,0.3821856257851225,42.30605719701487,42.30778346131655,1
1082.0106599466844,13.332109152427412,7.004183284208367,40.88761446783816,41.48319660235157,0
1083.010669798761,6.6169470977912015,0.007312690363150582,37.8832559528174,37.88325665860995,1
1084.0106796508373,6.536497019046692,0.0269640508199615,33.56075789301735,33.56076872501229,1
1085.0106895029137,6.062443346303938,0.38720969087391865,29.62483049771577,29.6273608909585,1
1086.0106993549903,-0.02569119834170408,0.004189908014143116,20.808182771717533,20.808183193554683,1
1087.0107092070666,-0.024102863659430797,0.011285349244412842,18.09085799638909,18.090861516374023,1
1088.010719059143,-0.027537500830646877,0.0008380079413085997,10.438458997398484,10.438459031036462,1
1089.0107289112195,-0.028769347086466723,0.004799381187658234,10.367117112838077,10.36711822375726,1
1090.0107387632959,-0.02777495326137682,0.004191898018774225,10.117486876131416,10.117487744529292,1
1091.0107486153722,-0.015143782990776344,0.004291888529012292,0.024929039381401792,0.02529579632320257,1
1092.0107584674488,-0.019822262923346063,0.0007126644723976552,0.022731034998546288,0.02274220399951056,1
1093.0107683195251,-0.013535529847288785,0.005123971631853659,0.022222038087385487,0.022805132361844612,1
1094.0107781716015,-0.011605405429809442,0.008695755074849112,0.022536371181979983,0.024155831229203062,1
1095.010788023678,-0.005866616699697553,0.012846328812947817,0.02319386595729558,0.02651383755730898,1
1096.0107978757544,0.00491544987363974,0.012321951027826584,0.023489054878104307,0.026524821888162648,1
1097.0108077278308,0.004797392351036933,0.01413887783242782,0.023239782002223392,0.027202855252182353,1
1098.0108175799073,-0.0003539249717334769,0.029857737776241743,0.024856056248188967,0.03884981386477865,0
1099.0108274319837,0.009100927171977623,0.03742036008029452,0.025117215107969718,0.04506836854512178,0
1100.01083728406,0.02538637370564548,0.014397567323593197,0.02580388150442924,0.029548777394877507,1
1101.0108471361366,0.028696142892044918,0.007295347581228643,0.026035766813549962,0.027038551179759764,1
1102.010856988213,0.03245836162487795,0.013884815096789453,0.02673661428473823,0.030126975183096302,1
1103.0108668402893,0.03315750938928578,0.00959190266991151,0.028059928409848073,0.029654075254420844,1
1104.0108766923656,0.04093494119142191,0.037166039280775075,0.04042421301386319,0.05491294449954675,0
1105.0108865444422,0.05499250051939776,0.04700142602720914,0.04674709425657675,0.06629045836336088,0
1106.0108963965185,0.041061767223997236,0.029986444140323636,0.04045075381204367,0.05035325526858531,1
1107.010906248595,1.1973734243666645,0.9839271582034234,2.9992872195385334,3.1565545263684975,0
1108.0109161006715,20.261980653342803,0.10801220413507526,32.25069691821485,32.25087779188026,1
1109.0109259527478,19.005331740341077,0.2246914705649986,31.22326849676525,31.224076957982888,1
1110.0109358048242,8.542807663945041,0.010887450043527681,28.72785618160323,28.72785824469773,1
1111.0109456569007,8.40576114687091,0.06354228451593581,28.314370286880482,28.314441586662127,1
1112.010955508977,8.29770033006905,0.09305548099717792,24.732788220149317,24.732963277078234,1
1113.0109653610534,7.65619443761387,0.47989907951310123,26.480608731993218,26.48495689902917,1
1114.01097521313,-0.15645439752686913,0.010451752327457283,17.919219498396075,17.919222546495277,1
1115.0109850652063,-0.13233303494584447,0.010045997826826027,14.661546052008319,14.661549493734729,1
1116.0109949172827,-0.14808295981527664,0.037348620186681135,8.78091362474522,8.780993053445954,1
1117.0110047693593,-0.12963354613582823,0.0371680302225489,8.712153049553752,8.712232332836365,1
1118.0110146214356,-0.11902997225158884,0.03754215503001954,8.500978872689405,8.501061769409509,1
1119.011024473512,-0.11693110029149681,0.03304259502528703,0.05106465802067156,0.06082279494378123,0
1120.0110343255885,-0.0906639383731788,0.017843193983755015,0.049269513473776734,0.05240099740925337,1
1121.0110441776649,-0.05705390978498473,0.05692670623178386,0.04344804994071753,0.07161272879908225,0
1122.0110540297412,-0.041890093686002196,0.041280982379977134,0.04295732044390823,0.059577268198337176,0
1123.0110638818178,-0.008062620734577308,0.010310451973976563,0.03798091076885669,0.03935549520384074,1
1124.0110737338941,-0.012038745040030108,0.009543308773162612,0.04095056524117032,0.04204787195460989,1
1125.0110835859705,-0.02435420583271745,0.03577597568004099,0.04181794192056013,0.05503326905000488,0
1126.0110934380468,0.00424150031081386,0.013927881085627217,0.03668000988257786,0.0392353029365313,1
1127.0111032901234,0.005416945751233827,0.011274571228109789,0.03593974703244589,0.037666714392602975,1
1128.0111131421997,0.015660619079052855,0.012567546739548293,0.03562770188300521,0.03777931143516281,1
1129.011122994276,0.009871921725057575,0.02367185271455679,0.03570163743806475,0.042836474256160446,1
1130.0111328463527,0.020660764763622552,0.021750848594336413,0.036323750609362236,0.04233809481902663,1
1131.011142698429,0.02878203248024036,0.025213358726847986,0.0387759030010833,0.046252395741606105,1
1132.0111525505054,0.029690896773299613,0.01946876934988905,0.04107386479823607,0.045454321570813874,1
1133.011162402582,0.049197560530261954,0.012584814257935896,0.038309966729066114,0.040324075943397625,1
1134.0111722546583,0.049280878166038225,0.013814740228987848,0.039567961905161056,0.041910269110597365,1
1135.0111821067346,0.04682616574813535,0.008871859159865984,0.03469804868525248,0.03581430534739784,1
1136.0111919588112,0.04591494978501081,0.008917930179298752,0.02895960735563528,0.030301622677266188,1
1137.0112018108875,0.040326980422142764,0.008935907740201825,0.028497113643627472,0.02986529646863091,1
1138.011211662964,0.4008842755568417,0.3210803804996274,1.8732146190832903,1.9005329831100384,0
1139.0112215150405,6.44536580519905,0.02253369574195066,20.100488643321427,20.10050127404134,1
1140.0112313671168,6.639980092564429,0.014326559540993905,22.144873744909066,22.14487837917091,1
1141.0112412191932,7.395339391712769,0.8457756498655394,25.11491322489452,25.129150458061392,1
1142.0112510712697,5.812724782796516,5.935321583343384,21.36627194403562,22.175338082748265,0
1143.011260923346,0.013720904468220852,0.009713391235424817,14.094057848647152,14.094061195800935,1
1144.0112707754224,0.006632747461537747,0.018184771006893884,8.202967487480459,8.202987643935474,1
1145.011280627499,0.005889780916277232,0.009769989815884072,8.269266287790416,8.269272059322276,1
1146.0112904795753,0.003795487041350043,0.00750176068136621,8.67630049531098,8.676303738421497,1
1147.0113003316517,0.4523073496801138,0.4717934882281088,12.405806886947559,12.414774811158273,1
1148.011310183728,7.394998264197834,0.20589897787747677,19.30954756578381,19.31064529176481,1
1149.0113200358046,-0.15566353985640263,0.010685022197002044,8.386773052266076,8.386779858796567,1
1150.011329887881,-0.1371319782264891,0.009300959073509363,8.635198462757407,8.63520347178036,1
1151.0113397399573,-0.144022288673753,0.03267609126114498,0.02164662466046818,0.03919570511290573,1
1152.0113495920339,-0.09882319291651812,0.007921447858840355,0.16698437256510543,0.16717215682386305,1
1153.0113594441102,-0.11731049816197014,0.0331783361293666,8.478826374407461,8.478891288920734,1
1154.0113692961866,-0.10733549805900743,0.03045740897151421,0.02717843717336091,0.040820597845259446,0
1155.0113791482631,-0.09343485909675309,0.027788054889658305,0.02801808041590434,0.039461231921250825,1
1156.0113890003395,-0.03123100826218206,0.04041997980049972,0.02196383258756808,0.046002007662791444,1
1157.0113988524158,-0.03239748775496941,0.04286390506621061,0.02456170305257288,0.049402344219357484,0
1158.0114087044924,-0.0006812930319313182,0.010704427886151183,0.02752653831874576,0.029534642171240025,1
1159.0114185565687,-0.0016595551513963376,0.007834025788025807,0.02869451101475883,0.029744695702319246,1
1160.011428408645,0.004710674956795303,0.007804448668679165,0.03132236998861612,0.0322800291314275,1
1161.0114382607217,0.0015862352295649934,0.008596407483886164,0.031179305777312732,0.03234265496807863,1
1162.011448112798,0.011150082585467251,0.008872439841697517,0.03219757317614149,0.033397663199354645,1
1163.0114579648744,0.01596960162247082,0.011570701379511782,0.03369722920692322,0.035628421051707514,1
1164.011467816951,0.016632810801289515,0.010850894516738005,0.03395783526067947,0.03564935465621812,1
1165.0114776690273,0.01839708918558358,2.8596554275995e-05,0.03552265782480557,0.035522669335244735,1
1166.0114875211036,0.025275390829960998,0.011412946112787299,0.03588488620240488,0.03765608047491049,1
1167.0114973731802,0.02834223633935348,0.008992525323679713,0.036755129744925064,0.037839200232870886,1
1168.0115072252565,0.028459651806688017,0.03164125174137735,0.037355519948870784,0.04895511906237895,0
1169.0115170773329,0.04113221233683362,0.012636368116133315,0.03812818515805116,0.04016760264956154,1
1170.0115269294092,0.04715773274116535,0.009091236126899419,0.03904899268116708,0.04009332118606391,1
1171.0115367814858,0.047618607103410274,0.00872993376307883,0.04112315722327778,0.0420395742547206,1
1172.0115466335621,0.0443478722864711,0.006809554482147733,0.9634256400207145,0.9634497049050192,1
1173.0115564856385,0.39850352087122093,0.39928284364095923,14.240631888697814,14.246228391354082,1
1174.011566337715,6.01806657553603,0.24693836758440224,18.772032221474255,18.773656337577208,1
1175.0115761897914,0.010504909256236974,0.04348498017451232,10.889187922562003,10.889274748869687,1
1176.0115860418678,0.010484713462869878,0.00922126958826091,11.411666869200866,11.411670594852865,1
1177.0115958939443,0.011624746918916648,0.01320739704327745,0.17210525564532803,0.17261128108383442,1
1178.0116057460207,0.014626469833774535,0.010321760363218618,13.590345519296095,13.590349438943372,1
1179.011615598097,0.016658856495742686,0.010319433337330323,8.071876594414453,8.071883190814908,1
1180.0116254501736,0.014343504288547138,0.008023371793267259,0.044732559910763706,0.04544641252181586,1
1181.01163530225,0.021689036551788377,0.0027973807457155673,0.8620343853447462,0.8620389242115062,1
1182.0116451543263,1.008072495172776,0.9262273301679662,13.104988452875434,13.137679377163554,1
1183.0116550064029,16.39940322190259,0.07664914580260455,30.11936163901903,30.119459169008387,1
1184.0116648584792,7.7296639708891535,0.009016045836663168,24.26471681950667,24.26471849455362,1
1185.0116747105556,7.603602470836857,0.05637342936670548,28.869781800226516,28.869836839792303,1
1186.0116845626321,7.264956435858302,0.39782484023700526,26.24365662030875,26.246671739635577,1
1187.0116944147085,-0.11665822699639723,0.013609452529154815,18.087140350339,18.087145470473203,1
1188.0117042667848,-0.10969528968400936,0.011788138330474433,18.502771116335634,18.502774871453997,1
1189.0117141188614,-0.10673694819261723,0.035789537910566376,13.590836876056038,13.590883999305875,1
1190.0117239709377,-0.093322229274861,0.027255627828768544,9.646065379807665,9.646103886065728,1
1191.011733823014,-0.007562630384143176,0.010612314079027357,9.395639390555548,9.395645383823782,1
1192.0117436750904,-0.0355828172311716,0.044425505011629375,0.035222682531530505,0.05669446939742263,0
1193.011753527167,-0.012555885134247546,0.017962356602127253,0.035576512311974416,0.03985391427433511,1
1194.0117633792433,-0.007645717657055684,0.01956866004181401,0.03613887165021496,0.04109684294423112,1
1195.0117732313197,0.0017428671711822322,0.009171793350792795,0.03704540689016354,0.03816390919346999,1
1196.0117830833963,-0.00035870781181301936,0.009322679170723954,0.03621773286688041,0.037398349173953654,1
1197.0117929354726,0.00965093308475064,0.008365616730971564,0.03733730842381458,0.03826301273585976,1
1198.011802787549,0.0019500276570383335,0.020118790888081297,0.036265047352065316,0.041471911051287266,1
1199.0118126396255,0.002653471478494238,0.025765577073269097,0.03653094173931514,0.044703184073170976,0
1200.0118224917019,0.010173355100979128,0.029518438477711927,0.03743919910343759,0.047676323680306,0
1201.0118323437782,0.01011351643223356,0.026578876824504036,0.03701709044174324,0.04557084241073843,0
1202.0118421958548,0.022220024842390274,0.017537171582412976,0.03618300563843576,0.040208982630030164,1
1203.0118520479311,0.021578739233847146,0.027886458668712352,0.03656100204725726,0.0459821862005424,0
1204.0118619000075,0.02975761156150409,0.029130694559528655,0.03657319441009259,0.046756773999913424,0
1205.011871752084,0.04309659639497138,0.02850468774898421,0.03713671871879426,0.046815094797147794,0
1206.0118816041604,0.042225326342481315,0.02734107571701969,0.03693506902722927,0.04595360427006781,0
1207.0118914562368,0.05341201237629889,0.016976737195310905,0.038853030932016516,0.042400089839561485,1
1208.0119013083133,0.07486575794584699,0.03659515194907688,0.04586023462567038,0.05867168197774427,0
1209.0119111603897,0.08022728641053492,0.037914280148053765,0.04666537265749113,0.06012611449617898,0
1210.011921012466,0.5033506628542896,0.35920803854847394,1.8234672367561648,1.8585110111271888,0
1211.0119308645426,7.145147501116052,0.5374791233124713,19.18123561586519,19.188764513624424,1
1212.011940716619,7.397941100779456,7.013067489434121,20.76214398392422,21.914601032657618,0
1213.0119505686953,8.15038947783114,0.00393004448806954,18.52692727208629,18.526927688918754,1
1214.0119604207716,7.004209357509353,0.020097496032177795,17.800213088764053,17.80022443439278,1
1215.0119702728482,6.951302763698481,0.017378438942840958,18.259534494083347,18.25954276401136,1
1216.0119801249245,6.89863780130757,0.03718798320417553,18.44821290453053,18.44825038633695,1
1217.011989977001,6.718770908773195,0.01237035986999225,18.905420013849,18.905424060989628,1
1218.0119998290775,5.894312048182087,0.015731663234728386,18.31273295695464,18.312739714143287,1
1219.0120096811538,5.8358926793533685,0.027274733291818922,17.952335070429054,17.9523557894788,1
1220.0120195332302,5.76015538790882,0.03304966581972994,17.726523818295426,17.726554627479246,1
1221.0120293853067,5.466738594112144,0.27494908405486246,17.04117252521876,17.043390450056975,1
1222.012039237383,2.8652618872340616,2.8646988868987306,12.25549016335813,12.585846767570576,0
1223.0120490894594,-0.07979539541932468,0.028070820558636064,9.987014893216891,9.987054342913272,1
1224.012058941536,-0.07010468212915352,0.03616609126809193,8.028705663689264,8.02878712012678,1
1225.0120687936123,-0.036544725189152416,0.04564435602221588,5.824283921918237,5.824462774398336,1
1226.0120786456887,0.0001182613479012876,0.03774165137801423,5.677522532102724,5.677647975595429,1
1227.0120884977653,-0.010352139645666133,0.041208004242424705,0.047083540671167746,0.06256963653224462,0
1228.0120983498416,-0.0007682546899698334,0.03147155789478447,0.04586182077026836,0.05562162853323327,0
1229.012108201918,0.006190085475035782,0.03229719558725337,0.04820968079510178,0.05802828762911159,0
1230.0121180539945,0.01943956673215297,0.017748564809536016,0.04774845827589508,0.05094042422794684,1
1231.0121279060709,0.020278984813614898,0.02676345450120472,0.04943231722719313,0.05621242285552109,0
1232.0121377581472,0.040217847964299835,0.012495318221390108,0.04968757982448631,0.05123464224788246,1
1233.0121476102238,0.028968212796699946,0.02581456027511224,0.04758105832582563,0.05413269468263171,0
1234.0121574623001,0.044121105380475,0.005559637482180166,0.04899433820670872,0.04930876945581405,1
1235.0121673143765,0.041589462137772495,0.027617702076017304,0.04835315178092955,0.05568451090841385,0
1236.0121771664528,0.053725239154722715,0.01738872105431258,0.04781621501012167,0.05087983920767516,1
1237.0121870185294,0.055999691275316205,0.02757454833981928,0.046987525588038426,0.054481035939412864,0
1238.0121968706057,0.062064833448327285,0.027569586674192865,0.04648406117799592,0.054044889240200136,0
1239.012206722682,0.07442302892285113,0.01621026131735485,0.04640928615788252,0.04915886912512489,1
1240.0122165747587,0.08021603928684076,0.009819485491772889,0.0437915658170771,0.0448789876449384,1
1241.012226426835,0.06572109891115474,0.013223255649827698,0.03801755349181852,0.04025156970211202,1
1242.0122362789114,0.07096668902833667,0.01185644045478882,0.0408654460306779,0.04255067401985779,1
1243.012246130988,0.0643989937883589,0.002311587092919255,0.04254808601830577,0.04261083264510678,1
1244.0122559830643,0.05686703815917582,0.02236212371253174,0.04319180122912873,0.04863739580149353,1
1245.0122658351406,0.05055305063297687,0.030041177804099994,0.052013666260356105,0.06006574599304713,0
1246.0122756872172,0.05673686763973507,0.020468288976901713,0.05094943593622917,0.05490715687286928,1
1247.0122855392935,0.05386027877856097,0.025847152345695592,0.05330232553536026,0.059238612339074216,0
1248.01229539137,0.07211275441523769,0.011467822973106943,0.05261101768818192,0.05384635684917513,1
1249.0123052434465,0.06213510798097843,0.015865135775156015,0.05330401030486824,0.05561492648332492,1
1250.0123150955228,0.46657436016739795,0.3495902450882104,1.4842710687366831,1.5248848956395267,0
1251.0123249475992,6.8026929073542535,0.012264322481645808,15.35910054124221,15.3591054378044,1
1252.0123347996757,5.980762280393913,0.016685993905979253,15.853123835932827,15.853132617240485,1
1253.012344651752,5.9146803108190795,0.029571941180630158,16.866326094063428,16.866352018471275,1
1254.0123545038284,5.837124107500642,0.02933103021784757,16.64339462229389,16.643420467642304,1
1255.012364355905,5.757786512479228,0.09162253778040713,16.52151032071637,16.52176437209316,1
1256.0123742079813,5.323844917272616,0.4822792947715826,16.864374807668842,16.871269394200926,1
1257.0123840600577,2.8708449241760325,2.854463271184762,12.23284865906905,12.561470729266947,0
1258.012393912134,-0.05958164689641876,0.02745746363197245,9.827762900040875,9.82780125621845,1
1259.0124037642106,-0.05606006213871036,0.0331316048932865,8.019151724942418,8.019220167253781,1
1260.012413616287,-0.02262171422209036,0.04601815735934066,5.809335307523614,5.8095175691314695,1
1261.0124234683633,0.014398647717363084,0.0368695040764713,5.401811557357531,5.401937380378659,1
1262.0124333204399,0.0020597660803534585,0.03769367642643195,0.05225620916291372,0.06443232603762447,0
1263.0124431725162,0.015356721569541302,0.030301334358837678,0.050127919918649545,0.05857456119593742,0
1264.0124530245926,0.0177299445504357,0.03200113503784182,0.05150220515843304,0.060634559286693215,0
1265.0124628766691,0.030604377316350906,0.015652122160527943,0.04850514027264441,0.0509680052679816,1
1266.0124727287455,0.042957097642459176,0.01073370279652489,0.04977453546710127,0.05091872697436424,1
1267.0124825808218,0.037969712693865176,0.019293410916280968,0.04835094954581449,0.052058140830866864,1
1268.0124924328984,0.049266638807767195,0.01280016763591529,0.04605362973688478,0.047799383923327,1
1269.0125022849747,0.059391928154403625,0.013908214856962175,0.04529720696043672,0.04738433706325393,1
1270.012512137051,0.04816655987778202,0.02532748914772619,0.045155546949084385,0.05177359488000763,0
1271.0125219891277,0.05895842271826268,2.1366652934381467e-05,0.04444405222341873,0.044444057359469664,1
1272.012531841204,0.0710724570452937,0.012167048127092924,0.043445271452762946,0.045116833573858595,1
1273.0125416932804,0.06764211901904421,0.02626442391362823,0.044492979797904925,0.05166667412183159,0
1274.012551545357,0.09196809309088394,0.015091462051236973,0.04598529391187972,0.04839834173818239,1
1275.0125613974333,0.07705908732019554,0.026739671079962665,0.04721249409017469,0.0542589127027014,0
1276.0125712495096,0.08373517403445874,0.01413855404614779,0.04658309819641096,0.04868145178702365,1
1277.0125811015862,0.0749716071675337,0.015594872068678595,0.048780991814100415,0.05121313500661509,1
1278.0125909536625,0.05983366503851231,0.03179000680411862,0.04948939432395333,0.05882010441301216,0
1279.0126008057389,0.057378198841212855,0.033292223358521805,0.04887607034592832,0.05913748716857894,0
1280.0126106578155,0.04869680635932304,0.03199165168596481,0.04772242806384152,0.057453423900622524,0
1281.0126205098918,0.04391237120000824,0.030078996659665028,0.047783879859655744,0.056462777247441115,0
1282.0126303619681,0.04535909576870583,0.02900764558751721,0.04743577956889305,0.055602128429041435,0
1283.0126402140445,0.048704955303577435,0.018831826238833373,0.04680110115661646,0.0504478022213204,1
1284.012650066121,0.04622675686084676,0.026128250974852094,0.04393478640109037,0.05111703194742722,0
1285.0126599181974,0.06254982111457659,0.01023670387521062,0.04202772468266009,0.0432564416963558,1
1286.0126697702738,0.051320082498669706,0.014210002473070828,0.40744191264393315,0.4076896323788859,1
1287.0126796223503,0.40910545776731055,0.3284399495239217,6.072821957056599,6.081697075862297,1
1288.0126894744267,5.888781748031636,0.014705331113787641,14.454427593777243,14.454435074070247,1
1289.012699326503,5.784630765100701,0.06192895644309244,15.500425311771464,15.500549023871756,1
1290.0127091785796,5.438949435613814,0.3650741511301677,16.118233907534115,16.122367798614626,1
1291.012719030656,4.686324875378868,0.2239999166240156,15.040275805075604,15.041943765863179,1
1292.0127288827323,-0.05714923587158864,0.028191404196846633,11.110377866388372,11.110413632678274,1
1293.0127387348089,-0.0419805493165768,0.027038382344995636,9.657095051614053,9.657132903197951,1
1294.0127485868852,-0.043381055336729854,0.028889863097712458,8.005808161782415,8.00586028777993,1
1295.0127584389616,-0.0015399605025905316,0.048632803388986116,5.533292326546713,5.533506042337552,1
1296.0127682910381,0.013160973666295206,0.04435829266906104,5.390008323189481,5.390190848400491,1
1297.0127781431145,0.014466242762030864,0.03364996522412771,0.0436259043848215,0.05509573207589307,0
1298.0127879951908,0.02579288901639782,0.030702310204390293,0.04382761432318574,0.05351160275256689,0
1299.0127978472674,0.02282017457443746,0.028388799173129222,0.045005182547161994,0.053210810692899964,0
1300.0128076993437,0.03440887382218863,0.02477027155525067,0.044634866347946216,0.05104740587747709,0
1301.01281755142,0.044882926564366696,0.004222008819238445,0.04725344270671711,0.047441682159328244,1
1302.0128274034967,0.04524017944268621,0.01762537012500971,0.045587232892914296,0.04887585779171954,1
1303.012837255573,0.051035035888776295,0.004603974056426564,0.04462600634718015,0.044862869052377956,1
1304.0128471076493,0.05197105968730082,0.02560970511746223,0.04509010453609974,0.05185532299850974,0
1305.0128569597257,0.056709417984589235,0.02300956572008851,0.04415509260739319,0.04979068505046442,0
1306.0128668118023,0.06441849270524674,0.025984320621696123,0.043081146000877445,0.05031073502663245,0
1307.0128766638786,0.06475886949220921,0.02358833916556643,0.04280586625814671,0.048874859904659965,0
1308.012886515955,0.07647977411404049,0.024324986694329517,0.03887831634356055,0.04586096880125054,0
1309.0128963680315,0.08020572879092924,0.025449287021238918,0.038740987277524494,0.0463522416407957,0
1310.0129062201079,0.08117613464439444,0.013947148948311915,0.03718122981049836,0.03971104146213607,1
1311.0129160721842,0.0613301048420567,0.02792980670486232,0.039988597075897754,0.048776654238164706,0
1312.0129259242608,0.05609133736376432,0.030925792226109118,0.04351527883008959,0.053385242497088224,0
1313.0129357763371,0.0515527854493535,0.029367843631011893,0.04492721029936135,0.053674243961313574,0
1314.0129456284135,0.05137161894364479,0.029686676572373973,0.05256032422878082,0.06036461255526537,0
1315.01295548049,0.05155059644265236,0.017667790215806185,0.05482098740854578,0.057597668976770856,1
1316.0129653325664,0.04746623372202268,0.023550984777261325,0.058966962290976324,0.06349607488502118,0
1317.0129751846428,0.06473323421467317,0.011927043026533076,0.06044484306135512,0.06161033523743092,1
1318.0129850367193,0.05209923494882989,0.022564974445713384,0.05738320494124297,0.06166044340632323,0
1319.0129948887957,0.06293930084804344,0.0012736729533893828,0.052975517869697564,0.05299082690763413,1
1320.013004740872,0.05518642925282317,0.024918930996698944,0.05031306111001703,0.056145856839828805,0
1321.0130145929486,0.05409017285681886,0.022338409418048502,0.04938787247319066,0.05420485663440594,0
1322.013024445025,0.07407340811035965,0.005849751306389338,0.05507533518772202,0.055385125587891694,1
1323.0130342971013,0.055130158957098274,0.014204031641018744,0.05593809347605658,0.05771329843801258,1
1324.0130441491779,0.05251025508766004,0.021028438548473857,0.614768527425126,0.6151280659669536,1
1325.0130540012542,0.3345228515425284,0.2953144203295676,7.912874591001975,7.918383351403193,1
1326.0130638533306,4.665710271678866,0.22044344120874332,12.546789322450087,12.548725736612441,1
1327.013073705407,-0.05952676192570152,0.025733011582833372,7.208861235105216,7.208907163702958,1
1328.0130835574835,-0.057882964098228386,0.03011671104491293,5.531982460872841,5.532064439582108,1
1329.0130934095598,-0.0487822117214835,0.0285331433327798,5.4722709811184505,5.472345368400969,1
1330.0131032616362,0.0008522686396545964,0.05399141250862476,5.530549133686121,5.53081267019061,1
1331.0131131137127,0.029465582994779044,0.012343343564884958,5.383575135055767,5.383589285311527,1
1332.013122965789,0.007062675717002599,0.03487587025363451,0.042263325728143515,0.05479520989604389,0
1333.0131328178654,0.01711063292616978,0.03241519515530656,0.04186373018256883,0.052946357587236675,0
1334.013142669942,0.015926945573697695,0.02838174307858165,0.04177801593714406,0.05050669218849003,0
1335.0131525220183,0.02912140039090774,0.024093352611235117,0.04093933642203793,0.0475028305127822,0
1336.0131623740947,0.029922142594955403,0.023335973523150297,0.041725316558121256,0.04780763225833925,0
1337.0131722261713,0.03564058125689624,0.022641367563454397,0.03980929731538583,0.04579750733269476,0
1338.0131820782476,0.043405902102607447,0.02514381623958452,0.03973140983492092,0.047019106994502194,0
1339.013191930324,0.043659111403864394,0.02190300574806542,0.04145169805153855,0.04688267198182834,0
1340.0132017824005,0.054259387865222664,0.01965552056634831,0.04315554672684207,0.04742088887849732,1
1341.0132116344769,0.05334058091059054,0.024472751922852205,0.0425961739868114,0.04912585495431275,0
1342.0132214865532,0.05814831785712471,0.01516044754901999,0.043027609322299126,0.045620328077283584,1
1343.0132313386298,0.07028136365600328,0.02687261856207684,0.04395233584672982,0.05151645809609399,0
1344.0132411907061,0.07103340158887603,0.0226332312453171,0.0440213517940586,0.04949891484043124,0
1345.0132510427825,0.0698792599991849,0.01988494464666884,0.042636052131687516,0.04704512689936184,0
1346.013260894859,0.06907807330278122,0.023662369308848824,0.04316120274679676,0.04922191731188909,0
1347.0132707469354,0.058936914884592774,0.02201238907406684,0.044093104833679425,0.04928232103525504,0
1348.0132805990118,0.06249701630283274,0.025579775831481907,0.043874973578585885,0.05078718576679038,0
1349.013290451088,0.059214385591032065,0.024297707835783645,0.0435142470873695,0.04983842198197839,0
1350.0133003031647,0.05623118122813114,0.023913736636991614,0.04316768320178633,0.049348917647230935,0
1351.013310155241,0.05656285279949063,0.023103765626289796,0.04417058940463462,0.04984801856109579,0
1352.0133200073174,0.057925079024010354,0.022841105655485736,0.05286049813712557,0.05758427190535727,0
1353.013329859394,0.058156862267061626,0.01595310805720649,0.05069600529559661,0.05314684007178664,1
1354.0133397114703,0.046623479405620095,0.02228181234280947,0.05008734476276529,0.05481989845543576,0
1355.0133495635466,0.04399031452859011,0.023691473803337595,0.05157097534621609,0.056752545574046805,0
1356.0133594156232,0.04724606226945601,0.02298260297337395,0.04935607710784533,0.05444467271374961,0
1357.0133692676995,0.05379094019597611,0.023423532102283512,0.049585869890476614,0.0548399521238119,0
1358.013379119776,0.052892407833351425,0.020023650637583792,0.04815085451130756,0.05214835927452672,0
1359.0133889718525,0.061997835729205995,0.023137977587141274,0.04809983012497553,0.053375646739637315,0
1360.0133988239288,0.06345457414237722,0.02060277386787023,0.04720712546894088,0.05150715470777747,0
1361.0134086760052,0.06384443358482234,0.018580389253896906,0.04610133812161342,0.04970477081155947,0
1362.0134185280817,0.021990973423808353,0.052485085373321826,0.04011753317086527,0.06606134008904418,0
1363.013428380158,0.0036507560048448795,0.04996698287633153,0.03976970960886589,0.0638617975016138,0
1364.0134382322344,0.016870885238606408,0.04584735027349674,0.040050108350161664,0.060876848686182754,0
1365.013448084311,0.045345814403461304,0.03753249527151431,0.041483667123647545,0.055942674581502094,1
1366.0134579363873,0.03476438674096016,0.032263819957953355,0.044954123465309394,0.05533378077461823,0
1367.0134677884637,0.02374749657012545,0.02833234092990775,0.04372769333216642,0.0521040565284558,0
1368.0134776405403,0.026217127406166836,0.0237114460040867,0.046958451920760015,0.05260540731140715,0
1369.0134874926166,0.038947786044300554,0.029080157275484544,0.048601589850557216,0.05663717933626906,0
1370.013497344693,0.03923921453058357,0.022742052593157626,0.0494405581016172,0.054420306334578214,0
1371.0135071967693,0.037724647793841846,0.018977246751607557,0.050376602900208366,0.05383249960791976,0
1372.0135170488459,0.044073866096526776,0.02121549616461486,0.0486282981863604,0.05305477039826268,0
1373.0135269009222,0.04811403460629688,0.021701750560049894,0.049119166669059376,0.053699706811429236,0
1374.0135367529986,0.052250497232061356,0.019634829697446093,0.04929926165756844,0.0530654665222978,0
1375.0135466050751,0.060660972180755834,0.02245835584888942,0.04926551660728234,0.05414304086415684,0
1376.0135564571515,0.0623248686004053,0.019609837750380568,0.04793480112630818,0.05179083795050015,0
1377.0135663092278,0.06727151591348957,0.017367495286642467,0.04771564607274272,0.05077807373927054,0
1378.0135761613044,0.07749423253993529,0.022650135187476335,0.044628860328688215,0.05004761531030739,0
1379.0135860133807,0.07754645896154165,0.018185000966733755,0.04373147308235044,0.04736175670424872,0
1380.013595865457,0.07737516677844446,0.02128380950477605,0.042485268134700174,0.04751840228283107,0
1381.0136057175337,0.06279597791925401,0.02074520875083373,0.043770065531334224,0.048437406234572065,0
1382.01361556961,0.05801528936432179,0.025368395475809668,0.04490177587917284,0.051572521424888156,0
1383.0136254216864,0.0625535180143528,0.026896355325273732,0.046276400853824645,0.05352494003515784,0
1384.013635273763,0.1010621833993039,0.04331683876737731,0.059442828761552546,0.0735513318164547,0
1385.0136451258393,0.09444401616364455,0.04487190067504139,0.05696652302754313,0.07251670301412208,0
1386.0136549779156,0.05524389420863177,0.012967720058221619,0.04758997944211485,0.04932512449867022,1
1387.0136648299922,0.03603557289194015,0.02116092000884873,0.04775410452230424,0.052232547653240625,1
1388.0136746820685,0.027290419924369758,0.02397673947517924,0.04711418295037719,0.05286426270120705,1
1389.0136845341449,0.017574281966105332,0.022406376307053465,0.04856357274685615,0.05348332728199019,1
1390.0136943862215,0.01976457011330189,0.024197745843302945,0.046406111619150085,0.052336011497878795,0
1391.0137042382978,0.021096059158430255,0.022439228475870845,0.04644273065066794,0.05157951342231549,0
1392.0137140903742,0.017967541351045686,0.019306711136034296,0.04613500906996808,0.05001188015638192,0
1393.0137239424505,0.018341574100361413,0.018060522307331538,0.04655139274222137,0.04993210021873865,0
1394.013733794527,0.023285274072868054,0.020638203610684153,0.047933284942576405,0.05218750093329128,0
1395.0137436466034,0.017378488767443894,0.015422741801540466,0.0485354882968944,0.05092695346174712,0
1396.0137534986798,-0.02447766588837415,0.05033020126279929,0.04293128436970825,0.06615303724536492,0
1397.0137633507563,-0.035381447176796935,0.04599297053950933,0.034909798423200966,0.05774121028344226,0
1398.0137732028327,-0.03642118187346139,0.043576011523555586,0.03148204877498547,0.053758610244049404,0
1399.013783054909,-0.021826139229947077,0.03906644048354973,0.03580128149354957,0.052989796457762584,0
1400.0137929069856,0.03695710208786197,0.023796371277795565,0.03434226713706724,0.04178107942722857,1
1401.013802759062,0.011566776869617316,0.040411412390730206,0.024606395679009224,0.04731339091341506,0
1402.0138126111383,0.02062599342855896,0.040358770892702935,0.024034371083155134,0.04697319854270613,0
1403.0138224632149,0.037837445091064126,0.01953512053236452,0.023346489379351135,0.030441410948807306,1
1404.0138323152912,0.04678325053343239,0.022698629839101477,0.026756872635746585,0.035087861573742454,0
1405.0138421673676,0.045810135481057536,0.019134558954312264,0.022576343012700003,0.02959430029926607,0
1406.0138520194441,0.049813114586817794,0.019155476315779053,0.022356561369756462,0.02944058608730572,0
1407.0138618715205,0.05898023871984353,0.021618792256673888,0.022614624480767353,0.031285674342154506,0
1408.0138717235968,0.0607177135330264,0.01875918135950027,0.023715296289972234,0.03023776055530226,0
1409.0138815756734,0.06883174455843902,0.020452462258604066,0.025593333613098932,0.032761592419645956,0
1410.0138914277497,0.06870373163269505,0.012497114567086036,0.4683553000812215,0.46852200053644644,1
1411.013901279826,0.23630330549199244,0.18612050297265884,5.718639370292195,5.721667334709586,1
1412.0139111319027,2.768929215621332,0.14471154321659085,6.509463269917567,6.511071608663664,1
1413.013920983979,-0.039549721960033445,0.02083324194311654,2.7767667330231753,2.776844884683705,1
1414.0139308360554,-0.03523167824299175,0.02113467568855404,2.895487102454288,2.8955642343066037,1
1415.0139406881317,-0.02241408803916199,0.03503158584829963,2.8608955622382264,2.8611100345917184,1
1416.0139505402083,0.004946064945073658,0.04104463714986374,2.8264691531917747,2.82676715280608,1
1417.0139603922846,0.02842033815235507,0.037631171381119315,0.03210601307189669,0.049466161513583955,0
1418.013970244361,0.0374428446233234,0.045098106675218644,0.04231966272784716,0.061844911505217114,0
1419.0139800964375,0.047895189886711854,0.013341771678756203,0.0434208431635523,0.045424360122756455,1
1420.0139899485139,0.03240863641982767,0.02009402425223971,0.04274320096640326,0.0472308272159607,0
1421.0139998005902,0.033281479171541326,0.026095116157242294,0.04527059801832622,0.05225305859178819,0
1422.0140096526668,0.03214453441305901,0.024909138491806898,0.046254058764746635,0.052534780218600426,0
1423.0140195047431,0.03357609122740257,0.020542296195626284,0.04456756591712511,0.049073963206227124,1
1424.0140293568195,0.032615465401661936,0.011078037306491751,0.041701102253305186,0.043147477790765915,1
1425.014039208896,0.029525860716792824,0.01704398028259856,0.041883975200708454,0.04521907387914053,0
1426.0140490609724,0.029781574132837503,0.01878923889536439,0.04113247257518152,0.045220745221802056,0
1427.0140589130488,0.025744082803934514,0.017129605731769804,0.03998878778683605,0.04350317851820128,0
1428.0140687651253,0.028237317086822915,0.018410437298147824,0.04018920561366653,0.04420538937015031,0
1429.0140786172017,0.02740961533311924,0.017389666314946817,0.04116131447992824,0.04468393787772902,0
1430.014088469278,0.023842616576909375,0.017045440016802128,0.04146141936115985,0.04482852128732734,0
1431.0140983213546,0.024106363520369694,0.018540103341948236,0.04122159800338227,0.045199066073123344,0
1432.014108173431,0.02526107115614688,0.01494580859905887,0.48807360455391546,0.48830238649522445,1
1433.0141180255073,0.24578258801631137,0.19770772546977927,6.385228126616666,6.388288235016248,1
1434.0141278775839,0.03737405541238559,0.0215336461601658,7.05391373337943,7.0539466014335455,1
1435.0141377296602,0.026063817486983356,0.014093027551573562,3.6557367094080564,3.65576387393103,1
1436.0141475817366,0.015067051668879117,0.020390483683502804,3.97811846322822,3.978170720230858,1
1437.014157433813,0.016926116955833743,0.01917316071837984,3.7696096722753833,3.7696584316624837,1
1438.0141672858895,0.020543128636191454,0.01858183291082202,3.721197233565381,3.7212436275536933,1
1439.0141771379658,0.02883871819802961,0.019387080686884387,0.030349405903820896,0.036013127277072794,0
1440.0141869900422,0.02314968229097758,0.010253695904875959,0.03135326031333125,0.03298734927188273,1
1441.0141968421187,0.03583131250441182,0.017446205124941404,0.03089466413802294,0.035480281079252635,0
1442.014206694195,0.0416482710960698,0.01804638985527129,0.03023872088861673,0.03521437814001696,0
1443.0142165462714,0.04534364048331301,0.01618729184556854,0.030624965466380747,0.034639817076748874,0
1444.014226398348,0.055158469888049746,0.020158393048860784,0.031080763453043624,0.03704557554062848,0
1445.0142362504243,0.05826334527663827,0.0170044052703185,0.03065102432916725,0.03505189140437986,0
1446.0142461025007,0.05440462400790531,0.009195952874391457,0.030227895052912835,0.031595746368743065,1
1447.0142559545773,0.06825673923147708,0.014010890104497097,0.030196038716192912,0.03328822307769094,0
1448.0142658066536,0.08004728142989531,0.02086401262987142,0.02668212503859607,0.0338709731126035,0
1449.01427565873,0.0865610259131131,0.018107738726731652,0.026296955443262132,0.031928358357117124,0
1450.0142855108065,0.08657788778646767,0.021444171596409295,0.028239088621642178,0.03545840692469429,0
1451.0142953628829,0.1183549987668976,0.03025724787955066,0.018921868393806964,0.035686666316106404,0
1452.0143052149592,0.134767904081779,0.028412445107326902,0.013380185032725029,0.03140535604776394,0
1453.0143150670358,0.14142121298390167,0.032477466802493,0.013628254092680437,0.03522094773741467,0
1454.0143249191121,0.15598729579483006,0.026401466231708963,0.014031075782322527,0.029898302741014356,1
1455.0143347711885,0.11258395339744709,0.04090456630157022,0.01809730366917573,0.04472913976832011,1
1456.014344623265,-0.19278072259025217,0.019405485085639468,0.011381302475197228,0.022496819718371447,1
1457.0143544753414,-0.18402604908653433,0.019687289561351295,0.014672215013591694,0.024553273991008963,1
1458.0143643274178,-0.17101748017535914,0.021829463396596274,0.015760742884443558,0.0269244589259074,1
1459.014374179494,-0.1598165641374365,0.021629466404447673,0.011464582916645372,0.02448000160117984,1
1460.0143840315707,-0.14491849411774638,0.03072013614334798,0.01300739478834769,0.0333604419012364,0
1461.014393883647,-0.13276828762870865,0.0295652250509386,0.016577194398309052,0.03389551454738483,0
1462.0144037357234,-0.11719035160196098,0.02788188228699853,0.03264179647074034,0.04292885086632624,0
1463.0144135878,-0.10229960393004628,0.028916556153510315,0.0396065028604057,0.049039191353553536,0
1464.0144234398763,-0.09471696701041941,0.02204920449226422,0.04127915752504291,0.04679889170396016,0
1465.0144332919526,-0.08029202570641145,0.024509569876255067,0.044743435946479185,0.05101660588294478,0
1466.0144431440292,-0.022176517534426746,0.0526829280467611,0.04125658843338262,0.06691484885092193,0
1467.0144529961055,0.005427156326464099,0.01777347722857448,0.04251169294790615,0.04607754908946123,1
1468.014462848182,0.008531604343642942,0.01864884608365385,0.0436313756785364,0.04744972501346441,1
1469.0144727002585,0.008517633727322504,0.015779418454644447,0.041466380259188515,0.04436722595076678,1
1470.0144825523348,0.014439663836930726,0.016277147628468706,0.040380121721361274,0.04353733759832952,0
1471.0144924044112,0.02004223242062153,0.017141782589430273,0.04126782162655092,0.04468639403827656,0
1472.0145022564877,0.020145301515735053,0.01475843628266369,0.04169650456495055,0.04423132300128932,0
1473.014512108564,0.025964305956032756,0.017241435650150776,0.04028522472490603,0.04381970372349031,0
1474.0145219606404,0.03146127085693706,0.016967036347965713,0.04045820170959709,0.04387193189281314,0
1475.014531812717,0.03497185488074845,0.01603211530933211,0.04109325358781883,0.04410991058395501,0
1476.0145416647933,0.04247194103051141,0.018488176423316766,0.039832357148430156,0.04391388554272761,0
1477.0145515168697,0.043625003306589055,0.0153455699343546,0.03842028645197176,0.041371547320129716,0
1478.0145613689463,0.047321020546045624,0.015688935979362297,0.03790355897796543,0.04102221953235383,0
1479.0145712210226,0.05430736662413614,0.018152972179684725,0.037004266152634926,0.04121706093902682,0
1480.014581073099,0.049561887980814845,0.0009184219317291727,0.03612038007981457,0.03613205441093748,1
1481.0145909251753,0.05875845047490379,0.017305173247163422,0.035645473004119486,0.03962409326157195,0
1482.0146007772519,0.06383351549426505,0.015718021372830574,0.036990885054005905,0.04019181226264171,0
1483.0146106293282,0.06342895371470705,0.015109049482788546,0.038588077476224836,0.04144059723971752,0
1484.0146204814046,0.06652949502831183,0.015410706475743328,0.037625800700481125,0.0406594485013489,0
1485.0146303334811,0.06330174297568192,0.010438405795077986,0.03562540392300197,0.03712316958746602,1
1486.0146401855575,0.10033997900327701,0.032786760307449,0.030132236769662375,0.04453002744442346,0
1487.0146500376338,0.057950277129672635,0.02858401360039983,0.03917239410188131,0.048492497287528386,0
1488.0146598897104,0.04257854782329989,0.018404982466261675,0.04634751222841789,0.04986817892551066,0
1489.0146697417867,0.0420571752056631,0.020713834480431136,0.04876637851268201,0.05298322953657007,1
1490.014679593863,0.0526223148374672,0.03167251608673428,0.04813476598146866,0.0576203433810941,0
1491.0146894459397,0.04592280229568738,0.0156493842079882,0.050219821157787385,0.052601650765060404,0
1492.014699298016,0.052514753704984846,0.018482357212724055,0.049875128807481024,0.053189529060723564,0
1493.0147091500924,0.05097883335282126,0.01639141109847751,0.05045167803770209,0.05304762176214164,0
1494.014719002169,0.04190517742701161,0.019042742178751022,0.04821949330095839,0.051843471757662546,1
1495.0147288542453,-0.13238143406420022,0.020710607959068223,0.03434834874743255,0.04010908056424967,1
1496.0147387063216,-0.12515478594665247,0.021278205723661472,0.034986008619684046,0.04094853889890415,1
1497.0147485583982,-0.11088607718243436,0.022773338689811073,0.04891201962328764,0.053953782246564705,1
1498.0147584104745,-0.10397488583126346,0.02044784022349654,0.05051805113493976,0.05449942807294432,1
1499.014768262551,-0.1010701753264761,0.02196686332723669,0.048926083848841305,0.053631192092115074,0
1500.0147781146275,-0.08883537638469363,0.022971015438626154,0.049415804637187706,0.054493938178684635,1
1501.0147879667038,-0.0297716390252213,0.054469852819335945,0.042661167566996276,0.06918771628215124,0
1502.0147978187802,-0.010145002858644147,0.00736199008223265,0.04102429961583487,0.04167963599817879,1
1503.0148076708565,0.003412522298479611,0.019806541089367802,0.04449220753339395,0.048701700187153765,1
1504.014817522933,0.003302530841871487,0.017384256705467283,0.04115647635300269,0.04467737600841005,1
1505.0148273750094,0.0038993076246166916,0.0002704643088479551,0.03725588950034591,0.037256871224035246,1
1506.0148372270858,0.011920016061405173,0.016285303758773288,0.03806576759571146,0.04140306487648266,0
1507.0148470791623,0.006745855043943395,0.007642949034076258,0.03618096571233899,0.03697941251311244,1
1508.0148569312387,0.023410332675224608,0.019988320003482024,0.035073590341776185,0.04036941510629471,0
1509.014866783315,0.01751135981297531,0.005541636288894971,0.03442538173372745,0.0348685623487871,1
1510.0148766353916,0.022531292966561978,0.006970818967068072,0.034394618105363164,0.03509390362563577,1
1511.014886487468,0.03712752751134,0.018857101097570574,0.03411126293123445,0.03897651242181381,0
1512.0148963395443,0.03477387000738948,0.0037301173987880983,0.033643347895309324,0.03384949975130439,1
1513.0149061916209,0.04936893187031425,0.020815424167070103,0.03352450197361925,0.03946104554917732,0
1514.0149160436972,0.04966192101146305,0.01273294017907552,0.03536116894195181,0.037583773553824695,1
1515.0149258957736,0.046626420209357936,0.005455018116844078,0.03504722687394924,0.03546921671265334,1
1516.0149357478501,0.06019284556238821,0.017902711192961485,0.035330584745616435,0.039607540778566055,0
1517.0149455999265,0.057036082264043365,0.0036702557171758373,0.037830674707791834,0.03800829811865065,1
1518.0149554520028,0.061397282868702927,0.00931206026298237,0.04052756098754955,0.041583622568758534,1
1519.0149653040794,0.06452117938207332,0.005848123660729169,0.04135925524116786,0.041770666076269974,1
1520.0149751561557,0.06600733345392484,0.01314637036428374,0.04380593511759666,0.045736058042664826,1
1521.014985008232,0.10648750113656054,0.039373099830501496,0.04742164647443126,0.061636462784690815,0
1522.0149948603087,0.1236542720063009,0.011059566990851014,0.0479092581695847,0.049169208254608285,1
1523.015004712385,0.06965674413135048,0.037987586317029955,0.047402474318111884,0.06074579232895936,0
1524.0150145644614,0.03129789557348772,0.02325899384031211,0.046789064952839646,0.05225129083213853,1
1525.0150244165377,0.019394748519378675,0.01894239002148278,0.04865640270575667,0.05221359654334047,1
1526.0150342686143,0.009765635001940609,0.007633617911952659,0.04806562111413389,0.04866801881639685,1
1527.0150441206906,0.02296124006937185,0.017829924093484082,0.04785228394107037,0.051066106876833925,0
1528.015053972767,0.017035419591561803,0.016537104939841278,0.048144576411722845,0.05090556038052761,0
1529.0150638248435,0.01905288321406336,0.019589163442876534,0.035526544772332795,0.040569332110010105,0
1530.0150736769199,-0.14871670263533096,0.021059326032370044,0.03015186338112567,0.03677811955894056,1
1531.0150835289962,-0.14436678551784812,0.021137867805791716,0.035005442462512144,0.040892425427839,1
1532.0150933810728,-0.12776062655793144,0.022493132336814006,0.034874794072866463,0.041499304379064836,1
1533.0151032331491,-0.11772568353784761,0.019516623559317086,0.03292328082356106,0.03827324150556305,1
1534.0151130852255,-0.10826387214174815,0.02374816820926576,0.034773247433736894,0.04210883791300195,1
1535.015122937302,-0.08919265199539142,0.036288158894200166,0.03538687650723679,0.05068591031903388,0
1536.0151327893784,-0.04091756097205411,0.055185956967137455,0.033292981108192836,0.06445085288380001,0
1537.0151426414548,-0.004166107810801479,0.01786602108522072,0.034625101767198,0.03896270501141276,1
1538.0151524935313,-0.008633369816997012,0.01653782179926369,0.03673045140869889,0.04028182729905623,1
1539.0151623456077,-0.007886720921710832,0.017128341232952572,0.038300077582590145,0.041955643437145466,1
1540.015172197684,0.00042770310331105874,0.016548208073992356,0.0373015246277698,0.04080743719000573,0
1541.0151820497606,-0.004357235261473136,0.009085327580556773,0.038081799598184085,0.039150563698142064,1
1542.015191901837,-0.005266192199266178,0.006980251262152594,0.03809083952999128,0.03872513348953531,1
1543.0152017539133,0.007416734427996137,0.015144300770666015,0.03745353887032185,0.04039947301318552,0
1544.0152116059899,0.004719286502506748,0.01035730409939131,0.03731670053084909,0.0387273790323634,1
1545.0152214580662,0.005411445744101684,0.004860194409465914,0.03785337097977903,0.03816410858687232,1
1546.0152313101426,0.011572893379260612,0.005324885435035208,0.03655762812362905,0.03694339695969774,1
1547.0152411622191,0.012514298764707681,0.00685718841544219,0.03593061922454014,0.036579098277893185,1
1548.0152510142955,0.018643598147629552,0.006808841240701174,0.036324355742072975,0.03695699039583368,1
1549.0152608663718,0.02353746692125469,0.003266742107879183,0.03769108339105923,0.03783238521678446,1
1550.0152707184482,0.024194188139934642,0.004484079550148736,0.037316134073154004,0.03758458236534853,1
1551.0152805705247,0.0380935226229187,0.01422906304803072,0.037683155237110244,0.0402800996007828,0
1552.015290422601,0.03275043927598631,3.996392648688627e-05,0.03880504699130786,0.038805067570009864,1
1553.0153002746774,0.04519833221224366,0.01467959904656845,0.03928248346286822,0.04193571431582546,0
1554.015310126754,0.04266212669104005,0.01165132722991339,0.038485906748912786,0.04021092444230214,0
1555.0153199788303,0.02776644234445611,0.015101773599511481,0.038619076359277804,0.04146681353437507,0
1556.0153298309067,0.023218857981735,0.021857353336911484,0.04125730652522422,0.04668949814049091,0
1557.0153396829833,0.020798745998465366,0.020880485979352593,0.042575080804865675,0.04741974483561444,0
1558.0153495350596,0.016308632025470615,0.017060293846889785,0.04227276602484576,0.045585528115111046,0
1559.015359387136,0.010155838770837514,0.011918340044363105,0.04289702188135946,0.04452191949706236,0
1560.0153692392125,0.010472858409469963,0.014638023117878627,0.0443147929493455,0.046669825315110304,0
1561.0153790912889,0.015280359623185783,0.013582502772068095,0.044124777526294484,0.046167958296834184,0
1562.0153889433652,0.004783828907528055,0.011411141219733318,0.0427357617943321,0.0442330134636856,0
1563.0153987954418,-0.08635951904081038,0.09282895108740918,0.03350470544000462,0.09869032093680759,0
1564.0154086475181,-0.172083647926708,0.019347776339561144,0.023507068766327,0.030445340058381815,1
1565.0154184995945,-0.16230428662569402,0.015505163918684483,0.023141804971779287,0.027855937347307912,1
1566.015428351671,-0.14574676686419252,0.019461680417810698,0.024730392784689664,0.031469816204897465,1
1567.0154382037474,-0.1348328453450307,0.018976418290453566,0.020227253694330365,0.027735288769887758,1
1568.0154480558238,-0.13051492571358697,0.022822067703254057,0.013750838576664957,0.026644555462859744,0
1569.0154579079003,-0.11882502320849476,0.02328837203763885,0.018032849409401575,0.029453894988365016,0
1570.0154677599767,-0.10892717968754084,0.018477550089755147,0.01937093383088537,0.026770374199849165,1
1571.015477612053,-0.027333087993432464,0.014842096250329184,0.013197937923497927,0.01986135409624783,1
1572.0154874641294,-0.027073624970885897,0.013606003880788446,0.011083540888332471,0.01754902334112551,1
1573.015497316206,-0.03234453349659004,0.01218577033631578,0.013921149973379747,0.01850111929778208,1
1574.0155071682823,-0.028265064310076582,0.013824422845456468,0.012837672141929563,0.01886585521606834,1
1575.0155170203586,-0.02675015538261505,0.011176967930228673,0.011150231653499855,0.015787725549934996,0
1576.0155268724352,-0.028491371250020672,0.01096057571453075,0.011597437174628323,0.015957279499131807,0
1577.0155367245115,-0.02538938752169568,0.011869198301164025,0.012492326174433563,0.0172318333778154,0
1578.015546576588,-0.025410552795114602,0.01060862085150205,0.01286313401821272,0.016673423557908715,0
1579.0155564286645,-0.02633843936067453,0.010858913053461686,0.013808925998336611,0.017567083705902282,0
1580.0155662807408,-0.023189804244162185,0.011077581454805837,0.015325093790694166,0.018909556065160045,0
1581.0155761328172,-0.025046439383301176,0.010556698345404939,0.015555364716792698,0.018799288588356597,0
1582.0155859848937,-0.020886254306112226,0.012849225422883413,0.015586866476201925,0.02020032179236313,0
1583.01559583697,-0.018115054198921773,0.010248069601765908,0.01614681177142831,0.019124394394191266,0
1584.0156056890464,-0.019565506120689708,0.01089013658963094,0.016516911319681127,0.01978391858260211,0
1585.015615541123,-0.016089172492140986,0.012722441957410496,0.016609291587316864,0.02092197639785003,0
1586.0156253931993,-0.01599438948695959,0.009541480698749816,0.0179727416001419,0.02034844698128303,0
1587.0156352452757,-0.02276668115958576,0.007209859255799242,0.015710508121568205,0.017285894131525117,0
1588.0156450973523,-0.02377809148995564,0.013621468462043849,0.012824715342665782,0.018708760693398756,0
1589.0156549494286,0.014536230414301422,0.040901603535938025,0.01313003593760478,0.04295740932055669,0
1590.015664801505,0.041660179237112516,0.012206663806234913,0.01318760337787799,0.01796985042037536,1
1591.0156746535815,0.04188038559992232,0.009983341161576832,0.013801896100968878,0.017034066946280742,1
1592.0156845056579,0.043533718065170035,0.012678737010490566,0.014883036270365343,0.019551346265825113,1
1593.0156943577342,0.04995257671075453,0.009404007482461044,0.02715656796318317,0.028738728925774882,0
