sample_in_period,phase_fraction,mean_angle_deg,statistical_std_deg,single_frame_std_deg,total_std_deg
0.0,0.0,79.12300366137775,8.250144054229649,0.03007796135493822,8.250198882408842
0.9999403504020417,0.0003203074951953876,79.02340704733486,8.215719102815264,0.032193459088275866,8.215782177928753
1.9998807008040833,0.0006406149903907752,78.92275412816898,8.1804811571563,0.03404665511574359,8.18055200688278
2.999821051206125,0.0009609224855861628,78.81897903518801,8.144385543686523,0.035604496135794216,8.144463368715897
3.9997614016081666,0.0012812299807815504,78.7154771240871,8.10796785569214,0.03647633668324625,8.108049905623103
4.999701752010209,0.001601537475976938,78.61321826810463,8.072428001439574,0.03546649526829673,8.072505912708415
5.99964210241225,0.0019218449711723255,78.5132094327427,8.038110435032305,0.034124450491560904,8.038182869523222
6.999582452814291,0.002242152466367713,78.40957297160331,8.001476376435422,0.03279330973648654,8.001543576324359
7.999522803216333,0.002562459961563101,78.30110455729287,7.963932530371455,0.030447310581281906,7.9639907324801875
8.999463153618375,0.0028827674567584883,78.19203729775333,7.925818199954986,0.02814870537270239,7.925868185148669
9.999403504020417,0.003203074951953876,78.08654880882877,7.888990371790605,0.027415777853296165,7.889038009230287
10.999343854422458,0.003523382447149263,77.9840440709736,7.853236791013209,0.02691796902285754,7.853282923260804
11.9992842048245,0.003843689942344651,77.8805990336278,7.817200475205947,0.02602237448248914,7.81724378752088
12.999224555226542,0.004163997437540039,77.77265120468041,7.779588428780941,0.02565161894841849,7.779630719177934
13.999164905628582,0.004484304932735426,77.66273689160185,7.741256449563107,0.025514276035140403,7.741298495484075
14.999105256030624,0.004804612427930814,77.55440387470422,7.703421875762338,0.024828332837004297,7.703461886845758
15.999045606432666,0.005124919923126202,77.45040338791182,7.667105006927071,0.02415642185603609,7.667143061138422
16.99898595683471,0.005445227418321589,77.34715437319102,7.631108929432789,0.02404813219225541,7.631146821122679
17.99892630723675,0.005765534913516977,77.2400146071265,7.593756479342277,0.023939291550294606,7.593794213516241
18.998866657638793,0.0060858424087123645,77.13170940603374,7.555962634831148,0.02391596788676344,7.5560004838859305
19.998807008040835,0.006406149903907752,77.02543788603435,7.518839750402575,0.02414973296978562,7.5188785335205655
20.998747358442873,0.0067264573991031385,76.92166388740903,7.482628367899321,0.024711748229060283,7.48266917367006
21.998687708844916,0.007046764894298526,76.81763406542821,7.446391284516522,0.025235457658458357,7.446434045262661
22.998628059246958,0.007367072389493914,76.70677700975791,7.407718889501927,0.02439218156943651,7.407759048754582
23.998568409649,0.007687379884689302,76.59594422521597,7.368924576079772,0.023596090486742535,7.368962354595029
24.998508760051042,0.008007687379884689,76.49445899077503,7.333502146173141,0.024485893468201007,7.333543024139492
25.998449110453084,0.008327994875080078,76.39299220670398,7.298040776260328,0.025244289585678537,7.298084436762509
26.998389460855126,0.008648302370275465,76.2950875672539,7.263886133038437,0.02607868392521394,7.263932946517566
27.998329811257165,0.008968609865470852,76.19323654058644,7.228360165038524,0.026325875645184692,7.228408104641314
28.998270161659207,0.009288917360666239,76.08860199679832,7.191836414045034,0.02649826348205292,7.191885230198804
29.99821051206125,0.009609224855861628,75.98340430044155,7.155081387831673,0.02600605721266739,7.155128648843916
30.99815086246329,0.009929532351057015,75.88126420772547,7.119371092777893,0.025340486563208846,7.119416190737886
31.998091212865333,0.010249839846252403,75.78278324026661,7.084982826808916,0.024508763404676174,7.0850252177152395
32.998031563267375,0.01057014734144779,75.68215903160376,7.049892369636287,0.024230639912474906,7.049934010142684
33.99797191366942,0.010890454836643177,75.57679956316888,7.01312970545192,0.024417410023182626,7.013172212016783
34.99791226407146,0.011210762331838566,75.46970124602811,6.975706971125475,0.024644361005072616,6.975750503819492
35.9978526144735,0.011531069827033953,75.36480413219685,6.939008846095955,0.024684016777993156,6.939052749971153
36.99779296487554,0.011851377322229342,75.26435147613948,6.903903597306227,0.02405301228944917,6.9039454971992695
37.997733315277586,0.012171684817424729,75.16388769777942,6.868853453227993,0.023765037598826845,6.868894564552159
38.99767366567963,0.012491992312620116,75.05965860531907,6.832474523821856,0.023943557297975086,6.832516477302544
39.99761401608167,0.012812299807815505,74.95379110730127,6.795475286975163,0.023576117258035646,6.7955161841610785
40.997554366483705,0.01313260730301089,74.8490926471878,6.758850734850707,0.023471507388127876,6.758891489560327
41.99749471688575,0.013452914798206277,74.74775797369118,6.723411090304247,0.02359983842378151,6.723452509061083
42.99743506728779,0.013773222293401666,74.64714777746762,6.688285460812089,0.02406115673310097,6.688328740767286
43.99737541768983,0.014093529788597053,74.54283502929086,6.651880636751134,0.024532754152532702,6.651925876136247
44.99731576809187,0.014413837283792441,74.43591574259264,6.614519901827069,0.024631872337768645,6.614565765097604
45.997256118493915,0.014734144778987828,74.33023063728724,6.577539185296449,0.024779401030198996,6.577585860543797
46.99719646889596,0.015054452274183215,74.22830822540423,6.541870983126613,0.024654243991811393,6.541917439988124
47.997136819298,0.015374759769378604,74.12815497895893,6.506876966555487,0.024846918618196066,6.506924406142671
48.99707716970004,0.01569506726457399,74.02487287298109,6.470814634338923,0.02565871888742643,6.47086550639323
49.997017520102084,0.016015374759769378,73.91889909373758,6.433788629734632,0.02721561962163461,6.433846191979882
50.996957870504126,0.01633568225496477,73.81324472483782,6.396836987508008,0.029076563145251446,6.396903070336057
51.99689822090617,0.016655989750160156,73.71019161838822,6.3607566352380775,0.030445711568313563,6.360829498900134
52.99683857130821,0.016976297245355543,73.60993112579786,6.325712613118303,0.031052422372357568,6.325788829600556
53.99677892171025,0.01729660474055093,73.50681005157217,6.289704227774679,0.03121021133895643,6.289781661566519
54.996719272112294,0.017616912235746317,73.39981399097697,6.25268474128716,0.030798441042087083,6.252760591762321
55.99665962251433,0.017937219730941704,73.29190606003938,6.214777555420206,0.03107454274023735,6.214855242928934
56.99659997291637,0.01825752722613709,73.1865982835979,6.1776731409785945,0.032180926907150825,6.177756959352232
57.99654032331841,0.018577834721332478,73.08526498180292,6.142822512463252,0.033488490237069415,6.142913795472284
58.996480673720455,0.01889814221652787,72.98330955848455,6.106484491408108,0.0340838344481266,6.106579611499257
59.9964210241225,0.019218449711723255,72.87997392191313,6.070343758354006,0.03083715775306901,6.070422083750496
60.99636137452454,0.019538757206918642,72.77609029657785,6.033990022929447,0.026474537029305484,6.0340481020557855
61.99630172492658,0.01985906470211403,72.67132502547385,5.99741448355203,0.0265203525121389,5.99747311929091
62.996242075328624,0.020179372197309416,72.57026392839964,5.9619472807836,0.026978451180124718,5.962008320664358
63.996182425730666,0.020499679692504807,72.46897724075063,5.9267622782299245,0.026966937305316904,5.926823628079108
64.99612277613271,0.020819987187700194,72.36393453054939,5.890055752172495,0.027291892968456372,5.890118981066689
65.99606312653475,0.02114029468289558,72.25763342722789,5.852759726247002,0.0278817447268123,5.852826138274389
66.99600347693679,0.021460602178090968,72.15243800903784,5.816014671469457,0.028218479494361584,5.816083127099625
67.99594382733883,0.021780909673286355,72.05013934452634,5.779956003907352,0.028374787281135027,5.780025651816599
68.99588417774088,0.022101217168481745,71.94750728579999,5.74437689464191,0.028033309765411584,5.744445297341793
69.99582452814292,0.022421524663677132,71.84054459012816,5.706825292259061,0.027313405758720558,5.706890654156767
70.99576487854496,0.02274183215887252,71.73260039453594,5.669096481404717,0.026495647935607915,5.669158397402111
71.995705228947,0.023062139654067906,71.62361038950638,5.631104326394628,0.024257383657362495,5.631156573511538
72.99564557934904,0.023382447149263293,71.5165267360581,5.593565413496423,0.02085654686723462,5.593604296927933
73.99558592975109,0.023702754644458684,71.41132632447838,5.55665307349465,0.017812281929229977,5.556681622746176
74.99552628015313,0.02402306213965407,71.30464314396852,5.519298361971681,0.01629687856410886,5.519322421884249
75.99546663055517,0.024343369634849458,71.19939647420733,5.482219172875714,0.01592199101256206,5.482242293919878
76.99540698095721,0.024663677130044845,71.09599517963927,5.44599249944399,0.01559164508916228,5.446014818506904
77.99534733135926,0.024983984625240232,70.99521559815318,5.41075455720023,0.015286132645060124,5.410776149880376
78.9952876817613,0.025304292120435622,70.8984537206761,5.376953881452561,0.014975483682570038,5.376974735702158
79.99522803216334,0.02562459961563101,70.79531529940877,5.341173612934242,0.015054435867583999,5.341194828832245
80.99516838256537,0.025944907110826393,70.68850750589074,5.303525179513655,0.015213586937917844,5.303547000165349
81.99510873296741,0.02626521460602178,70.58050317004609,5.265894459890363,0.01551384145410744,5.265917312489885
82.99504908336945,0.026585522101217167,70.47583781410124,5.229084014611139,0.01621928243542544,5.229109168585455
83.9949894337715,0.026905829596412554,70.3758077211001,5.194005979307694,0.01786875821774145,5.194036715850623
84.99492978417354,0.027226137091607944,70.27656581219047,5.159238806042474,0.023122141912893555,5.1592906189922285
85.99487013457558,0.02754644458680333,70.17315340624663,5.122944126515995,0.028528682282669665,5.123023561249501
86.99481048497762,0.02786675208199872,70.06755493749579,5.085874449496623,0.031658441331314055,5.085972981932769
87.99475083537966,0.028187059577194105,69.96442242587473,5.04987057524526,0.035339271913334296,5.04999422681524
88.9946911857817,0.028507367072389492,69.86244739823191,5.014244231378078,0.03597172981746245,5.014373258668963
89.99463153618375,0.028827674567584883,69.75869014325102,4.978198226854371,0.03559760153076205,4.978325499110192
90.99457188658579,0.02914798206278027,69.63993208186758,4.936499585867818,0.03007185698759422,4.936591179939435
91.99451223698783,0.029468289557975657,69.51797299711788,4.893456314861255,0.022675168968791026,4.893508850379578
92.99445258738987,0.029788597053171044,69.41291048978356,4.856675077504095,0.022552869390898914,4.85672744143288
93.99439293779191,0.03010890454836643,69.31249779560548,4.821595476082853,0.021176872767632044,4.821641981205453
94.99433328819396,0.03042921204356182,69.21262308105192,4.786642871951602,0.020638220340966233,4.786687363902506
95.994273638596,0.03074951953875721,69.10818144794032,4.750122399391005,0.020253836972594735,4.7501655789149355
96.99421398899804,0.031069827033952595,69.00111185571858,4.71249516520002,0.01973415187703304,4.7125364846103714
97.99415433940008,0.03139013452914798,68.89483225416572,4.67528365331798,0.019320428341040013,4.6753235736078835
98.99409468980213,0.03171044202434337,68.79334221717178,4.639595993628874,0.019179672156188612,4.639635636978524
99.99403504020417,0.032030749519538756,68.69531823996971,4.605297458448808,0.019199927767360105,4.605337481447079
100.99397539060621,0.03235105701473415,68.59465691535648,4.5701973845828325,0.01997511910427284,4.570241037344856
101.99391574100825,0.03267136450992954,68.49047008367347,4.533625927445332,0.021361584540913314,4.5336762530311585
102.9938560914103,0.03299167200512492,68.38649119977858,4.497286488783086,0.022398459885710275,4.497342265515951
103.99379644181234,0.03331197950032031,68.28567522304985,4.461762492606213,0.023031505438020655,4.461821936235281
104.99373679221438,0.033632286995515695,68.1880825060781,4.427783050445184,0.023384467136879708,4.427844800251352
105.99367714261642,0.033952594490711085,68.08695357882314,4.39224188228589,0.024226855493773285,4.392308697374698
106.99361749301846,0.034272901985906476,67.97964289941272,4.354634679123003,0.026450923201001737,4.354715012484616
107.9935578434205,0.03459320948110186,67.8712315250935,4.316709118608775,0.02864740108413524,4.316804175344188
108.99349819382255,0.03491351697629725,67.76757212979822,4.280268085645256,0.027936302782792032,4.2803592515122455
109.99343854422459,0.035233824471492634,67.66894299928558,4.245680557537374,0.027490229913717423,4.245769554437873
110.99337889462663,0.035554131966688024,67.56913352076626,4.210750694991724,0.027192562035240963,4.210838497354574
111.99331924502866,0.03587443946188341,67.46475559926377,4.1743118068440985,0.02725080822316772,4.174400755474593
112.9932595954307,0.0361947469570788,67.35936207336255,4.1372266072999055,0.027013867456944504,4.137314799381994
113.99319994583274,0.03651505445227418,67.25674110617112,4.101144922739157,0.026210384954834992,4.101228677066014
114.99314029623478,0.03683536194746957,67.1592863523671,4.066945618902295,0.024606964269924165,4.067020060166799
115.99308064663683,0.037155669442664956,67.06179135369572,4.032805240796317,0.023171997306969987,4.0328718119540365
116.99302099703887,0.037475976937860346,66.9583688136437,3.996637434881039,0.023328670333439074,3.996705519894106
117.99296134744091,0.03779628443305574,66.8534009461476,3.9597979241709766,0.02378607360386181,3.959869363699548
118.99290169784295,0.03811659192825112,66.74896134678214,3.923041724690204,0.0242992621024511,3.9231169786024753
119.992842048245,0.03843689942344651,66.64866166055305,3.888065484204474,0.024918431474094744,3.8881453339206984
120.99278239864704,0.038757206918641894,66.54867776579962,3.8529462390584066,0.02652602927350747,3.8530375486495507
121.99272274904908,0.039077514413837285,66.44216650288807,3.815658614727615,0.029135922487032395,3.815769852352764
122.99266309945112,0.039397821909032675,66.33373084021767,3.777590196520602,0.03124378581624724,3.777719400246754
123.99260344985316,0.03971812940422806,66.22930142074912,3.740808878832727,0.03099820338310681,3.740937309895308
124.9925438002552,0.04003843689942345,66.12904633625516,3.7056536550580748,0.030931572908092283,3.705782747740056
125.99248415065725,0.04035874439461883,66.02996197864165,3.6710298231326326,0.03288108345341438,3.6711770766306384
126.99242450105929,0.04067905188981422,65.92634193223017,3.6348767427193924,0.0354132388567266,3.6350492475685474
127.99236485146133,0.040999359385009614,65.81942913822861,3.597218466209364,0.037380486517055216,3.597412680581684
128.99230520186336,0.041319666880205,65.71324352181077,3.5599657013797423,0.03693861988777512,3.560157335938873
129.99224555226542,0.04163997437540039,65.61114150847817,3.524142116008189,0.034816736691954286,3.524314097661636
130.99218590266744,0.04196028187059577,65.51386385369925,3.4898679757979516,0.03205530598814788,3.4900151906749755
131.9921262530695,0.04228058936579116,65.41399968813715,3.455012900373869,0.0315595494219885,3.455157036504936
132.99206660347153,0.042600896860986545,65.31055971527302,3.4186866908805236,0.03215531463147207,3.4188379099721407
133.99200695387358,0.042921204356181936,65.20559502307002,3.381886670598116,0.03202521643565094,3.382038300678595
134.9919473042756,0.04324151185137732,65.10257058921401,3.3457309217026703,0.030601669171667182,3.3458708675909015
135.99188765467767,0.04356181934657271,65.00364631493045,3.3109275440888903,0.029632463668065587,3.31106014519663
136.9918280050797,0.04388212684176809,64.9038870997798,3.2760374500328404,0.029755125395674164,3.2761725750492734
137.99176835548175,0.04420243433696349,64.79873326828638,3.239477906164974,0.02920417257158671,3.239609542557034
138.99170870588378,0.044522741832158874,64.69206420124499,3.2019637413806024,0.028154084724327993,3.202087514981864
139.99164905628584,0.044843049327354265,64.5880634064434,3.1653019789075425,0.025878082283683036,3.1654077609083298
140.99158940668786,0.04516335682254965,64.49039583741224,3.1307638688975574,0.022786897419597683,3.1308467936787348
141.99152975708992,0.04548366431774504,64.39252569116762,3.0967642133927122,0.020109896327588146,3.0968295079451966
142.99147010749195,0.04580397181294042,64.28782466729831,3.0600096917383093,0.01934434037698756,3.0600708352972816
143.991410457894,0.04612427930813581,64.177254108308,3.021383942238599,0.021939355466414515,3.0214635959639726
144.99135080829603,0.046444586803331196,64.06665982051325,2.9824555792468175,0.025124518872676287,2.98256140316156
145.9912911586981,0.04676489429852659,63.96530016589522,2.946852665251783,0.024186048010965838,2.9469519160685205
146.99123150910012,0.04708520179372197,63.86519059477826,2.9118237674277276,0.023533036907496422,2.9119188615727425
147.99117185950217,0.04740550928891737,63.760454673214895,2.875014937725029,0.022982814828724947,2.875106798350194
148.9911122099042,0.04772581678411275,63.65179753866136,2.836832633776274,0.022588361502358226,2.836922562590208
149.99105256030626,0.04804612427930814,63.54368058426964,2.7986884289085876,0.022267029023867495,2.798777008389266
150.9909929107083,0.048366431774503525,63.43896228514153,2.76206003320014,0.02181309639367774,2.7621461652446704
151.99093326111034,0.048686739269698916,63.337870337309084,2.7267750514355704,0.021597399738025352,2.7268605811091446
152.99087361151237,0.0490070467648943,63.23485295805182,2.6903375750067693,0.02153972039725196,2.6904238006396124
153.99081396191443,0.04932735426008969,63.13029429561613,2.6539315323694312,0.022543760501596177,2.654027279370412
154.99075431231645,0.04964766175528507,63.02505788588238,2.6167929039049875,0.023965804285583345,2.616902646584804
155.9906946627185,0.049967969250480464,62.923046137398615,2.5808256797062707,0.025119177757952284,2.580947919296817
156.99063501312054,0.05028827674567585,62.82495261564184,2.546450756639576,0.025667391069868952,2.5465801128090595
157.9905753635226,0.050608584240871245,62.71494501704576,2.5085715433748157,0.02440739390701074,2.5086902776363678
158.99051571392462,0.05092889173606663,62.590464340475286,2.4654096916005455,0.02185942749230576,2.465506597437571
159.99045606432668,0.05124919923126202,62.45677261351797,2.4175478911667563,0.018195694569445732,2.417616365221268
160.9903964147287,0.0515695067264574,62.35069536789115,2.3801692345863743,0.017393322329152628,2.380232785450434
161.99033676513073,0.051889814221652786,62.24900489404129,2.3444909264827163,0.016571504750163536,2.344549491721058
162.9902771155328,0.052210121716848176,62.14699138878844,2.308600371421865,0.01621133878187854,2.308657289948916
163.99021746593482,0.05253042921204356,62.04116733699668,2.271553241061174,0.01626558163868365,2.2716114756096757
164.99015781633688,0.05285073670723895,61.93463313483992,2.234305620503745,0.016066284025834425,2.2343633838964116
165.9900981667389,0.053171044202434334,61.83023091346977,2.19750627297755,0.01592710270011572,2.1975639905076947
166.99003851714096,0.053491351697629724,61.72965445531674,2.1622699387701574,0.016090387146988478,2.16232980571134
167.989978867543,0.05381165919282511,61.62890587453706,2.1268315476093975,0.016383775975339975,2.1268946518391068
168.98991921794504,0.054131966688020505,61.52399309715058,2.090177725844738,0.01846503405242787,2.090259286093483
169.98985956834707,0.05445227418321589,61.41727750415665,2.05277583176296,0.019010367010979367,2.052863855574452
170.98979991874913,0.05477258167841128,61.31164317712139,2.0155238954470867,0.019842562926044756,2.0156215667683437
171.98974026915116,0.05509288917360666,61.210070708739735,1.979903015672265,0.02016463551847604,1.980005697970014
172.9896806195532,0.05541319666880205,61.1102576900527,1.944931018572752,0.019524457128071764,1.9450290155760115
173.98962096995524,0.05573350416399744,61.00624903580563,1.9085003959837252,0.01956313218892059,1.9086006595438127
174.9895613203573,0.05605381165919283,60.89946719735559,1.8711402481283224,0.021744750412226965,1.8712665930690395
175.98950167075932,0.05637411915438821,60.79356182297792,1.8336811557740378,0.02309439904250034,1.8338265818522606
176.98944202116138,0.05669442664958361,60.691815032423904,1.797968662337419,0.022056114763330636,1.7981039410851256
177.9893823715634,0.057014734144778985,60.59251962763114,1.7629908811371722,0.021140680770902705,1.763117629472373
178.98932272196546,0.05733504163997438,60.48936204254777,1.7268936726291673,0.021312517203076625,1.7270251822009384
179.9892630723675,0.057655349135169766,60.38271392415862,1.6898508664868062,0.02184045613992185,1.6899919989427787
180.98920342276955,0.057975656630365156,60.27600163304528,1.6521403882950167,0.022316006172020657,1.6522910962560677
181.98914377317158,0.05829596412556054,60.1726630332224,1.6158332890396032,0.022162004638411947,1.6159852636760446
182.98908412357363,0.05861627162075593,60.07349038924716,1.5811034612209218,0.02163657004411499,1.5812514968366207
183.98902447397566,0.058936579115951314,59.97243315067533,1.5455067397933455,0.021610002146622682,1.5456578130166563
184.98896482437772,0.059256886611146704,59.868000579557375,1.508826059415951,0.022690498021850962,1.508996665428107
185.98890517477975,0.05957719410634209,59.763318736377684,1.4722731844815105,0.024076897628954465,1.472470042731859
186.9888455251818,0.059897501601537485,59.66086879374769,1.4362468552787613,0.024889256694345316,1.4364624966900208
187.98878587558383,0.06021780909673286,59.56197181043166,1.4015771785495592,0.02526012391826859,1.4018047871552262
188.98872622598589,0.06053811659192826,59.461501950764124,1.3665194451662472,0.02536722423506841,1.366754875638957
189.9886665763879,0.06085842408712364,59.35675411223077,1.329964737000198,0.025259668845018315,1.330204590480038
190.98860692678997,0.06117873158231903,59.250321953088964,1.2927181447072837,0.024708246572615236,1.2929542525179052
191.988547277192,0.06149903907751442,59.14600503039509,1.255499220361508,0.023817738300708595,1.255725119994864
192.98848762759403,0.0618193465727098,59.045509082312556,1.2202563707041603,0.023692195240897235,1.2204863499275287
193.98842797799608,0.06213965406790519,58.94528702801518,1.1856370480606202,0.02413064681159177,1.185882581813835
194.9883683283981,0.062459961563100574,58.840927262511414,1.1491268668012564,0.024446417080807296,1.1493868727772043
195.98830867880017,0.06278026905829596,58.7355766032491,1.112284601118139,0.024485623167958933,1.1125540794165742
196.9882490292022,0.06310057655349136,58.63168121291525,1.0757259355457938,0.024520683466547885,1.0760053681666928
197.98818937960425,0.06342088404868675,58.5314362308649,1.040275278903647,0.02463425004778977,1.0405669138375857
198.98812973000628,0.06374119154388212,58.432193482928895,1.0056920169942032,0.02467144572000893,1.0059945890907087
199.98807008040833,0.06406149903907751,58.32868695290695,0.9697682071799161,0.024565391247994398,0.9700792926890646
200.98801043081036,0.0643818065342729,58.22203742768123,0.9324264028249729,0.024822678680228593,0.9327567539621359
201.98795078121242,0.0647021140294683,58.11637011488136,0.8951649340294122,0.0254714151176648,0.8955272481080507
202.98789113161445,0.06502242152466367,58.01469555717041,0.859471947655341,0.026283596213707332,0.8598737443580833
203.9878314820165,0.06534272901985907,57.916019078988256,0.8247690692049264,0.02669162725241368,0.8252008606894097
204.98777183241853,0.06566303651505445,57.81362824830167,0.7894194244606005,0.027121735436201614,0.7898851918150999
205.9877121828206,0.06598334401024984,57.708182514742404,0.7526467497104099,0.026617863380012777,0.753117282035515
206.98765253322262,0.06630365150544523,57.60298490316122,0.7159841500209249,0.02539417827669685,0.7164343426801475
207.98759288362467,0.06662395900064062,57.5008578090516,0.6798069761446877,0.024686056861824877,0.6802550449782561
208.9875332340267,0.066944266495836,57.401315080609606,0.645245573201672,0.02533963528517834,0.6457429417753942
209.98747358442876,0.06726457399103139,57.29777798773538,0.6097270769053869,0.026396787238779494,0.6102982047230001
210.98741393483078,0.06758488148622678,57.188593269101304,0.572638822932452,0.027191676439939687,0.573284055941798
211.98735428523284,0.06790518898142217,57.07663131057309,0.5336258559637984,0.027465377363140104,0.5343322010760686
212.98729463563487,0.06822549647661755,56.9674803323968,0.4949553975878201,0.027340395389786085,0.4957099381910624
213.98723498603692,0.06854580397181295,56.86451848075048,0.458367364802323,0.026857785616408638,0.4591535492229618
214.98717533643895,0.06886611146700833,56.76385275972925,0.4240428972380575,0.026940167178950206,0.42489781278052674
215.987115686841,0.06918641896220372,56.659373219367936,0.38871928067899775,0.02733231313932397,0.38967901471999167
216.98705603724304,0.06950672645739911,56.55289995923708,0.35236166400199065,0.027755118111462286,0.3534530928420814
217.9869963876451,0.0698270339525945,56.447653084737205,0.3156988288570026,0.02689677977719365,0.3168425276127968
218.98693673804712,0.07014734144778988,56.346555604634965,0.28108211199359956,0.025427350890927233,0.28222987768149704
219.98687708844918,0.07046764894298527,56.244928649851765,0.24942072785219171,0.025097781988291355,0.2506802707495125
220.9868174388512,0.07078795643818066,56.139356096587505,0.216997476245513,0.026169900382037845,0.21856982495973173
221.98675778925326,0.07110826393337605,56.032651831225955,0.1855497476491085,0.02752823804027,0.1875806832865517
222.9866981396553,0.07142857142857142,55.92841489685071,0.15741669743806183,0.0286194983794408,0.15999716347422263
223.98663849005732,0.07174887892376682,55.82641724452596,0.1332236294074327,0.0289408182792213,0.13633087102765784
224.98657884045937,0.0720691864189622,55.72309077652559,0.11498330993800533,0.02925579143148398,0.11864679893103684
225.9865191908614,0.0723894939141576,55.61438217268484,0.10068376923061416,0.02967829978408428,0.10496677028735114
226.98645954126346,0.07270980140935299,55.50130287307252,0.08990823569160022,0.030176620037837252,0.09483733042470321
227.98639989166549,0.07303010890454836,55.38802546926959,0.0843825354122099,0.030636889804091495,0.08977210758058933
228.98634024206754,0.07335041639974375,55.278083546514566,0.08228248491712062,0.03141638756852318,0.08807608490385935
229.98628059246957,0.07367072389493914,55.1719181683978,0.09069507353414107,0.03147229085968615,0.09600052841167042
230.98622094287163,0.07399103139013453,55.062764749471945,0.10490445938576506,0.031161749353006283,0.10943491317563704
231.98616129327365,0.07431133888532991,54.9492193402916,0.11947499888528264,0.03086280347046262,0.1233968719080621
232.9861016436757,0.0746316463805253,54.83477925080631,0.13135445937818863,0.029570933427952226,0.1346418735101996
233.98604199407774,0.07495195387572069,54.72338138331385,0.14027981046451168,0.02851637527328373,0.14314890458081078
234.9859823444798,0.07527226137091608,54.615933771130535,0.14974517520822647,0.02708239988300324,0.1521744849886647
235.98592269488182,0.07559256886611147,54.506700337743496,0.16001857404196912,0.027316298628890817,0.16233337367654224
236.98586304528388,0.07591287636130686,54.394302031128355,0.16691049180451134,0.02810998896170857,0.16926099300740033
237.9858033956859,0.07623318385650224,54.28249836080594,0.17519894143776377,0.02810739762264495,0.177439270969057
238.98574374608796,0.07655349135169763,54.17204951727473,0.18200396379060682,0.028283824929710103,0.1841885381562789
239.98568409649,0.07687379884689302,54.06428143236096,0.1886701861811654,0.02812926953749083,0.19075558958612046
240.98562444689205,0.07719410634208841,53.95355074173733,0.19337733426445186,0.02813455191369049,0.19541327083545193
241.98556479729407,0.07751441383728379,53.83791976782852,0.199189462126774,0.028925842045240766,0.20127877722298432
242.98550514769613,0.07783472133247919,53.72007716551438,0.20077929568301361,0.028998422016987997,0.20286259895417474
243.98544549809816,0.07815502882767457,53.60488442217829,0.2010063422890741,0.029706517437270447,0.20318963265551535
244.98538584850021,0.07847533632286996,53.495167689576725,0.2022342572598207,0.030063758755044485,0.20445665653118963
245.98532619890224,0.07879564381806535,53.38466023039208,0.20186189331374774,0.03089963582898495,0.20421315204113266
246.9852665493043,0.07911595131326074,53.2696436534786,0.20167900920863882,0.032469409937091624,0.20427600284184416
247.98520689970633,0.07943625880845612,53.15276875438564,0.2002743001869997,0.03327754979030234,0.2030201729765752
248.98514725010838,0.07975656630365151,53.03641522242731,0.19964581074436577,0.0316153285455046,0.2021335666009367
249.9850876005104,0.0800768737988469,52.922468022187346,0.2031560867697375,0.030818657488916462,0.20548037677844633
250.98502795091247,0.08039718129404229,52.80815575117101,0.20553745967335452,0.0329199352683193,0.20815707883001763
251.9849683013145,0.08071748878923767,52.69012507832687,0.20479309073602167,0.035181853161447736,0.20779310095642267
252.98490865171655,0.08103779628443307,52.57354920482375,0.20416923934162468,0.03640970728832716,0.2073903205990079
253.98484900211858,0.08135810377962845,52.457595942311016,0.20263829736030645,0.03836159021385531,0.2062374630391378
254.98478935252064,0.08167841127482384,52.34561286185984,0.2034571959181275,0.04172691189281657,0.20769199731086943
255.98472970292266,0.08199871877001923,52.234422182406796,0.1999935023041636,0.04575323679847971,0.20516032667507442
256.9846700533247,0.0823190262652146,52.1197678654158,0.20104709282270322,0.04798682029272468,0.20669462608947262
257.9846104037267,0.08263933376041,52.00220305643523,0.2018366332896825,0.04720800943357866,0.20728391807468957
258.9845507541288,0.08295964125560538,51.88554941345779,0.1996642817854723,0.044602819282544004,0.2045855246806571
259.98449110453083,0.08327994875080078,51.774173191337816,0.19834741019287705,0.04218216205566867,0.20278320918141157
260.98443145493286,0.08360025624599615,51.665367646630315,0.19954912819736326,0.041898051903501654,0.2039002239273813
261.9843718053349,0.08392056374119154,51.55326969070706,0.200043696334181,0.042021100442793086,0.20440952356841238
262.984312155737,0.08424087123638695,51.434262493735524,0.202261060527596,0.04207897956384289,0.20659181282636094
263.984252506139,0.08456117873158232,51.31120915423374,0.20224299040716257,0.04088372647563722,0.20633396777885693
264.98419285654103,0.0848814862267777,51.19004375013373,0.20459683919800148,0.03493466391397106,0.20755793733942093
265.98413320694306,0.08520179372197309,51.078139000228475,0.2053921702970988,0.03317200067040689,0.20805365953962432
266.98407355734514,0.0855221012171685,50.965503784160525,0.20645075384974826,0.031620448813189206,0.20885824510484824
267.98401390774717,0.08584240871236387,50.848838620894355,0.20683378802078153,0.030449130117282504,0.20906306558530321
268.9839542581492,0.08616271620755926,50.72965730591109,0.20201869094417904,0.02937166321098992,0.20414271010883428
269.9838946085512,0.08648302370275464,50.613710448837196,0.19957318826820708,0.029686343774866987,0.20176901764705304
270.9838349589533,0.08680333119795004,50.50324576518213,0.19973341065990816,0.029963510467154827,0.2019684314276734
271.98377530935534,0.08712363869314542,50.392044179422044,0.20035602622848658,0.02997010190699856,0.20258515309465766
272.98371565975737,0.08744394618834081,50.275777372263434,0.20156399313151965,0.029348643493814882,0.2036894356662867
273.9836560101594,0.08776425368353619,50.1565217398218,0.20146160766161061,0.028770986979238803,0.20350564870135732
274.9835963605615,0.08808456117873159,50.03866015545974,0.20036914101653702,0.02780719017753306,0.20228947698106886
275.9835367109635,0.08840486867392698,49.92581285038511,0.20106991554056722,0.026624884993872368,0.20282503651282247
276.98347706136553,0.08872517616912236,49.81428132430547,0.20248782623497436,0.02610465953320897,0.20416359377398785
277.98341741176756,0.08904548366431775,49.69800989208585,0.20290894434492002,0.026768748668136427,0.20466706036983015
278.98335776216965,0.08936579115951314,49.578911740983095,0.20250691949581062,0.027917176811093746,0.20442216417205009
279.9832981125717,0.08968609865470853,49.45855512026658,0.20163806698853204,0.02895107314390528,0.2037058533647364
280.9832384629737,0.0900064061499039,49.34043826783106,0.20347755464575784,0.02987608528857431,0.20565917367525216
281.98317881337573,0.0903267136450993,49.226653302569645,0.20336000286934944,0.030262495885996055,0.20559939062232588
282.9831191637778,0.0906470211402947,49.11267172190995,0.20425079842762087,0.03013093264598131,0.20646128392615712
283.98305951417984,0.09096732863549008,48.99497178008447,0.20459227637414165,0.03041187305674685,0.20684023200231827
284.98299986458187,0.09128763613068547,48.875435625391766,0.20357714346427203,0.03130937984038924,0.20597070327369998
285.9829402149839,0.09160794362588084,48.75815481161064,0.1990080885187799,0.03077475976328735,0.20137354626262752
286.982880565386,0.09192825112107625,48.6471353525955,0.19973256932772285,0.02868694043971506,0.2017821592759017
287.982820915788,0.09224855861627163,48.534894390237696,0.20111186388349356,0.027374922028952694,0.2029664212395343
288.98276126619004,0.09256886611146702,48.41830761797609,0.2004235672927446,0.028134543779709066,0.2023886332777651
289.98270161659207,0.09288917360666239,48.30269538561933,0.19661047774105295,0.03009747709936572,0.19890082474769158
290.9826419669941,0.09320948110185778,48.19130819385172,0.19470509424379515,0.031305263358125945,0.1972057129963703
291.9825823173962,0.09352978859705317,48.08337030315487,0.1955830677527925,0.03142933953855625,0.1980922506697909
292.9825226677982,0.09385009609224856,47.97231839153096,0.19578438124274208,0.03188765765247802,0.19836417682929802
293.98246301820024,0.09417040358744394,47.85462856907594,0.19640851708018894,0.0314060798973641,0.19890361343162796
294.98240336860226,0.09449071108263933,47.73397567846084,0.19917283416772988,0.03169033211919928,0.20167819669025003
295.98234371900435,0.09481101857783474,47.61405961807497,0.19993753788213656,0.03158174460964723,0.2024164658493962
296.9822840694064,0.09513132607303011,47.49927151450903,0.20296142688144989,0.03231974147660299,0.20551862808725777
297.9822244198084,0.0954516335682255,47.38743511108784,0.20454301689348026,0.031563575512692496,0.20696401875454581
298.98216477021043,0.09577194106342088,47.270517474065684,0.20374868154840545,0.031159939499597604,0.20611760493061265
299.9821051206125,0.09609224855861628,47.1506955190902,0.20255852486954806,0.03133593661143129,0.20496803877834943
300.98204547101454,0.09641255605381166,47.03262830723256,0.20093083047267854,0.03150805883548136,0.20338622472040835
301.9819858214166,0.09673286354900705,46.92001958081455,0.19924447203079967,0.030700484666543217,0.20159583178625684
302.9819261718186,0.09705317104420243,46.809642244914464,0.20010560023708931,0.030363054316536034,0.20239606298956192
303.9818665222207,0.09737347853939783,46.69378796631687,0.19964714778118312,0.03108876302632278,0.20205319795456944
304.9818068726227,0.09769378603459322,46.5768877469875,0.19801208093082392,0.033215773182503766,0.200778663663913
305.98174722302474,0.0980140935297886,46.46192483254858,0.19574638855700208,0.034228626828079076,0.19871650039099603
306.98168757342677,0.09833440102498399,46.35078494952882,0.19537752190287874,0.033191726574663925,0.19817685732172946
307.98162792382885,0.09865470852017938,46.24138482912453,0.19595194672292618,0.03194985490711429,0.19853956445275625
308.9815682742309,0.09897501601537477,46.12697956310591,0.1959768588458912,0.030236775118759125,0.1982957179887775
309.9815086246329,0.09929532351057015,46.00840948941721,0.19749671199891902,0.02995316172560761,0.1997552080616282
310.98144897503494,0.09961563100576554,45.89070573439959,0.19615643084169263,0.02924038800514348,0.1983238403501785
311.981389325437,0.09993593850096093,45.7780194101514,0.1965490355562485,0.028811275108902502,0.1986494725678684
312.98132967583905,0.10025624599615632,45.66904922657308,0.19762414362868438,0.027716704694015583,0.19955830692824125
313.9812700262411,0.1005765534913517,45.55666740084544,0.19707762478087226,0.027837734822702215,0.19903399124101734
314.9812103766431,0.10089686098654709,45.439762196502656,0.1968365144089656,0.028328679940778263,0.1988645959236032
315.9811507270452,0.10121716848174249,45.32036377004346,0.19748477764674663,0.02797196589739297,0.19945593066727765
316.9810910774472,0.10153747597693787,45.199196680497245,0.20078392199300413,0.02510152552501702,0.20234690488014848
317.98103142784925,0.10185778347213326,45.08032345713621,0.20411549017097977,0.02019916729673929,0.2051125049508708
318.9809717782513,0.10217809096732863,44.965529278067784,0.20373242982190687,0.017623755863738964,0.20449327551751642
319.98091212865336,0.10249839846252404,44.84993898590618,0.2037785596547495,0.017156965972236416,0.20449954243551935
320.9808524790554,0.10281870595771941,44.73258128833146,0.20250417171646234,0.016906993051789044,0.20320872514885702
321.9807928294574,0.1031390134529148,44.61804714297043,0.2044129596898836,0.01869354777088777,0.20526594168892326
322.98073317985944,0.10345932094811018,44.50430613971455,0.19523846942074774,0.015357520108592733,0.19584155168309428
323.98067353026147,0.10377962844330557,44.3935147089017,0.19627846962205917,0.01599611768213491,0.19692920915414835
324.98061388066355,0.10409993593850098,44.27664759553252,0.19854893453581712,0.016218226522044844,0.1992102162963249
325.9805542310656,0.10442024343369635,44.1539533702509,0.20081356261614358,0.01722048439757272,0.20155056937025723
326.9804945814676,0.10474055092889174,44.02980764197217,0.20088343191427194,0.019287471227014255,0.20180723417159463
327.98043493186964,0.10506085842408712,43.916296673837174,0.2005673020123712,0.01921888857150329,0.20148600029393005
328.9803752822717,0.10538116591928252,43.80649588633067,0.20159441334190956,0.018511505212623847,0.20244254324599284
329.98031563267375,0.1057014734144779,43.69118097060836,0.20183580158858372,0.018478753087225474,0.20267993269824416
330.9802559830758,0.10602178090967329,43.572434047875156,0.20122998037449277,0.019234895681306506,0.20214718947684998
331.9801963334778,0.10634208840486867,43.45269707659219,0.1963238688593825,0.020880949770117955,0.1974311919308046
332.9801366838799,0.10666239590006407,43.33875710405027,0.19658399542720809,0.02177440926507268,0.19778622843101956
333.9800770342819,0.10698270339525945,43.2284052758896,0.19793847920299293,0.021827178129046356,0.19913831186959174
334.98001738468395,0.10730301089045484,43.1149074009637,0.19694083730704756,0.022477297799377828,0.1982193792633881
335.979957735086,0.10762331838565022,42.998833128045945,0.19650765141013962,0.024463694736596445,0.19802456772555854
336.97989808548806,0.10794362588084562,42.88179270275542,0.194631609320914,0.026904417777486093,0.19648234282701948
337.9798384358901,0.10826393337604101,42.76844211480217,0.1939462053182495,0.029512638581504953,0.1961788122947815
338.9797787862921,0.10858424087123639,42.65874755118513,0.19430757175664623,0.03125240049855251,0.1968048398258695
339.97971913669414,0.10890454836643178,42.5463884316462,0.19370992828940173,0.03181586787990276,0.19630533810071643
340.9796594870962,0.10922485586162717,42.43034098923681,0.1947310415650192,0.03251797635431243,0.19742744828208883
341.97959983749826,0.10954516335682256,42.31375760933455,0.1936900730295732,0.03291190937763537,0.19646637923340238
342.9795401879003,0.10986547085201794,42.20016822524167,0.19250244237798944,0.032261484346524656,0.1951870735825818
343.9794805383023,0.11018577834721333,42.0910979332197,0.1933646009519439,0.031031154099070344,0.19583871278688686
344.9794208887044,0.11050608584240873,41.98027921970204,0.19433758407091223,0.030659221725755192,0.19674116107044784
345.9793612391064,0.1108263933376041,41.86359088329739,0.19521477283170757,0.03075512041038961,0.197622582118524
346.97930158950845,0.1111467008327995,41.742806128944736,0.19650588834826127,0.032129009882791236,0.19911513611874868
347.9792419399105,0.11146700832799487,41.6237429574808,0.1973662758110656,0.03286871054941868,0.20008447955978767
348.97918229031256,0.11178731582319028,41.50992349477434,0.19993439063805055,0.03291802613288204,0.20262615084014624
349.9791226407146,0.11210762331838565,41.39555775320954,0.20099922396255743,0.03284559972444667,0.20366521906012547
350.9790629911166,0.11242793081358105,41.27820056674463,0.20070280983209698,0.03248403237088347,0.203314609001841
351.97900334151865,0.11274823830877642,41.160097633095035,0.19836207779485346,0.032271755327275296,0.20097009752447006
352.9789436919207,0.11306854580397181,41.043360089159705,0.19671346528168573,0.03229167132467685,0.19934628027648255
353.97888404232276,0.11338885329916722,40.929866692627066,0.19427912784882467,0.03193963624069328,0.19688707393043295
354.9788243927248,0.1137091607943626,40.81923950259951,0.1948694278805321,0.02950052766510934,0.1970897639528897
355.9787647431268,0.11402946828955797,40.70441433295416,0.1955333828537401,0.026771582132961342,0.19735759782721615
356.97870509352884,0.11434977578475336,40.585923586241556,0.19539242821272318,0.027098214579662848,0.19726255153036432
357.97864544393093,0.11467008327994876,40.469229267805,0.19334105252718614,0.027471318237819058,0.19528296371686824
358.97858579433296,0.11499039077514414,40.35796333017037,0.19234835835763495,0.026400638285877156,0.19415170528424125
359.978526144735,0.11531069827033953,40.25003154805363,0.19280548267111736,0.025324473762357216,0.1944615209222196
360.978466495137,0.11563100576553491,40.13762375996381,0.19314950348259557,0.024450541156827987,0.19469093368319682
361.9784068455391,0.11595131326073031,40.020439931762006,0.19350133985896562,0.023579059705586367,0.19493265653505706
362.9783471959411,0.11627162075592569,39.90171133634379,0.19322901538220438,0.023826123353718722,0.19469241520830438
363.97828754634315,0.11659192825112108,39.786009404664064,0.19399863832295028,0.024287774153767587,0.19551308816676005
364.9782278967452,0.11691223574631646,39.67381916608596,0.19677181914115943,0.02477630071751412,0.19832552504749823
365.97816824714727,0.11723254324151186,39.55879276024142,0.19780176582946626,0.02512441579423851,0.1993910099133278
366.9781085975493,0.11755285073670725,39.4400076113694,0.19781030807664246,0.024657174474203663,0.19934115037901112
367.9780489479513,0.11787315823190263,39.320243182741116,0.19735296062550411,0.02530174162722847,0.19896826178318694
368.97798929835335,0.11819346572709802,39.20311214804964,0.19812387565818326,0.027029401501785382,0.19995914245506252
369.97792964875543,0.11851377322229341,39.08937350766064,0.19832653536016734,0.028158765909592067,0.20031557784036397
370.97786999915746,0.1188340807174888,38.973384498563085,0.1989039555528964,0.027562633987477006,0.2008045874150195
371.9778103495595,0.11915438821268418,38.855339203219245,0.1980481996772612,0.0274130604256564,0.19993640308184252
372.9777506999615,0.11947469570787957,38.73769790914441,0.19575489689184922,0.028237391464504803,0.19778101509967586
373.9776910503636,0.11979500320307497,38.624164993404676,0.19392223282079746,0.030571461408174763,0.1963172092172133
374.97763140076563,0.12011531069827035,38.51457178933384,0.19358879050103842,0.03263701972265521,0.19632064299006338
375.97757175116766,0.12043561819346572,38.40442135556902,0.19157997818331918,0.034354459628993285,0.19463585727486388
376.9775121015697,0.12075592568866111,38.28903966921938,0.1918303796311038,0.03520948702920715,0.19503487515383833
377.97745245197177,0.12107623318385652,38.170959368725036,0.19201161349598678,0.03576413802030164,0.1953139352060354
378.9773928023738,0.1213965406790519,38.05396199312474,0.1910372356001754,0.03620529675035397,0.1944377764184165
379.9773331527758,0.12171684817424729,37.94253366711335,0.19285065447539493,0.03641756156825331,0.19625904749123205
380.97727350317786,0.12203715566944266,37.83232778122833,0.19360533895285623,0.03563088201630858,0.1968567677889446
381.97721385357994,0.12235746316463807,37.718217207427905,0.19384127519188962,0.03347621319137173,0.1967106931960031
382.97715420398197,0.12267777065983344,37.600481987228456,0.19354859502285743,0.031628868450509676,0.19611589419213762
383.977094554384,0.12299807815502883,37.482822814166695,0.19226787652468347,0.02994584315071414,0.19458594467565765
384.977034904786,0.12331838565022421,37.36834387820755,0.19313459567978758,0.02842952591484279,0.19521580364339805
385.97697525518805,0.1236386931454196,37.25640642827293,0.1944052795420984,0.027879041199114087,0.19639412835424416
386.97691560559014,0.123959000640615,37.14211242869809,0.19498551858324017,0.026783164720902454,0.19681638745196522
387.97685595599216,0.12427930813581038,37.02379014631656,0.1951409913836574,0.02557220980609064,0.19680941144305922
388.9767963063942,0.12459961563100577,36.904790070566655,0.1947911212689863,0.024588628098869133,0.1963369082903503
389.9767366567962,0.12491992312620115,36.78837069676722,0.19383340011531922,0.024966978028678304,0.19543473844777426
390.9766770071983,0.12524023062139655,36.67745218423096,0.19486003115456807,0.02613643171050632,0.1966050477584876
391.97661735760033,0.12556053811659193,36.56267119428715,0.1965211677272417,0.025464685204589204,0.19816412278070794
392.97655770800236,0.1258808456117873,36.441784488206764,0.19784952437899234,0.023162082707826794,0.19920069370450919
393.9764980584044,0.1262011531069827,36.319011193210926,0.1965231477400908,0.018200059477380136,0.19736410454450357
394.9764384088065,0.12652146060217812,36.20289624358315,0.1951558047144667,0.017415346966041693,0.19593132068073923
395.9763787592085,0.1268417680973735,36.0925307630734,0.1959249296213368,0.017360251318276364,0.19669254274872625
396.97631910961053,0.12716207559256887,35.9804766691229,0.19541318779487005,0.016967594472422524,0.196148446912877
397.97625946001256,0.12748238308776424,35.86265781520822,0.19287947194121308,0.015977033865511827,0.19354006383036282
398.97619981041464,0.12780269058295965,35.74402161024688,0.19224851741152832,0.016283179056850314,0.19293686627269593
399.97614016081667,0.12812299807815503,35.62780758054362,0.192279642542999,0.016832638675626198,0.19301502185386415
400.9760805112187,0.12844330557335043,35.516740871014996,0.19233801959919888,0.017311374038489123,0.1931155028847821
401.9760208616207,0.1287636130685458,35.406017034941556,0.1927250135868833,0.017348241869870527,0.19350424377268804
402.9759612120228,0.1290839205637412,35.28952429658365,0.19288314633187958,0.017486132798318708,0.19367414122470172
403.97590156242484,0.1294042280589366,35.171027568966956,0.19206932301583907,0.018185176163154133,0.19292829101987005
404.97584191282687,0.12972453555413196,35.05454124635309,0.19056830935425398,0.01919631603623883,0.191532710207687
405.9757822632289,0.13004484304932734,34.943883502696515,0.19094562542403384,0.019644973734366834,0.1919535278696367
406.975722613631,0.13036515054452275,34.834769932676465,0.191157771072514,0.019710859996584833,0.1921713075441197
407.975662964033,0.13068545803971815,34.720129488548345,0.19127747252634178,0.019788590121744,0.19229836139466147
408.97560331443503,0.13100576553491353,34.60164988100641,0.1908898646165904,0.020386921529457997,0.19197543327933522
409.97554366483706,0.1313260730301089,34.48322119550446,0.1906997415392568,0.02063293706039279,0.19181269383144975
410.97548401523915,0.1316463805253043,34.36920932643733,0.19208906511816703,0.020226892236504288,0.19315107068695886
411.9754243656412,0.13196668802049968,34.25794196920794,0.19269476827873055,0.018900878073395525,0.19361951583954295
412.9753647160432,0.13228699551569506,34.14283156307697,0.19379945099900753,0.01708358016708415,0.19455095969653274
413.97530506644523,0.13260730301089046,34.022597570525036,0.19485575411383158,0.015754932811418126,0.1954916438601975
414.9752454168473,0.13292761050608587,33.90170551402139,0.1939220244284412,0.015371778883220907,0.19453031420439226
415.97518576724934,0.13324791800128125,33.78521014865857,0.19505168551278945,0.015909130597234585,0.19569941353448145
416.97512611765137,0.13356822549647662,33.66981709910891,0.19749122299674288,0.016496945598954472,0.1981790412098214
417.9750664680534,0.133888532991672,33.55159200818418,0.1958799266796784,0.016932601378262274,0.19661042359313333
418.9750068184554,0.13420884048686738,33.437224408328476,0.19341488160553758,0.01670352053840898,0.1941348088954198
419.9749471688575,0.13452914798206278,33.32047003545777,0.1917195297073634,0.017059589315172922,0.19247703150977508
420.97488751925954,0.13484945547725818,33.20501242408287,0.19206526153734968,0.01782022546048584,0.1928901892914025
421.97482786966157,0.13516976297245356,33.092522483977405,0.18868988069875556,0.019052924777218868,0.18964937390003944
422.9747682200636,0.13549007046764894,32.980414523088186,0.19069366267084933,0.020312237670073244,0.19177241715635024
423.9747085704657,0.13581037796284434,32.863533167638536,0.19225842962782788,0.021807789806143254,0.19349130073258428
424.9746489208677,0.13613068545803972,32.74462311594223,0.19103369165421136,0.023022451681426977,0.1924159677065808
425.97458927126974,0.1364509929532351,32.62921227304842,0.18937213957132573,0.025492926864844955,0.19108034060561543
426.97452962167176,0.1367713004484305,32.52051789163488,0.1897978391142274,0.028324854632185814,0.19189975800496625
427.97446997207385,0.1370916079436259,32.41052913113931,0.1893522514215116,0.02885809577776908,0.19153867706109445
428.9744103224759,0.13741191543882128,32.295253263001975,0.1897916906058118,0.028769065571007044,0.19195974827249876
429.9743506728779,0.13773222293401666,32.175046528032524,0.1900810605125176,0.027434733934591525,0.19205070734476665
430.97429102327993,0.13805253042921203,32.055614833569514,0.19027159490811915,0.027070386571985957,0.19218763138671582
431.974231373682,0.13837283792440744,31.941747509848014,0.19089038475659814,0.026758331715601578,0.19275670496437794
432.97417172408404,0.13869314541960281,31.83137305744686,0.19282139287068414,0.026306625942347478,0.19460762605062862
433.9741120744861,0.13901345291479822,31.717001028750666,0.19306148228281322,0.02584624997802267,0.19478389199100485
434.9740524248881,0.1393337604099936,31.598834961803355,0.19108258915101933,0.026251149362726597,0.19287736704839537
435.9739927752902,0.139654067905189,31.48110032595493,0.18865988297911776,0.027189804780991558,0.1906091207936358
436.9739331256922,0.13997437540038438,31.367630257537833,0.18953515225171186,0.028135191176655396,0.19161201142315307
437.97387347609424,0.14029468289557975,31.252806687744492,0.19274878424760938,0.025851175709691147,0.19447461817549558
438.97381382649627,0.14061499039077516,31.132084443579995,0.1965863323694107,0.021664758580947064,0.1977765098256796
439.97375417689835,0.14093529788597053,31.00690533467629,0.1974559436110951,0.01956964464590864,0.19842333698160383
440.9736945273004,0.14125560538116594,30.884890263973404,0.19664300941405738,0.020824532101521333,0.19774259604006506
441.9736348777024,0.14157591287636132,30.771414112641235,0.19632348203721212,0.019438439806164456,0.19728345734326896
442.97357522810444,0.1418962203715567,30.662839219617485,0.19676907767915933,0.019338549641367372,0.19771709443783222
443.9735155785065,0.1422165278667521,30.549143959759604,0.19154880513128147,0.016505674239973248,0.19225863317244757
444.97345592890855,0.14253683536194747,30.431065538770184,0.18833976900121896,0.017293572026112675,0.189132060267039
445.9733962793106,0.14285714285714285,30.312853520476413,0.187650859672805,0.01694383330854175,0.18841427393679705
446.9733366297126,0.14317745035233825,30.197895646867778,0.18798432566804213,0.017058526984208303,0.18875672183988437
447.97327698011463,0.14349775784753363,30.087460584331932,0.1885830784125297,0.017914307870076755,0.1894320455731031
448.9732173305167,0.14381806534272903,29.977551612249453,0.18786577900889934,0.01984785836532646,0.18891132418230164
449.97315768091875,0.1441383728379244,29.86331522816479,0.18758638928481602,0.022014610249012374,0.18887375812783117
450.9730980313208,0.1444586803331198,29.745675048249286,0.18678441240043958,0.024501975174756035,0.18838461588792713
451.9730383817228,0.1447789878283152,29.629798953725597,0.18652290484983913,0.026859954747050545,0.18844694532582837
452.9729787321249,0.14509929532351057,29.518513664590614,0.18622005350363932,0.02850001189716328,0.18838831971498854
453.9729190825269,0.14541960281870597,29.40939269986367,0.1881457230469866,0.02907902620259562,0.19037962828455313
454.97285943292894,0.14573991031390135,29.295085335080476,0.1879525322429787,0.029740686935736754,0.1902909951520498
455.97279978333097,0.14606021780909673,29.178127947134556,0.1870751635795585,0.030241346316868766,0.18950370934463356
456.97274013373305,0.14638052530429213,29.062324554951516,0.18569812369237174,0.029823909296439195,0.18807779961651408
457.9726804841351,0.1467008327994875,28.951029737116865,0.1863845587899612,0.02868551944530747,0.18857906241461594
458.9726208345371,0.1470211402946829,28.840744500262197,0.18783626591298627,0.02793641129078348,0.18990235877403394
459.97256118493914,0.1473414477898783,28.72517690469297,0.1891481158831813,0.027870851599211866,0.1911904655337778
460.9725015353412,0.1476617552850737,28.60444903890561,0.19092917161138254,0.0280821101950821,0.19298329846185525
461.97244188574325,0.14798206278026907,28.48290114632777,0.19146207906029428,0.028543600240265473,0.1935780587586477
462.9723822361453,0.14830237027546445,28.365107754954572,0.19307246651893267,0.029550283071531194,0.19532075301235147
463.9723225865473,0.14862267777065982,28.25233082203491,0.19329169165645604,0.0299567570859216,0.19559929794996553
464.9722629369494,0.14894298526585523,28.139268371174396,0.19298378268526195,0.029523753123970493,0.19522907667157977
465.9722032873514,0.1492632927610506,28.02257429986791,0.19155992885620746,0.02982781944896104,0.1938682675335886
466.97214363775345,0.149583600256246,27.905151297379515,0.18955148490227597,0.03260956701043524,0.19233603221774598
467.9720839881555,0.14990390775144138,27.78852233619241,0.1871764626461162,0.03361609223157569,0.1901711592898217
468.97202433855756,0.1502242152466368,27.6749997866809,0.1894175560971011,0.029183579841105166,0.19165252904707678
469.9719646889596,0.15054452274183217,27.55958533789065,0.19057433902112123,0.02295156846383331,0.19195143445227825
470.9719050393616,0.15086483023702754,27.442127565277527,0.1909185669255907,0.02233803165327243,0.19222093240608282
471.97184538976364,0.15118513773222295,27.325469038523153,0.18936270658044982,0.022213363668686238,0.1906611343954264
472.9717857401657,0.15150544522741832,27.212476427874314,0.18810523126993586,0.02273868183720329,0.18947460432155444
473.97172609056776,0.15182575272261373,27.103724521930268,0.18537665549908738,0.021338504417680784,0.18660074001678212
474.9716664409698,0.1521460602178091,26.994384175707346,0.18421168310306232,0.022220391787184872,0.18554700213918587
475.9716067913718,0.15246636771300448,26.879357125645807,0.18361237897741386,0.022879992797307746,0.18503242900678332
476.9715471417739,0.15278667520819988,26.76282875999886,0.18398163930146377,0.022788748498027606,0.18538762272104434
477.9714874921759,0.15310698270339526,26.647928072848764,0.1841632266805764,0.02256660729669576,0.18554068509705532
478.97142784257795,0.15342729019859067,26.537788433316262,0.18534293166396415,0.022126453512585898,0.18665899995134846
479.97136819298,0.15374759769378604,26.427856993769737,0.18614798489833323,0.021235385106013773,0.18735531447575968
480.971308543382,0.15406790518898142,26.312356838533127,0.18676082021419632,0.019972486813804737,0.18782572826055266
481.9712488937841,0.15438821268417682,26.19355242200649,0.1869749792635625,0.01967722418735958,0.18800754246127796
482.9711892441861,0.1547085201793722,26.075303028106394,0.18700142350855134,0.0204095322717497,0.1881118853283231
483.97112959458815,0.15502882767456758,25.96262643052318,0.18818715796748323,0.02143829561244477,0.18940434773955178
484.9710699449902,0.15534913516976298,25.851910151495826,0.18874656579936264,0.0217331104587221,0.18999366881889548
485.97101029539226,0.15566944266495839,25.73592673934482,0.1893779415718842,0.02182987572588942,0.19063197063507412
486.9709506457943,0.15598975016015376,25.615914748203306,0.18866962623643818,0.02188393293428519,0.18993455289880665
487.9708909961963,0.15631005765534914,25.49671513467606,0.18754775263839416,0.022545967855606037,0.18889806824385025
488.97083134659835,0.15663036515054451,25.38261519599399,0.1888444785810638,0.0238993826518664,0.19035077510137488
489.97077169700043,0.15695067264573992,25.271452018868388,0.18914576314182935,0.025086647547129668,0.1908021477857598
490.97071204740246,0.1572709801409353,25.15717577950724,0.18817194298913673,0.025267757986052956,0.1898608430455018
491.9706523978045,0.1575912876361307,25.040210193988166,0.18773608003024106,0.025288756878271004,0.18943166833866343
492.9705927482065,0.15791159513132608,24.921500999983948,0.18690739207272516,0.02616492447925369,0.1887299035246732
493.9705330986086,0.15823190262652148,24.805892637609972,0.18697504316599384,0.026061181463766594,0.18878255201742725
494.9704734490106,0.15855221012171686,24.694310666241787,0.18707195411627278,0.024369236089050755,0.1886525263134442
495.97041379941265,0.15887251761691223,24.582025047104956,0.18783702770097754,0.022620263468166795,0.18919414709474258
496.9703541498147,0.1591928251121076,24.46409508420824,0.1883457547270357,0.018876120532935692,0.18928927927928357
497.97029450021677,0.15951313260730302,24.34426250279378,0.1878447794620836,0.014230920860035023,0.18838306792194306
498.9702348506188,0.15983344010249842,24.226424217088766,0.18747992873761585,0.010598820723014539,0.1877792818182563
499.9701752010208,0.1601537475976938,24.113617560374752,0.18830191875088984,0.010472754469771202,0.18859292455299279
500.97011555142285,0.16047405509288917,24.00011801975178,0.18936922301063552,0.009269028574289904,0.18959593221997886
501.97005590182494,0.16079436258808458,23.882025422446066,0.19028774530673845,0.008713386851648606,0.1904871363750021
502.96999625222696,0.16111467008327995,23.76166257655633,0.1893549532489456,0.00709850875843926,0.18948796042626037
503.969936602629,0.16143497757847533,23.64306790213457,0.18792444351777735,0.007589452865775722,0.18807763361513277
504.969876953031,0.16175528507367073,23.531094094640807,0.1883190460677446,0.00833827150161772,0.18850355403413485
505.9698173034331,0.16207559256886614,23.418358698027344,0.19025529610875627,0.00882102494635876,0.19045967599083755
506.96975765383513,0.16239590006406152,23.292981819107133,0.1960355131973013,0.008901805229776185,0.19623752080292434
507.96969800423716,0.1627162075592569,23.15987152370687,0.1985975114066783,0.008540642952693505,0.19878107082660337
508.9696383546392,0.16303651505445227,23.03386256766727,0.1949890930441031,0.008047580134882194,0.19515509204781015
509.9695787050413,0.16335682254964767,22.92269287567216,0.1949944210181149,0.0076124946742354635,0.19514295863124326
510.9695190554433,0.16367713004484305,22.81453898741041,0.19430573506159654,0.007133303991218069,0.1944366290174217
511.9694594058453,0.16399743754003845,22.699040345514348,0.18715361265072308,0.0069144501970204485,0.18728129738375898
512.9693997562474,0.16431774503523383,22.579975900290307,0.18350053943607894,0.007386642597813678,0.18364915045324823
513.9693401066494,0.1646380525304292,22.460955902050163,0.18250189185860238,0.007975009782988743,0.18267605566413941
514.9692804570515,0.1649583600256246,22.346539709025503,0.1846311373179328,0.008486406950379673,0.18482606950925728
515.9692208074534,0.16527866752082,22.236147979599252,0.18511320780207027,0.008805229636287446,0.18532250746123688
516.9691611578555,0.16559897501601537,22.12380770799162,0.18533839207849853,0.010004085624380765,0.18560819299649245
517.9691015082576,0.16591928251121077,22.00791599694321,0.1846241745167145,0.012271882896894442,0.18503157818549068
518.9690418586596,0.16623959000640615,21.892117003896153,0.18244282439862294,0.014248327206367558,0.1829983579235794
519.9689822090617,0.16655989750160155,21.779363904509303,0.18189993676417962,0.016616177418472166,0.18265728659655134
520.9689225594637,0.16688020499679695,21.67009345491564,0.18188162916194794,0.01780470477139476,0.18275101788663417
521.9688629098657,0.1672005124919923,21.55828428896477,0.1815613450239335,0.01843078778413828,0.18249442716215683
522.9688032602678,0.1675208199871877,21.441743371540966,0.18239613257199389,0.01828185121695635,0.18331005226429697
523.9687436106698,0.16784112748238308,21.32369096790191,0.18276394575854013,0.018036537426999278,0.18365178069266344
524.9686839610719,0.1681614349775785,21.20837745816654,0.18360098187640125,0.017151537793659143,0.18440036820642722
525.968624311474,0.1684817424727739,21.09841867367938,0.18405783336748616,0.01675506257001502,0.18481887929986593
526.9685646618759,0.16880204996796924,20.987363097499703,0.18380882644529936,0.016991839399042113,0.18459254395928623
527.968505012278,0.16912235746316465,20.87122420717724,0.18364421721402482,0.017307238753060172,0.1844579600597582
528.9684453626801,0.16944266495836005,20.753334703030227,0.18241679015001555,0.017315882544716235,0.1832368006622502
529.9683857130821,0.1697629724535554,20.63820416161267,0.1817425717046094,0.017093193827025885,0.18254462370887115
530.9683260634841,0.1700832799487508,20.528722212425233,0.18255388468641556,0.016781746129111017,0.18332361500156777
531.9682664138861,0.17040358744394618,20.419400327537613,0.18269047968916094,0.016722819056276483,0.1834542560047182
532.9682067642882,0.17072389493914158,20.304158643389812,0.18327151200104586,0.016953524062042282,0.18405398417114405
533.9681471146903,0.171044202434337,20.185016106859297,0.18296981715257782,0.017490184652432034,0.18380386434464302
534.9680874650923,0.17136450992953234,20.066427334519457,0.1828418479193877,0.018385565968286575,0.18376389848539545
535.9680278154943,0.17168481742472774,19.953372746323385,0.18432737252839834,0.018830711670796613,0.18528673985272562
536.9679681658964,0.17200512491992315,19.841465548311763,0.18693494607463884,0.019893949118439124,0.18799054038822052
537.9679085162984,0.17232543241511852,19.722186922741713,0.19016025948223148,0.022905038019295356,0.19153476199639316
538.9678488667005,0.17264573991031393,19.598364974230115,0.1896798598015788,0.025365324729617063,0.19136835922635045
539.9677892171024,0.17296604740550928,19.478273662874166,0.1869604038368634,0.02619809152539745,0.18878700326668715
540.9677295675045,0.17328635490070468,19.36677998229753,0.18632036536330146,0.025380353527759886,0.18804106172405063
541.9676699179066,0.17360666239590009,19.257969987089197,0.18626394823974957,0.025344465071337516,0.18798031897944092
542.9676102683086,0.17392696989109546,19.144281535831315,0.18019875795086454,0.026504126971799012,0.18213747860770313
543.9675506187107,0.17424727738629084,19.027248488980653,0.17990453388387265,0.027388578349122675,0.1819774039158695
544.9674909691126,0.17456758488148622,18.908502605649332,0.18186368537243305,0.027696755607895335,0.18396062167878974
545.9674313195147,0.17488789237668162,18.793307854018142,0.18270205862586045,0.02806955178294635,0.18484572476371436
546.9673716699168,0.17520819987187702,18.683459371858692,0.18238172241106446,0.028537151869985976,0.1846008171879995
547.9673120203188,0.17552850736707237,18.574166795779934,0.18138944551602867,0.030944254346613825,0.18400999380925012
548.9672523707209,0.17584881486226778,18.46113045851599,0.18006471878325822,0.032036480251163194,0.18289242471293618
549.967192721123,0.17616912235746318,18.34584950760018,0.1783771943432097,0.03258437183712554,0.1813288855912793
550.9671330715249,0.17648942985265856,18.232233082070877,0.17892871019370485,0.032546935533972185,0.18186474739276812
551.967073421927,0.17680973734785396,18.121536680257037,0.180467637858202,0.03258759431149626,0.18338625798333363
552.967013772329,0.1771300448430493,18.00912375289358,0.18116255849958293,0.03244670565836228,0.1840452697305617
553.9669541227311,0.17745035233824472,17.892720733956256,0.1831548565167258,0.03254426509486109,0.18602373680857776
554.9668944731332,0.17777065983344012,17.77400263020326,0.18300667569145238,0.03252006201465421,0.18587360700506508
555.9668348235351,0.1780909673286355,17.657811330011477,0.1825964426541757,0.032921403612801034,0.18554050685981383
556.9667751739372,0.17841127482383087,17.546357809868663,0.18370486149181875,0.03360440130388674,0.18675313095828133
557.9667155243393,0.17873158231902628,17.435447822710916,0.18348844090226235,0.03557916562173665,0.18690608596587216
558.9666558747413,0.17905188981422165,17.31869759129976,0.18406991922096033,0.03643565840472139,0.18764139299577906
559.9665962251433,0.17937219730941706,17.198175123420892,0.18463878298268718,0.03287134449128658,0.1875420098804337
560.9665365755453,0.1796925048046124,17.079788211563873,0.18287325050455275,0.027758577358786674,0.18496800903692684
561.9664769259474,0.1800128122998078,16.96939005592859,0.1834464226018034,0.027422396697827936,0.18548471043741718
562.9664172763495,0.18033311979500322,16.860219110253503,0.18329657541358205,0.02748150572584097,0.18534526623387607
563.9663576267515,0.1806534272901986,16.746654771722838,0.18237320513721075,0.027499133625721633,0.1844347806195579
564.9662979771535,0.180973734785394,16.629170176671046,0.17947197576770807,0.02586733995463927,0.1813265269128973
565.9662383275556,0.1812940422805894,16.513030178225716,0.17941150531381364,0.02627059447949608,0.1813246601355555
566.9661786779576,0.18161434977578475,16.401315502583312,0.18058078164157812,0.026871239712649056,0.1825691162874432
567.9661190283597,0.18193465727098015,16.29214941186074,0.18068616716742153,0.027006612277912446,0.1826933170983079
568.9660593787617,0.18225496476617553,16.179422150367515,0.18042301640968444,0.026942048514128125,0.1824235150097347
569.9659997291637,0.18257527226137094,16.06289548783514,0.18077396664810308,0.026536160026653443,0.18271123338932843
570.9659400795658,0.1828955797565663,15.944929055822993,0.18017886031869682,0.025612265458999132,0.18199013667692734
571.9658804299678,0.1832158872517617,15.83110852710382,0.18150416520568474,0.025587747975415794,0.18329892207393336
572.9658207803699,0.1835361947469571,15.72097039838077,0.1824983896493552,0.026508692039586033,0.1844135921732926
573.965761130772,0.1838565022421525,15.607329735995544,0.18310328682164245,0.028079094794368722,0.18524375619534336
574.9657014811739,0.18417680973734785,15.487157131338062,0.18457504757602206,0.02904586121017074,0.18684648843671456
575.965641831576,0.18449711723254325,15.364741431844603,0.18635637471783764,0.029358880998110567,0.188654823133246
576.965582181978,0.18481742472773863,15.241925025748913,0.18864443863053365,0.02994035224538082,0.1910056253590628
577.9655225323801,0.18513773222293403,15.12647657547965,0.1891028726872655,0.030513320629653614,0.19154884284282217
578.9654628827822,0.18545803971812944,15.016127362037112,0.18778177120636041,0.03059647559744542,0.1902580823943702
579.9654032331841,0.18577834721332478,14.900891063370695,0.18694336343384835,0.030645007968224978,0.18943847984327913
580.9653435835862,0.1860986547085202,14.780574276181474,0.17913574741697585,0.032558431791972015,0.18207050140918232
581.9652839339882,0.18641896220371557,14.663246352727661,0.18253669655562516,0.033457856526201195,0.1855776757930981
582.9652242843903,0.18673926969891097,14.547818510471945,0.1833270802868434,0.032477132816444515,0.1861815848103021
583.9651646347924,0.18705957719410635,14.435238235615934,0.18367771522159557,0.031656213194850076,0.18638567247206358
584.9651049851943,0.18737988468930172,14.319558153933684,0.1839759151183132,0.031988782374400705,0.18673622985756555
585.9650453355964,0.18770019218449713,14.202627386181598,0.1827831433411367,0.033089449780066685,0.18575410944690854
586.9649856859985,0.18802049967969253,14.08711824124753,0.18201390561909458,0.034199848360046047,0.18519905903261716
587.9649260364005,0.18834080717488788,13.9750638337704,0.17988531286519083,0.03528611674438945,0.18331349055513144
588.9648663868026,0.18866111467008329,13.865412577548057,0.17967260687826195,0.036671202953666715,0.18337672368242236
589.9648067372045,0.18898142216527866,13.751813767656119,0.17969384143890485,0.03725186124122795,0.18351451663834656
590.9647470876066,0.18930172966047407,13.63512045035852,0.17857741630086577,0.03754623511041201,0.18248181658362309
591.9646874380087,0.18962203715566947,13.519113950706366,0.1783118252123291,0.03817479291853709,0.1823524659140243
592.9646277884107,0.18994234465086482,13.40728337252048,0.17852337383532507,0.0381677225079154,0.18255785397234617
593.9645681388128,0.19026265214606022,13.298827739013797,0.17811327018728476,0.03674310461571212,0.18186366529246537
594.9645084892148,0.19058295964125563,13.187142943457896,0.17778489384373805,0.03367644731932555,0.18094632238064556
595.9644488396168,0.190903267136451,13.071195367999062,0.1788012494100378,0.0302409197235991,0.18134056362634288
596.9643891900189,0.1912235746316464,12.952796159164928,0.17961523439581506,0.02726846882087546,0.18167333821697293
597.9643295404209,0.19154388212684176,12.835725783238654,0.1804680803424202,0.027328583960998548,0.18252555854945787
598.964269890823,0.19186418962203716,12.725073890793126,0.18122475933558022,0.026978180774298213,0.18322182084601626
599.964210241225,0.19218449711723257,12.612597092495134,0.1815541196864522,0.02705319617938599,0.1835586385835408
600.964150591627,0.19250480461242792,12.495755854281656,0.1823148949904572,0.02622363658799735,0.1841912051409643
601.9640909420291,0.19282511210762332,12.377773033763164,0.18030401571585317,0.026156494537062612,0.18219138368685278
602.9640312924312,0.19314541960281872,12.262810582117233,0.17953644621714823,0.026275629489133336,0.18144901274279002
603.9639716428331,0.1934657270980141,12.155234305929067,0.17823281098085636,0.02814093099728713,0.18044070191487216
604.9639119932352,0.1937860345932095,12.041791458040985,0.1811497445177499,0.02866633699173575,0.18340389531133142
605.9638523436372,0.19410634208840485,11.911486964321558,0.18773107096989455,0.02490573483600706,0.18937595051966097
606.9637926940393,0.19442664958360026,11.783081151574544,0.18689988048381184,0.021754573296323493,0.18816170381926356
607.9637330444414,0.19474695707879566,11.666045985419405,0.18744804197933335,0.021414025353054478,0.18866724390764597
608.9636733948433,0.19506726457399104,11.554412529007678,0.18876844709360677,0.021331991390339637,0.18996994624100239
609.9636137452454,0.19538757206918644,11.444778337418054,0.19116411011381276,0.02278355598647158,0.19251703150369479
610.9635540956474,0.1957078795643818,11.326539784948134,0.18148874567524065,0.02321583015172914,0.18296759160137108
611.9634944460495,0.1960281870595772,11.208816110778702,0.17974514249319062,0.023923452686739326,0.18133021766476778
612.9634347964516,0.1963484945547726,11.092077485100202,0.17907084596365802,0.02364071279303459,0.18062461398021834
613.9633751468535,0.19666880204996798,10.97962139056019,0.17959334458131213,0.023814013243394307,0.1811653295878063
614.9633154972556,0.19698910954516335,10.869348175912046,0.17955910964528354,0.02435969848159434,0.18120394247013819
615.9632558476577,0.19730941704035876,10.755285485612617,0.180337988568582,0.02481470711098155,0.1820372484135206
616.9631961980597,0.19762972453555414,10.636830077631515,0.18039755001256685,0.02500785209979637,0.18212267491221912
617.9631365484618,0.19795003203074954,10.518470173922417,0.18029684116466674,0.02560612251151903,0.1821060801951214
618.9630768988637,0.1982703395259449,10.404845364812632,0.18025933004190148,0.026574083100521253,0.18220759577961773
619.9630172492658,0.1985906470211403,10.295057529898486,0.18025430460319739,0.027528157437713117,0.18234421784059343
620.9629575996679,0.1989109545163357,10.181598947178923,0.1799962914541221,0.027997234927417212,0.1821606711143167
621.9628979500699,0.19923126201153107,10.063907743827787,0.17932306112203417,0.028235155405889882,0.1815323228821015
622.962838300472,0.19955156950672648,9.945824788189679,0.1786139353888788,0.028379557813097447,0.18085446418811316
623.962778650874,0.19987187700192185,9.83149031808963,0.17921031808200333,0.02841219129852377,0.1814485897477209
624.962719001276,0.20019218449711723,9.722382162869406,0.17921208757963114,0.02850183530417767,0.18146439582010532
625.9626593516781,0.20051249199231264,9.61220326162448,0.17824290718845587,0.028825564126909935,0.18055870820934417
626.9625997020801,0.200832799487508,9.496560307500914,0.17814196638925445,0.029737079408473588,0.1806069048535413
627.9625400524822,0.2011531069827034,9.378186712370349,0.1771197598997624,0.03061293892430889,0.17974582436466485
628.9624804028842,0.2014734144778988,9.261796710592042,0.17799125112652606,0.030737472534755474,0.18062579465682888
629.9624207532862,0.20179372197309417,9.149660406666092,0.17918478206692728,0.029996709385273688,0.1816782559865566
630.9623611036883,0.20211402946828957,9.03778299140018,0.17998583502689933,0.029641654950238478,0.18241033007623011
631.9623014540904,0.20243433696348498,8.922585338678893,0.1801474122242726,0.029603965106438604,0.1825636461104051
632.9622418044924,0.20275464445868033,8.806214211325178,0.17822855007020294,0.029629434052147654,0.1806746230724653
633.9621821548944,0.20307495195387573,8.69260697127015,0.17768453086514513,0.029312492351141733,0.18008613138329796
634.9621225052964,0.2033952594490711,8.581536379085948,0.1777251035573158,0.028771598866263192,0.18003893283337297
635.9620628556985,0.2037155669442665,8.469761738874494,0.17628474988104334,0.02834929979745368,0.17854970131486617
636.9620032061006,0.20403587443946192,8.35449897527662,0.17711442550204443,0.02819962259835831,0.17934530502806337
637.9619435565025,0.20435618193465727,8.235467927871994,0.1782962612419603,0.0281765835961813,0.18050893782861266
638.9618839069046,0.20467648942985267,8.116122022267412,0.18245387748970537,0.027898630712174757,0.18457451342653652
639.9618242573067,0.20499679692504807,7.998664586102121,0.18439302038355657,0.026645059175960994,0.18630819934898507
640.9617646077087,0.20531710442024342,7.880994214588542,0.18678822064148748,0.02414872048813955,0.18834277281495912
641.9617049581108,0.20563741191543883,7.754218261886549,0.1907854076658226,0.02035909662017837,0.19186861284067253
642.9616453085127,0.2059577194106342,7.626855934629229,0.18921423292807377,0.01841204069834222,0.19010794087895636
643.9615856589148,0.2062780269058296,7.506390704040015,0.18878540235754296,0.01933682297567173,0.1897731299897113
644.9615260093169,0.206598334401025,7.390632162093546,0.18817405457645167,0.019534992881583467,0.1891853344279755
645.9614663597189,0.20691864189622036,7.279394606929976,0.188658773678843,0.020073733610373967,0.18972371403455385
646.961406710121,0.20723894939141577,7.161511929833993,0.18302858588806442,0.020461058544688368,0.18416872201585627
647.9613470605229,0.20755925688661114,7.038416728081963,0.18375384193412184,0.0224135780720159,0.18511575542762584
648.961287410925,0.20787956438180655,6.912243690885657,0.18501252303097782,0.024885437512420606,0.1866786508374021
649.9612277613271,0.20819987187700195,6.792406242135429,0.18324608100209144,0.027579113047766734,0.18530983157708214
650.9611681117291,0.2085201793721973,6.680084977922573,0.18390651743748293,0.02930079974846836,0.1862260562377968
651.9611084621312,0.2088404868673927,6.568756495211352,0.1841648713435969,0.024077635117425486,0.1857321521704077
652.9610488125332,0.2091607943625881,6.435009767966235,0.196034515015997,0.06120351378849242,0.20536650451720537
653.9609891629352,0.20948110185778349,6.287949260579582,0.2161009331594215,0.13220956545598783,0.253335711083996
654.9609295133373,0.20980140935297886,6.109119939326948,0.22628910970282554,0.2154657094871397,0.3124615706529267
655.9608698637393,0.21012171684817424,5.974424576461216,0.24031426581522747,0.24774699255914165,0.3451514431034748
656.9608102141414,0.21044202434336964,5.854327145594209,0.22431073548396863,0.24928559340154888,0.33534849504794456
657.9607505645434,0.21076233183856505,5.741187124673773,0.2209833470545255,0.2594769052352203,0.3408253277352908
658.9606909149454,0.2110826393337604,5.612607484057911,0.17439107825515274,0.28394949741994574,0.3332259972751745
659.9606312653475,0.2114029468289558,5.51769605923064,0.16576461936555748,0.31448730988057283,0.3554998974814586
660.9605716157496,0.2117232543241512,5.420106765572714,0.1652374414234315,0.33560275091771397,0.37407568548583736
661.9605119661516,0.21204356181934658,5.302078019661005,0.16868797848063827,0.33654969106449734,0.37645893353657167
662.9604523165536,0.212363869314542,5.187390700221845,0.1605247411000507,0.3222895307851734,0.36005379342393484
663.9603926669556,0.21268417680973734,5.096702982871126,0.16514488429579288,0.28541588457194794,0.32974999617143036
664.9603330173577,0.21300448430493274,5.04594251501345,0.1487692019471562,0.15963791280922443,0.21821214139932565
665.9602733677598,0.21332479180012814,4.957872883789826,0.1422552688473368,0.11065480223315154,0.18022498931082212
666.9602137181618,0.21364509929532352,4.845735233595512,0.13993038662813123,0.11068349755019147,0.17841342363129947
667.9601540685638,0.2139654067905189,4.729511259185021,0.1382243022313182,0.11085779764451698,0.17718749681037732
668.9600944189659,0.2142857142857143,4.609638282243996,0.1356360878169005,0.11079281739697391,0.17513479581463287
669.9600347693679,0.21460602178090968,4.491929341688383,0.13954978648104394,0.11395336330611236,0.18016523503628493
670.95997511977,0.21492632927610508,4.390745741122111,0.17775802190746132,0.023824178034620353,0.1793474443962857
671.959915470172,0.21524663677130043,4.280603201670444,0.1789034180940408,0.018958978415249166,0.17990518577373207
672.959855820574,0.21556694426649584,4.165556152676785,0.17765496267209208,0.01574871582292994,0.17835164090104086
673.9597961709761,0.21588725176169124,4.0467116938789705,0.1779235427092122,0.015252115298590295,0.1785760736248794
674.9597365213781,0.21620755925688662,3.927487738803603,0.1769857490989147,0.014599068474192697,0.1775868468789796
675.9596768717802,0.21652786675208202,3.8122529164018477,0.1774586469861254,0.015016513008661825,0.17809286075832906
676.9596172221821,0.21684817424727737,3.702067351249888,0.1774928894373717,0.01450554783608428,0.17808463358429324
677.9595575725842,0.21716848174247277,3.5898355152985078,0.17671043632325267,0.014847691425911231,0.17733311096981696
678.9594979229863,0.21748878923766818,3.4716405011042055,0.17717705301072173,0.015272358020689015,0.17783406038516977
679.9594382733883,0.21780909673286356,3.351806196792422,0.17701665982708492,0.016525561517052277,0.17778636629334596
680.9593786237904,0.21812940422805896,3.2355959384237787,0.17699787214331422,0.018449662466034127,0.1779568396785344
681.9593189741925,0.21844971172325434,3.1205173006217293,0.1793433278076718,0.014855018211696672,0.1799574971908641
682.9592593245944,0.2187700192184497,3.009011747375828,0.1765265738562286,0.011492190414477882,0.1769002592365007
683.9591996749965,0.21909032671364512,2.9021388095034624,0.17238348264394254,0.012287142352234725,0.17282082905610227
684.9591400253985,0.21941063420884047,2.7832646668531416,0.1824472024467776,0.016900448605456905,0.18322829160291032
685.9590803758006,0.21973094170403587,2.6375448755267183,0.1971468204778923,0.02619330527915923,0.19887925499153886
686.9590207262027,0.22005124919923127,2.5329769467338537,0.18741837386666327,0.02630570875664345,0.18925548123109595
687.9589610766046,0.22037155669442665,2.4322321360221246,0.17819191206392432,0.024121639935626504,0.17981716002145443
688.9589014270067,0.22069186418962206,2.3236641946025003,0.17512420211890956,0.0255253035242034,0.17697465154023442
689.9588417774088,0.22101217168481746,2.2221349694294066,0.1739723763052622,0.025005771968660252,0.17576028091991772
690.9587821278108,0.2213324791800128,2.1030573679979874,0.14274517825236155,0.033322239650192154,0.1465829375118513
691.9587224782128,0.2216527866752082,1.9871434731088746,0.14040200377459522,0.03866104237823167,0.1456276033645163
692.9586628286148,0.2219730941704036,1.889578957059792,0.17598123288974354,0.03554611180550253,0.17953529010721941
693.9586031790169,0.222293401665599,1.7766405389336315,0.17746720388383205,0.03496423752754905,0.1808787062100691
694.958543529419,0.22261370916079437,1.659651043983453,0.17379948833946804,0.03634522918079899,0.17755911080895198
695.958483879821,0.22293401665598975,1.543537686788671,0.17363308959137047,0.036501935948494976,0.177428411279121
696.958424230223,0.22325432415118515,1.4308863737779063,0.17528306736580682,0.03600767306855106,0.1789433044988765
697.9583645806251,0.22357463164638056,1.3203032895711033,0.1745507749496045,0.035413845243279854,0.17810702813314935
698.9583049310271,0.2238949391415759,1.2081374400190226,0.17439825992262734,0.033477518082412464,0.17758236759599344
699.9582452814292,0.2242152466367713,1.0933419006519929,0.17379677077815264,0.030778243254199734,0.1765010418970053
700.9581856318312,0.22453555413196669,0.9768733866045869,0.1729010630613172,0.030423813888497454,0.17555735831703415
701.9581259822332,0.2248558616271621,0.8648520780635088,0.17293855273415634,0.03075351077759255,0.1756517049360241
702.9580663326353,0.2251761691223575,0.7559212984272322,0.17167750701951603,0.03146267872898196,0.1745367198306394
703.9580066830373,0.22549647661755284,0.6454703914170308,0.1734411918104501,0.031112111375480186,0.17620956412995756
704.9579470334394,0.22581678411274825,0.5303154838093054,0.17261315056102033,0.031393397696889376,0.1754447068610408
705.9578873838414,0.22613709160794362,0.41465098247189475,0.17146974984981803,0.031090615783655677,0.17426560619745388
706.9578277342434,0.22645739910313903,0.30124940190674204,0.17207702919500048,0.029835778648908354,0.17464443210180994
707.9577680846455,0.22677770659833443,0.19174824555713152,0.1728510403008999,0.0272328893367909,0.17498317746210124
708.9577084350475,0.22709801409352978,0.08172621901721427,0.17240047074898227,0.0239864321757514,0.17406111352910683
709.9576487854496,0.2274183215887252,359.9667576553669,0.17334880179017254,0.02127096367180188,0.17464896500585292
710.9575891358517,0.2277386290839206,359.84751819872184,0.17413845278027051,0.019078461826610327,0.17518044537669133
711.9575294862536,0.22805893657911594,359.7295356085428,0.1750895469452598,0.018031170227831125,0.1760155463283893
712.9574698366557,0.22837924407431134,359.61783366368104,0.17614451532371558,0.01721919871268571,0.17698415489227737
713.9574101870577,0.22869955156950672,359.50705770003583,0.17648366688141606,0.01604368077001587,0.17721141150772657
714.9573505374598,0.22901985906470212,359.39128002091195,0.17715869520039143,0.01420312222736126,0.17772712782833847
715.9572908878619,0.22934016655989753,359.2726619594489,0.17528717091908388,0.01359823112451829,0.1758138338656317
716.9572312382638,0.22966047405509288,359.1563867913264,0.17399022041466722,0.013338567685428333,0.17450075698358228
717.9571715886659,0.22998078155028828,359.0474093773477,0.17181583389647204,0.012961278827448058,0.17230402063324848
718.957111939068,0.2303010890454837,358.93324665197815,0.1781136249870404,0.01401073240192672,0.17866382965911834
719.95705228947,0.23062139654067906,358.79041987192323,0.19073838901766782,0.01699239321460207,0.1914937974771372
720.956992639872,0.23094170403587447,358.65456826495483,0.18857411233173188,0.019324079966726512,0.18956164144747503
721.956932990274,0.23126201153106982,358.5361591943756,0.19179666369646833,0.018468048032568705,0.1926837538642774
722.9568733406761,0.23158231902626522,358.4171928263553,0.1932685989235585,0.01648588788563157,0.19397045091779555
723.9568136910782,0.23190262652146063,358.3055005116287,0.1988907502721141,0.015601415932237296,0.19950171609010062
724.9567540414802,0.232222934016656,358.18476029712394,0.17879856387518064,0.01608571530049374,0.17952068594052217
725.9566943918823,0.23254324151185138,358.0672378503956,0.1775413573062447,0.016017974597310268,0.17826247239490348
726.9566347422843,0.23286354900704678,357.9488409152284,0.17664892103245064,0.015568772873755793,0.17733366288080663
727.9565750926863,0.23318385650224216,357.8322954900502,0.17752821764052987,0.01532896787128318,0.17818879121488582
728.9565154430884,0.23350416399743756,357.7191760750802,0.1765000563121871,0.015228627300643586,0.17715580986145255
729.9564557934904,0.2338244714926329,357.60570090242555,0.17596776834929717,0.01513865758989911,0.176617763691697
730.9563961438924,0.23414477898782832,357.48732153169317,0.17632094098900608,0.01498470145674325,0.1769565356492839
731.9563364942945,0.23446508648302372,357.3663849523715,0.17596987951398074,0.014785479894729829,0.17658994567042133
732.9562768446965,0.2347853939782191,357.2493511809362,0.1766766816640482,0.014667438454438401,0.17728447082199322
733.9562171950986,0.2351057014734145,357.1373097341063,0.1779468215007153,0.014582166094499902,0.17854330245129615
734.9561575455007,0.23542600896860988,357.02365556959006,0.1776333502058492,0.014565343374905164,0.1782295046645834
735.9560978959026,0.23574631646380526,356.90531054126114,0.17690819580586953,0.014186209753846275,0.177476078079464
736.9560382463047,0.23606662395900066,356.78547548842266,0.17508507371948,0.013499976059177634,0.1756047618743698
737.9559785967067,0.23638693145419604,356.6681446005855,0.17520201813116504,0.013006042445625057,0.17568410371268792
738.9559189471088,0.2367072389493914,356.5562763113593,0.176199015106084,0.012294397507699865,0.17662741897687162
739.9558592975109,0.23702754644458682,356.4441895343259,0.17610035761209475,0.011709945336117716,0.17648925964738627
740.9557996479128,0.2373478539397822,356.32654201361265,0.17645061831512096,0.011863474449196732,0.1768489828350597
741.9557399983149,0.2376681614349776,356.2057905894264,0.1759806689327112,0.012166007558498228,0.17640070175007225
742.9556803487169,0.23798846893017295,356.0861738486236,0.17585585536596005,0.011851374942519961,0.17625475016158187
743.955620699119,0.23830877642536835,355.9720959616664,0.17593424558462986,0.011175284671008869,0.17628881347638295
744.9555610495211,0.23862908392056376,355.86162854247533,0.17587930946723965,0.010500493472885696,0.17619248525929582
745.955501399923,0.23894939141575913,355.7461043094242,0.17631545448237115,0.010432486002756716,0.17662382696998388
746.9554417503251,0.23926969891095454,355.6256090464372,0.17663382904365052,0.010730192152115379,0.17695944898830035
747.9553821007272,0.23959000640614994,355.504498333053,0.17588318040938858,0.010590862603820155,0.17620175799808163
748.9553224511292,0.2399103139013453,355.3890945359426,0.17508275045666277,0.010121674179358652,0.17537507746445372
749.9552628015313,0.2402306213965407,355.2791762394314,0.17384510217941354,0.009855012856187919,0.17412421092474867
750.9552031519332,0.24055092889173607,355.16855050869043,0.1717304052502555,0.011552952718282489,0.1721185719320488
751.9551435023353,0.24087123638693145,355.0568712986055,0.16883252281260297,0.015723723709689108,0.1695631335124671
752.9550838527374,0.24119154388212685,354.93746462463946,0.1757433495275,0.02015725609654091,0.17689556205989615
753.9550242031394,0.24151185137732223,354.7913271918562,0.19677682857752923,0.021603318367016615,0.1979591463648422
754.9549645535415,0.24183215887251763,354.64687329080584,0.2033478213353198,0.021775467288459683,0.20451040906871204
755.9549049039435,0.24215246636771304,354.5114335363788,0.1992795717520824,0.020886364170786063,0.2003711254796161
756.9548452543455,0.2424727738629084,354.3929475334066,0.206952813774231,0.020174020863702152,0.20793378332267373
757.9547856047476,0.2427930813581038,354.270992912642,0.20778977048501118,0.01811059792512301,0.20857752150080577
758.9547259551496,0.24311338885329917,354.1664065337279,0.17014179250845396,0.017696290783029738,0.1710596044233335
759.9546663055517,0.24343369634849457,354.0824716995771,0.1498787229106727,0.019827389771106003,0.15118451298486085
760.9546066559537,0.24375400384368998,354.01146331550916,0.14158603294641034,0.022836548400457433,0.14341587313944168
761.9545470063557,0.24407431133888532,353.92384042242014,0.13550948878269217,0.02412934334948493,0.13764100682799407
762.9544873567578,0.24439461883408073,353.8084195352545,0.13282644845960895,0.02508508003502478,0.13517443046211347
763.9544277071599,0.24471492632927613,353.69062679439,0.13267260128569938,0.02861270153894761,0.1357229008725906
764.9543680575619,0.2450352338244715,353.5909257063784,0.174159159527356,0.03383888059818433,0.17741612860000414
765.9543084079639,0.2453555413196669,353.4741047664468,0.17812300277467294,0.04105250627427702,0.18279253920460128
766.9542487583659,0.24567584881486226,353.35303891313976,0.17727267448486722,0.046289090636213226,0.1832164867880215
767.954189108768,0.24599615631005767,353.23549386344547,0.17546041688467542,0.04431299749480999,0.18096960971477816
768.9541294591701,0.24631646380525307,353.1192817203041,0.17522784790003804,0.042348263913295,0.18027249966689024
769.954069809572,0.24663677130044842,353.0057495603621,0.17178071791868435,0.04378238023654576,0.17727242275051153
770.9540101599741,0.24695707879564383,352.8957028769712,0.17114887696481332,0.04403579355939049,0.17672319938458014
771.9539505103761,0.2472773862908392,352.7810252608967,0.17240028899667528,0.04385652760756165,0.17789113148195437
772.9538908607782,0.2475976937860346,352.6608740063333,0.1725061138209048,0.043941391785106976,0.17801462079729077
773.9538312111803,0.24791800128123,352.53967406721426,0.1732215893938332,0.04345680140989287,0.17858950870895135
774.9537715615822,0.24823830877642536,352.42318664269146,0.1740531291275875,0.042635810978439284,0.17919906287950796
775.9537119119843,0.24855861627162076,352.3125434326671,0.1750959942671503,0.04184068160005524,0.18002569218075273
776.9536522623864,0.24887892376681617,352.19908318057225,0.17373720657800837,0.04147784899257998,0.17861978867578143
777.9535926127884,0.24919923126201154,352.08236844769283,0.1706893726486083,0.041730570591503584,0.1757165400782406
778.9535329631905,0.24951953875720692,351.9666263401871,0.16901888413023916,0.041943565045301695,0.17414547321518487
779.9534733135924,0.2498398462524023,351.85332716122264,0.16961258744514063,0.041717556075755655,0.17466763954656653
780.9534136639945,0.2501601537475977,351.7418757140838,0.16955385838143952,0.04083599200587957,0.1744020903978433
781.9533540143966,0.2504804612427931,351.6304102771369,0.16814699597753752,0.039988681872222515,0.1728366481222887
782.9532943647986,0.25080076873798846,351.521725098674,0.1662429173126647,0.03914004250108033,0.17078832068854077
783.9532347152007,0.25112107623318386,351.40950806529264,0.1655488011918086,0.03842659020459369,0.16995001738981005
784.9531750656027,0.25144138372837926,351.29687238230713,0.16470425134039118,0.03861501572976391,0.16917035747851533
785.9531154160047,0.2517616912235746,351.19178375802494,0.1612740650224735,0.03891354452896402,0.16590234475944177
786.9530557664068,0.25208199871877,351.08615915722703,0.16408251146607397,0.03945564550238183,0.16875964722357037
787.9529961168088,0.2524023062139654,350.9706963808166,0.1656467595245698,0.03948318264827434,0.17028731794537036
788.9529364672109,0.2527226137091608,350.85054321130843,0.1689935521554416,0.03866672062001656,0.1733607105246756
789.952876817613,0.25304292120435623,350.73070897435804,0.17173430673496853,0.03866153874718823,0.17603234557330819
790.9528171680149,0.2533632286995516,350.6173383119181,0.17402159120358343,0.03872449975820392,0.17827815650423987
791.952757518417,0.253683536194747,350.5054930516096,0.17374174380117957,0.038660260704265634,0.1779910371248971
792.9526978688191,0.2540038436899424,350.3889760890898,0.17499045843507843,0.038639569059207846,0.17920568305832324
793.9526382192211,0.25432415118513774,350.2667540185119,0.1732409294609568,0.03898752403855123,0.17757377810688385
794.9525785696231,0.25464445868033314,350.1458253951228,0.17512834386106324,0.03911761082723276,0.17944393079831272
795.9525189200251,0.2549647661755285,350.02875301571447,0.1763139016040728,0.039469465339037106,0.18067769810632442
796.9524592704272,0.2552850736707239,349.91370748679304,0.17541316781912059,0.03882619334482307,0.17965871182324708
797.9523996208293,0.2556053811659193,349.79663874515205,0.17498386626992382,0.038549280731749555,0.17917979936283504
798.9523399712313,0.25592568866111465,349.6760978884199,0.1739204959293216,0.037962547090205766,0.1780154315947841
799.9522803216333,0.25624599615631005,349.55585868827706,0.17412697565494276,0.03796250811747704,0.17821715875107688
800.9522206720353,0.25656630365150546,349.4399144586511,0.17442866544632524,0.03768792712564349,0.17845374521262888
801.9521610224374,0.25688661114670086,349.32653991796843,0.17415336926182373,0.038048472759994664,0.17826127539264713
802.9521013728395,0.25720691864189626,349.21023399187357,0.17360823094940278,0.03864274255712963,0.17785690710713986
803.9520417232415,0.2575272261370916,349.0898709792613,0.17323116217574247,0.03793231866967312,0.1773355473344699
804.9519820736435,0.257847533632287,348.96821345603234,0.17312086828513795,0.03700666424725857,0.1770319977702037
805.9519224240456,0.2581678411274824,348.850428506681,0.1738330688400811,0.03665302262009044,0.1776552275885774
806.9518627744476,0.25848814862267777,348.738589727958,0.17353280816367972,0.03684652941495211,0.17740152828851108
807.9518031248497,0.2588084561178732,348.6246611255827,0.17303599109720447,0.03747339601886059,0.17704719603591065
808.9517434752516,0.2591287636130685,348.5047252872572,0.1733357898208985,0.037712565090145915,0.1773909061888833
809.9516838256537,0.25944907110826393,348.3832676044913,0.17212431142933618,0.03777607404178063,0.17622091350073407
810.9516241760558,0.25976937860345933,348.2664853379476,0.17171646365214482,0.03734726233644085,0.17573093607337698
811.9515645264578,0.2600896860986547,348.15535900392047,0.1703710449468773,0.03732972689493641,0.1744127330969314
812.9515048768599,0.2604099935938501,348.0429083058627,0.17030487016069867,0.037566442750216436,0.17439892895702577
813.951445227262,0.2607303010890455,347.9236353106041,0.17232161194931,0.03779619153048965,0.17641794137507114
814.9513855776639,0.2610506085842409,347.8010272245343,0.17232127741131645,0.03797355057188583,0.17645569753256327
815.951325928066,0.2613709160794363,347.68107774440534,0.17335156763536677,0.037374666731734646,0.17733480119521766
816.951266278468,0.26169122357463165,347.56835567575126,0.1710835232337456,0.03605123791074837,0.17484068084107013
817.9512066288701,0.26201153106982705,347.4605497335137,0.16859059031275064,0.034380213985414486,0.172060414551647
818.9511469792722,0.26233183856502246,347.3479707439163,0.16862632276887776,0.032824608765054136,0.17179141908469298
819.9510873296741,0.2626521460602178,347.22799566763007,0.16801108898852193,0.03390719560479041,0.1713984362148341
820.9510276800762,0.2629724535554132,347.1161363275304,0.1709240298938555,0.036940177058289975,0.174870239538503
821.9509680304783,0.2632927610506086,346.99713205014274,0.18508970121742635,0.03902449083136913,0.1891589500430888
822.9509083808803,0.26361306854580396,346.83865953165764,0.2028339630291603,0.0401008390414986,0.20675999093138628
823.9508487312823,0.26393337604099937,346.68775425301294,0.19659122324887404,0.03622712015377341,0.19990125885827875
824.9507890816843,0.2642536835361947,346.58407719554737,0.20108439902732153,0.031345531218315716,0.2035128444583719
825.9507294320864,0.2645739910313901,346.47088315576116,0.19384081267623393,0.03113157089622703,0.19632482106307808
826.9506697824885,0.2648942985265855,346.3778438091717,0.14819450968558656,0.03478971067307424,0.15222331184699545
827.9506101328905,0.26521460602178093,346.309618073356,0.13169244020254559,0.03885715315603549,0.13730541561749357
828.9505504832925,0.26553491351697633,346.2249012829674,0.1279054553016474,0.0402514993138099,0.13408948017250033
829.9504908336946,0.26585522101217174,346.10766893169455,0.12773777425323463,0.0405433527833297,0.1340175452173478
830.9504311840966,0.2661755285073671,345.9884136772657,0.12530322345236897,0.04136131763404591,0.1319532356707434
831.9503715344987,0.2664958360025625,345.888665352975,0.16558979032632193,0.044256611669190045,0.1714019437951412
832.9503118849007,0.26681614349775784,345.7752698646888,0.17188831942090707,0.04734845682250682,0.1782904111746242
833.9502522353027,0.26713645099295324,345.64967751602535,0.17671126073734397,0.046720805040658654,0.1827832139312273
834.9501925857048,0.26745675848814865,345.52282057231486,0.17490355851888365,0.04633498276374462,0.18093696529533446
835.9501329361068,0.267777065983344,345.40543822352504,0.17482190933227282,0.044550551719118765,0.18040912294299113
836.9500732865089,0.2680973734785394,345.2897989452254,0.17569619190015337,0.04288184161419076,0.18085354347769927
837.9500136369109,0.26841768097373475,345.17733629791786,0.17296707018713184,0.041038135007413976,0.17776877086262066
838.9499539873129,0.26873798846893016,345.0655530301493,0.16690553205084693,0.043171440951986294,0.1723984627049996
839.949894337715,0.26905829596412556,344.9512556682884,0.16621930399822735,0.04458418231415023,0.1720947597525169
840.949834688117,0.26937860345932096,344.83286731339496,0.16545853945519914,0.04498478584645592,0.17146474633667178
841.9497750385191,0.26969891095451637,344.7159248810868,0.166339620984576,0.043922739642699306,0.17204091538646482
842.9497153889212,0.2700192184497118,344.60604043441833,0.16641704072716004,0.041570698315657795,0.1715306223472552
843.9496557393231,0.2703395259449071,344.49912395415436,0.16407963822711452,0.040963611630530986,0.169115774422606
844.9495960897252,0.2706598334401025,344.38746611315486,0.16288967982085203,0.04201201809447694,0.16822026470229545
845.9495364401272,0.2709801409352979,344.2717433735012,0.16243032476799324,0.04299126890231347,0.1680233900564644
846.9494767905293,0.2713004484304933,344.15431341781124,0.1627492385912932,0.0436321360451732,0.1684965220944046
847.9494171409314,0.2716207559256887,344.04230882535217,0.16666642613411395,0.04304679279572408,0.17213577190786367
848.9493574913333,0.27194106342088403,343.93225426715696,0.1657481166203932,0.04252457920292253,0.1711162704116505
849.9492978417354,0.27226137091607944,343.81989281240055,0.16550564949753724,0.04256313699870642,0.17089101979557703
850.9492381921375,0.27258167841127484,343.7039893348539,0.16350110541535742,0.04224006245461328,0.16886928183720523
851.9491785425395,0.2729019859064702,343.58900487387893,0.163092406120836,0.04109677778627342,0.1681906004469276
852.9491188929416,0.2732222934016656,343.48033195098145,0.16246913481574166,0.03937684114575569,0.1671728308858641
853.9490592433435,0.273542600896861,343.37585477445555,0.15972146967602524,0.03792338158258972,0.16416190406464026
854.9489995937456,0.2738629083920564,343.2681686627754,0.15862038665293626,0.03755770319711087,0.16300615979578587
855.9489399441477,0.2741832158872518,343.15027345373556,0.16320289249824116,0.03839190751756739,0.16765775461525753
856.9488802945497,0.27450352338244716,343.02705961851984,0.16708751316775647,0.03816108557909933,0.17138992242591317
857.9488206449518,0.27482383087764256,342.90883948481934,0.16702473384096847,0.03599047028906171,0.1708583497119008
858.9487609953538,0.27514413837283797,342.79974317264896,0.17087755216282444,0.03459696676504458,0.1743447387864067
859.9487013457558,0.2754644458680333,342.6872768286536,0.17127534086583512,0.03407718279889793,0.17463246197719803
860.9486416961579,0.2757847533632287,342.56684717967875,0.16959463385442405,0.03374005084505416,0.1729182779906248
861.9485820465599,0.27610506085842407,342.44489880873994,0.1686845256619334,0.03417173633457827,0.1721109431788444
862.948522396962,0.27642536835361947,342.3279745838611,0.16991939868178077,0.034672837622352515,0.17342089757916715
863.948462747364,0.2767456758488149,342.2160434058119,0.16865934897936272,0.03512102297027762,0.1722772830428354
864.948403097766,0.2770659833440102,342.10240206454245,0.16850295607791776,0.03434027989613141,0.17196656951379047
865.9483434481681,0.27738629083920563,341.98336891840984,0.16886789880744313,0.0332978068768142,0.17211946778457823
866.9482837985701,0.27770659833440103,341.8621198662463,0.16930317565634198,0.03323745173564947,0.1725349051212589
867.9482241489721,0.27802690582959644,341.74175950904936,0.17203505362740962,0.033957967842996956,0.1753545073746658
868.9481644993742,0.27834721332479184,341.6250001753359,0.17201781413537992,0.034684424766915654,0.1754797358709146
869.9481048497762,0.2786675208199872,341.51012661583627,0.17143844773602374,0.034824255395167564,0.174939618514404
870.9480452001783,0.2789878283151826,341.3922289773898,0.1713871220145277,0.03426540380927832,0.17477889887121817
871.9479855505804,0.279308135810378,341.2714828958619,0.16978052833651688,0.03397348294678827,0.17314625420655952
872.9479259009823,0.27962844330557335,341.1515349647311,0.16965313924815156,0.034124973510507806,0.1730511527665897
873.9478662513844,0.27994875080076875,341.0360064970571,0.17043154283282239,0.034806391454722294,0.1739494055134295
874.9478066017864,0.2802690582959641,340.9216587080739,0.169839874673967,0.03551219657055826,0.17351282123962708
875.9477469521885,0.2805893657911595,340.8027176414014,0.17056129185785854,0.03571672717517185,0.17426083576158832
876.9476873025906,0.2809096732863549,340.68032118356183,0.17063514425354248,0.03593719571126353,0.17437842323526415
877.9476276529925,0.2812299807815503,340.5589448848099,0.17118235112154495,0.036188403405553835,0.17496570485824645
878.9475680033946,0.28155028827674566,340.4430518638642,0.1710503494082364,0.036731859373132836,0.17494985431742255
879.9475083537967,0.28187059577194107,340.32946927459227,0.1704533870699692,0.03777701195556754,0.17458940344681814
880.9474487041987,0.2821909032671365,340.21151539729505,0.1712284998383076,0.038637907355560074,0.17553372052598368
881.9473890546008,0.2825112107623319,340.08978074915825,0.17068328447924055,0.03911307617693997,0.17510744224231153
882.9473294050027,0.2828315182575272,339.96939098721043,0.1699236500093884,0.03954282118384271,0.17446398350287223
883.9472697554048,0.28315182575272263,339.8531094310577,0.16887011258387144,0.0403989111264522,0.17363521228222228
884.9472101058069,0.28347213324791803,339.7410642254656,0.16745923025343548,0.0420175076648639,0.17265012234991325
885.9471504562089,0.2837924407431134,339.62731763013744,0.1668082437180674,0.043352004612269235,0.17234960538454502
886.947090806611,0.2841127482383088,339.510071076585,0.16674181451246076,0.0439255965012915,0.17243053886972035
887.947031157013,0.2844330557335042,339.3953229034501,0.16310227643549433,0.041449382254974465,0.16828667168780598
888.946971507415,0.28475336322869954,339.29154871885083,0.15706187187418427,0.038486393943889086,0.1617084849827828
889.9469118578171,0.28507367072389495,339.1723030322529,0.17233989951533735,0.042053534777438936,0.1773965635299451
890.9468522082191,0.28539397821909035,339.0086401826665,0.19560193347884877,0.05021493705609433,0.20194468619949252
891.9467925586212,0.2857142857142857,338.8710888956345,0.18102703917106136,0.05323955291699378,0.18869350520312658
892.9467329090232,0.2860345932094811,338.79573781315435,0.17485035069142066,0.04881558909740883,0.18153679207213025
893.9466732594252,0.2863549007046765,338.70884735986556,0.18619434479715702,0.04542325697109881,0.19165491464688578
894.9466136098273,0.2866752081998719,338.5998009537796,0.18055403778213802,0.04541541610215743,0.18617819576729663
895.9465539602293,0.28699551569506726,338.48481441044197,0.1257321593899255,0.04662158859547292,0.13409753326597457
896.9464943106314,0.28731582319026266,338.39792030877663,0.12437801539595611,0.04297160052335294,0.13159197986722185
897.9464346610334,0.28763613068545807,338.2802124647549,0.1236026516013476,0.041695508013553026,0.1304458925048711
898.9463750114354,0.2879564381806534,338.1627022857299,0.12271453101006623,0.04269577689202236,0.12992992528834094
899.9463153618375,0.2882767456758488,338.0657419300647,0.1613737277257772,0.046124011331473605,0.16783594496239232
900.9462557122396,0.2885970531710442,337.9573151042482,0.16334425437617273,0.04964564215118464,0.1707220993963913
901.9461960626415,0.2889173606662396,337.8422790070951,0.16373806589598341,0.05091063285450492,0.17147025036723892
902.9461364130436,0.289237668161435,337.7232531132598,0.16303244895521615,0.05079551648718674,0.1707623023607237
903.9460767634456,0.2895579756566304,337.6049379892393,0.16399568573485104,0.04903499593014406,0.17116955268245948
904.9460171138477,0.28987828315182573,337.4900375860309,0.1673093711471187,0.04875114507535932,0.17426732286864063
905.9459574642498,0.29019859064702114,337.37728512020067,0.16628726685832618,0.04923685977024935,0.17342353784664694
906.9458978146517,0.29051889814221654,337.2631268568965,0.16619029177193337,0.049602539066257535,0.1734347859025402
907.9458381650538,0.29083920563741195,337.14320692408376,0.16665242275980854,0.04946859453022977,0.17383950027686523
908.9457785154559,0.29115951313260735,337.01937975346175,0.16929317454599863,0.049993653515876174,0.17652066264244373
909.9457188658579,0.2914798206278027,336.89583115832454,0.17333836004468575,0.0516909196112973,0.18088155857699456
910.94565921626,0.2918001281229981,336.78122460228565,0.1711801250518132,0.05232526413544401,0.1789987946316913
911.9455995666619,0.29212043561819345,336.66921627309904,0.16881333624127556,0.052654196716335554,0.1768344053761952
912.945539917064,0.29244074311338886,336.5530614049571,0.16814323737314565,0.05203923645141031,0.17601201778505862
913.9454802674661,0.29276105060858426,336.4315616929781,0.16324477803255905,0.05209142388501288,0.17135452721555844
914.9454206178681,0.2930813581037796,336.31426276890153,0.166677917102376,0.05122001775269077,0.17437034801872847
915.9453609682702,0.293401665598975,336.20131216551874,0.1658122302847615,0.04878658948352079,0.17284046697877312
916.9453013186723,0.2937219730941704,336.09050332237337,0.16453924942144538,0.044817337783730725,0.17053374553499268
917.9452416690742,0.2940422805893658,335.97417084201726,0.16494403465626814,0.04229806770811538,0.17028112373521764
918.9451820194763,0.29436258808456117,335.85604268512105,0.16323071943030687,0.042435315933071906,0.16865652612358406
919.9451223698783,0.2946828955797566,335.74136328068954,0.1633242674350262,0.042439166729849966,0.1687480346727391
920.9450627202804,0.295003203074952,335.63414568948673,0.16094787824844684,0.04119096464220557,0.16613523130519997
921.9450030706824,0.2953235105701474,335.5289874274074,0.157568070923132,0.04091177080832576,0.16279272086033247
922.9449434210844,0.29564381806534273,335.4214736854086,0.1542225449784685,0.03915900072518112,0.1591163747620919
923.9448837714865,0.29596412556053814,335.30796334696055,0.15631516791260416,0.03837657383198544,0.1609571158371927
924.9448241218886,0.29628443305573354,335.1893490000018,0.16060337627290927,0.0385286122511129,0.1651602204898452
925.9447644722906,0.2966047405509289,335.0735514771841,0.16246186629654727,0.037174142135627045,0.16666065775724337
926.9447048226926,0.2969250480461243,334.96269772397176,0.16550257139063435,0.03504525435984808,0.16917231153489176
927.9446451730946,0.29724535554131964,334.8479554551326,0.16616809791589474,0.03478716403655492,0.16977038477512077
928.9445855234967,0.29756566303651505,334.7275699167284,0.16770116489792877,0.03453942399880403,0.17122106330207
929.9445258738988,0.29788597053171045,334.6054847912824,0.16869528251412985,0.03403105357649981,0.1720936110088015
930.9444662243008,0.29820627802690586,334.48799769174724,0.16911201275502552,0.03463278010741855,0.17262184773667766
931.9444065747028,0.2985265855221012,334.3755129765789,0.16753572837044522,0.035192368414881256,0.1711920648723659
932.9443469251048,0.2988468930172966,334.2616036786103,0.1668230085355998,0.035108338040630675,0.1704773051665353
933.9442872755069,0.299167200512492,334.14304177470683,0.16592814337795217,0.03484250296806135,0.1695468925634841
934.944227625909,0.2994875080076874,334.0225513704476,0.1661317151008198,0.035216983240271914,0.16982338670184843
935.944167976311,0.29980781550288277,333.9043215186092,0.16840250564025422,0.035663995752808965,0.1721375162449262
936.944108326713,0.3001281229980782,333.7899472623277,0.16809040101815143,0.03627008977491269,0.1719590135082287
937.9440486771151,0.3004484304932736,333.67637234384824,0.16660021686001472,0.03693122114640753,0.17064450578078624
938.9439890275171,0.3007687379884689,333.5590415656085,0.16615718022970202,0.03748998774807349,0.1703341061656073
939.9439293779192,0.30108904548366433,333.4381516962611,0.1659468573296953,0.03774188851577382,0.17018463387256602
940.9438697283211,0.3014093529788597,333.3193041695476,0.16834438750090552,0.03811955813351526,0.17260629627956647
941.9438100787232,0.3017296604740551,333.20495830018797,0.16890222160888485,0.03848348045094111,0.17323088273178897
942.9437504291253,0.3020499679692505,333.09023194466454,0.16795184608497515,0.03971515151461682,0.1725836488870836
943.9436907795273,0.3023702754644459,332.97153146476245,0.16785787910634561,0.04063130548645389,0.17270544451062936
944.9436311299294,0.3026905829596413,332.85149531491726,0.16679874787734783,0.04053077527024918,0.17165245712618998
945.9435714803315,0.30301089045483665,332.73363439654736,0.1674849760275241,0.040532991991320086,0.17231987881468794
946.9435118307334,0.30333119795003205,332.61942955063245,0.1674093352353564,0.04065276983798747,0.17227458669067913
947.9434521811355,0.30365150544522745,332.50563795915383,0.1672269416693748,0.04077731360867904,0.17212681175584774
948.9433925315375,0.3039718129404228,332.38780819977967,0.16794696878952053,0.040862803622356426,0.1728466171073864
949.9433328819396,0.3042921204356182,332.2667340860348,0.1675563429677767,0.04083260879915685,0.17245993740599638
950.9432732323417,0.3046124279308136,332.14630641859475,0.1688463394659215,0.040920820450153494,0.1737342795689869
951.9432135827436,0.30493273542600896,332.02955416211597,0.16828043628289935,0.040863591445261055,0.1731708357125072
952.9431539331457,0.30525304292120437,331.91584627377824,0.1679665760815153,0.041041206743598534,0.17290792732410584
953.9430942835478,0.30557335041639977,331.79961178029765,0.16800805094944748,0.042255178844895415,0.17324031090668893
954.9430346339498,0.3058936579115951,331.68100476707394,0.16622440238664052,0.04363231474509402,0.1718555522490057
955.9429749843518,0.3062139654067905,331.56472369471595,0.1635203363436822,0.04235212126181139,0.16891596305064283
956.9429153347538,0.3065342729019859,331.45316569129943,0.16395065913553467,0.042192936766931775,0.16929283075190923
957.9428556851559,0.30685458039718133,331.3039827418136,0.18517495233677295,0.047313351391802955,0.19112382424190436
958.942796035558,0.3071748878923767,331.14767095250164,0.18877130368199174,0.051768600947519,0.19574113808257632
959.94273638596,0.3074951953875721,331.02261573852496,0.18991743218062485,0.0509083485738532,0.196622203732435
960.942676736362,0.3078155028827675,330.9025993937121,0.19098455856398916,0.048770387003056005,0.1971132980250436
961.942617086764,0.30813581037796284,330.7763714743158,0.17108879842895736,0.048471445147808614,0.17782254621555002
962.9425574371661,0.30845611787315824,330.6587341838096,0.16758497009589815,0.04790130306016119,0.1742964630648152
963.9424977875682,0.30877642536835365,330.5417806304021,0.1673186842683175,0.047052764259888295,0.1738088166054229
964.9424381379702,0.309096732863549,330.420350115219,0.17014095075314625,0.04591634524836884,0.17622784650602735
965.9423784883722,0.3094170403587444,330.2955400896042,0.170613087232147,0.044817065502835596,0.17640123269175206
966.9423188387743,0.3097373478539398,330.17245581815774,0.17281504573535014,0.04162143942680973,0.17775653082930806
967.9422591891763,0.31005765534913515,330.0792453076017,0.155597160127612,0.03788765206569909,0.16014353068054046
968.9421995395784,0.31037796284433056,330.05062135175024,0.12003933586124126,0.045135042667947954,0.12824435360141734
969.9421398899804,0.31069827033952596,329.9734293557577,0.11616036419888214,0.0497487515999656,0.1263652186979155
970.9420802403824,0.31101857783472137,329.87123738781827,0.11466098693875684,0.051830031700297326,0.12583121278849532
971.9420205907845,0.31133888532991677,329.75250536524277,0.11388516016698237,0.05189238956725813,0.12515050859369015
972.9419609411865,0.3116591928251121,329.6576007001057,0.1618539443634847,0.05309167520855853,0.1703391478271189
973.9419012915886,0.3119795003203075,329.5479454077928,0.16279235756604735,0.05336404236080796,0.17131571060179485
974.9418416419907,0.31229980781550293,329.4323376538758,0.16254066178526386,0.053827888825881354,0.1712218103777757
975.9417819923926,0.3126201153106983,329.31280206714405,0.16148336189847132,0.0559888107809126,0.17091408105446868
976.9417223427947,0.3129404228058937,329.195186241146,0.16399829472766597,0.05714152058847268,0.17366805707655406
977.9416626931967,0.31326073030108903,329.08167971754693,0.16382629118907277,0.046363161208429836,0.170260378250507
978.9416030435988,0.31358103779628443,328.9712984236982,0.1621145732321264,0.0410716880714712,0.16723641474055437
979.9415433940009,0.31390134529147984,328.8569614229727,0.1622254263236829,0.035194861203814605,0.1659992987968818
980.9414837444028,0.3142216527866752,328.73793886325126,0.16205690180827464,0.03533883062373995,0.16586522352063482
981.9414240948049,0.3145419602818706,328.6191982414271,0.16259652584545023,0.03183576336134484,0.16568387382545627
982.941364445207,0.314862267777066,328.50691994666386,0.1626333441552414,0.03251965934878861,0.1658527445515402
983.941304795609,0.3151825752722614,328.3992216040115,0.16078520052494466,0.03400514867037383,0.16434181100359363
984.941245146011,0.3155028827674568,328.2872702632466,0.1590795074421789,0.034479867461991436,0.16277331153553015
985.941185496413,0.31582319026265215,328.1703356684311,0.15890312065781026,0.03425737311988086,0.1625538968092286
986.9411258468151,0.31614349775784756,328.0526071547625,0.16087521029533255,0.03428044618100172,0.1644870276889215
987.9410661972172,0.31646380525304296,327.9380038590785,0.16254686058283055,0.0339727331618239,0.16605911141463645
988.9410065476192,0.3167841127482383,327.82758142043986,0.16090949326619217,0.033850006302045835,0.16443140803943535
989.9409468980213,0.3171044202434337,327.71698164224347,0.1594013991305031,0.03294867933186956,0.16277107087709514
990.9408872484233,0.3174247277386291,327.60486797835375,0.1582281265005713,0.02867048013046181,0.1608046530632494
991.9408275988253,0.31774503523382447,327.4859635155612,0.16154127301362242,0.02616611019397733,0.16364671768643899
992.9407679492274,0.3180653427290199,327.3599207735556,0.16780434743316544,0.02901968827197612,0.17029515942877874
993.9407082996294,0.3183856502242152,327.2397840469967,0.16700887565460135,0.030734979646293348,0.16981343739902374
994.9406486500314,0.3187059577194106,327.12902789941324,0.16790601869828037,0.028878190884060795,0.1703713034047798
995.9405890004335,0.31902626521460603,327.013806046177,0.16825204493617996,0.02818717540243148,0.17059679798394153
996.9405293508355,0.31934657270980144,326.8924424894159,0.16165248135068175,0.029100781300179502,0.16425096711774148
997.9404697012376,0.31966688020499684,326.7741297963413,0.1635570407689058,0.028988371541441533,0.16610608438496818
998.9404100516396,0.3199871877001922,326.6594973704956,0.16338772938795187,0.028852665540369454,0.1659157208444547
999.9403504020416,0.3203074951953876,326.5461215377211,0.163502894983268,0.029355361158860657,0.16611722937936543
1000.9402907524437,0.320627802690583,326.42877877296974,0.16505973980740596,0.029720100115743085,0.1677140484759054
1001.9402311028457,0.32094811018577835,326.3067174906978,0.16556303135149508,0.029801837132526595,0.1682238593267013
1002.9401714532478,0.32126841768097375,326.1837845664973,0.16766351815639624,0.029489322180808585,0.17023711535168745
1003.9401118036499,0.32158872517616915,326.0657248743075,0.16807730441330299,0.02941181180057094,0.17063128356850135
1004.9400521540518,0.3219090326713645,325.9533540944089,0.1656079221085815,0.029747793708907934,0.16825847703955288
1005.9399925044539,0.3222293401665599,325.83781399331644,0.16552600765707007,0.030217364424458514,0.168261547370898
1006.9399328548559,0.32254964766175526,325.71583759752207,0.16411939541654957,0.03030063804121731,0.16689309337896108
1007.939873205258,0.32286995515695066,325.5941071992815,0.16497776614239001,0.030086443253181404,0.16769871015890384
1008.9398135556601,0.32319026265214607,325.47719828988954,0.1670332200237113,0.030131583712446074,0.1697292223764361
1009.939753906062,0.32351057014734147,325.3630488882089,0.16492345247123938,0.029999414261013605,0.1676296812352665
1010.9396942564641,0.3238308776425369,325.2473191071226,0.16367248870491888,0.03001740653878002,0.16640230844004597
1011.9396346068662,0.3241511851377323,325.12763027366685,0.1635455307899207,0.029978682299976304,0.16627044846815026
1012.9395749572682,0.3244714926329276,325.00592987656864,0.16462144568978923,0.029702042892797,0.16727950183152082
1013.9395153076703,0.32479180012812303,324.8872383320879,0.1662468281529453,0.029483256929479177,0.16884096158836756
1014.9394556580722,0.3251121076233184,324.77148516605536,0.16560943784513446,0.029455842854695803,0.16820859841774435
1015.9393960084743,0.3254324151185138,324.65553824161054,0.16483033597865218,0.029504954691713683,0.16745023741456874
1016.9393363588764,0.3257527226137092,324.5425210646677,0.16062672618959656,0.03271678923201494,0.16392477989626741
1017.9392767092784,0.32607303010890454,324.4395268397204,0.1517116897839288,0.043531183551038626,0.15783345893203146
1018.9392170596805,0.32639333760409994,324.3338247606874,0.1519515362653337,0.050992231262281196,0.16027937179344381
1019.9391574100825,0.32671364509929535,324.2231470515234,0.1503347990175092,0.053545160743332626,0.15958582654692183
1020.9390977604845,0.3270339525944907,324.1124653001524,0.14988201096539472,0.05574510434804124,0.15991289463268654
1021.9390381108866,0.3273542600896861,324.00032971012627,0.15827698463286483,0.05797238112293187,0.16855978416435694
1022.9389784612886,0.3276745675848815,323.8784127981598,0.16211930029167845,0.05645348587040492,0.17166730496510807
1023.9389188116907,0.3279948750800769,323.7478871470484,0.17095753563124627,0.04872575078885126,0.17776579473860002
1024.9388591620927,0.3283151825752723,323.6244195894373,0.1700626619838624,0.042984446138263105,0.17541086514480989
1025.9387995124948,0.32863549007046766,323.51207336580427,0.16889636665799734,0.04338002624239071,0.17437835114217357
1026.9387398628967,0.328955797565663,323.3973231709247,0.16919020043419655,0.04260902368999901,0.17447307191305625
1027.9386802132988,0.3292761050608584,323.2770577452638,0.16061566807717348,0.04062119417955318,0.16567279272243143
1028.9386205637009,0.3295964125560538,323.1602212969824,0.15980417109821568,0.041435086401639225,0.1650885807241043
1029.938560914103,0.3299167200512492,323.0480356795634,0.16010331760666263,0.04142992638972825,0.16537687598125136
1030.938501264505,0.33023702754644463,322.93747814439104,0.1579473444488379,0.04068698161693173,0.16310362991526703
1031.9384416149069,0.33055733504164,322.8239716104352,0.15829718525156716,0.03990980053786516,0.1632506999603406
1032.938381965309,0.3308776425368353,322.7056660437288,0.1590325012886326,0.03934486135257935,0.16382720952568477
1033.938322315711,0.33119795003203073,322.5863490713663,0.16086545305675695,0.03910261839098522,0.16554971685927672
1034.9382626661131,0.33151825752722613,322.47194809121925,0.16188901226183688,0.03974650344488032,0.16669684108346822
1035.9382030165152,0.33183856502242154,322.3623724191991,0.15850579197634718,0.040731781950315335,0.16365562670100003
1036.9381433669173,0.33215887251761694,322.25127917433036,0.15713520809533127,0.040773438301634865,0.1623389875972506
1037.9380837173192,0.3324791800128123,322.13496519448813,0.15696331148993517,0.04029412615157725,0.16205276226033802
1038.9380240677212,0.3327994875080077,322.0154580272183,0.15800291031048863,0.039831634754968114,0.16294624510505756
1039.9379644181233,0.3331197950032031,321.900400373309,0.16006799907379274,0.040198438543450746,0.16503841610006834
1040.9379047685254,0.3334401024983985,321.7903412601644,0.1584628409430959,0.04017159237049045,0.16347546847566383
1041.9378451189275,0.3337604099935939,321.67954647020684,0.15775326265645478,0.039507397249631517,0.16262510973461816
1042.9377854693294,0.3340807174887892,321.5618905055936,0.15748800652819014,0.039794413357842354,0.16243788823645203
1043.9377258197314,0.3344010249839846,321.44064527214397,0.15908632553450203,0.043553294667980504,0.1649404390939514
1044.9376661701335,0.33472133247918,321.3218987374438,0.16248624173748402,0.04664417648399212,0.1690486851585717
1045.9376065205356,0.3350416399743754,321.2086526343899,0.16154445194154232,0.04843977380930511,0.1686505903926515
1046.9375468709377,0.3353619474695708,321.0994377645141,0.15714254138040037,0.047807993953530095,0.164254018512034
1047.9374872213396,0.33568225496476617,320.9949276359448,0.15069498805979073,0.04501198072261706,0.15727383073770956
1048.9374275717416,0.3360025624599616,320.88503614504384,0.14889708170375943,0.04296291983437773,0.15497146001955062
1049.9373679221437,0.336322869955157,320.77241452586856,0.1497813062692748,0.04361243198120096,0.15600155105333144
1050.9373082725458,0.3366431774503524,320.6630769636672,0.14797134775516957,0.04379011438074465,0.15431491785942156
1051.937248622948,0.3369634849455478,320.5560167627078,0.15182156006026318,0.04061931817731358,0.15716143009123432
1052.93718897335,0.33728379244074314,320.44325637962277,0.15299941308245676,0.03173778400246331,0.15625654334127342
1053.9371293237518,0.3376040999359385,320.3263802989587,0.15480255156875988,0.023279630600825215,0.1565431926757259
1054.937069674154,0.3379244074311339,320.20938075600503,0.15770020867378576,0.022978616361600254,0.15936553148547894
1055.937010024556,0.3382447149263293,320.0940737138129,0.16046709948438445,0.02515085470977531,0.16242615401949148
1056.936950374958,0.3385650224215247,319.95795181523926,0.1832796902219188,0.03785705311310541,0.18714860757764404
1057.9368907253602,0.3388853299167201,319.77274121832806,0.19228028077597684,0.06259277942777998,0.20221167723893496
1058.936831075762,0.33920563741191545,319.6478893802483,0.18769153964879376,0.05592296108714807,0.1958455810900246
1059.9367714261641,0.3395259449071108,319.5341005190475,0.19094523291005022,0.04748219596482684,0.19676036416086332
1060.9367117765662,0.3398462524023062,320.1783064468701,0.8167381063253181,3.3460139475861608,3.4442518014461414
1061.9366521269683,0.3401665598975016,321.197393215116,1.2143277708977387,6.553305892067155,6.6648638433336025
1062.9365924773704,0.340486867392697,322.0113376619746,0.8516243796956572,8.30317713247909,8.346736762197292
1063.9365328277722,0.34080717488789236,321.97170630334415,0.8830655710848564,8.407610637859086,8.453858375953356
1064.9364731781743,0.34112748238308777,321.62457537795626,1.019575867419303,7.8399826824705245,7.906001733547846
1065.9364135285764,0.34144778987828317,320.39831853270016,1.2239130329041075,5.1725317963013255,5.3153596581850175
1066.9363538789785,0.3417680973734786,319.1540189482109,1.1373606906300011,2.8087664725347152,3.030306657390545
1067.9362942293806,0.342088404868674,319.0408320449738,1.1421469235803992,2.817930026571042,3.0405968541874873
1068.9362345797824,0.34240871236386927,318.9221435816905,1.1384299811452039,2.818046762357492,3.0393108391218906
1069.9361749301845,0.3427290198590647,318.5069704899846,0.22037345023001398,0.19393734469343082,0.2935577476971423
1070.9361152805866,0.3430493273542601,318.3655365971072,0.16281693059231914,0.030227560305341062,0.16559908903589143
1071.9360556309887,0.3433696348494555,318.2496418529249,0.16213870814138706,0.02783962975739442,0.16451141499235455
1072.9359959813908,0.3436899423446509,318.13600307057027,0.16181620673517688,0.026134855496423623,0.16391313380562417
1073.9359363317928,0.3440102498398463,318.01714854971084,0.16101346692130228,0.025242474388777733,0.16298011855218844
1074.9358766821947,0.34433055733504164,317.89461141179487,0.16111160020122678,0.024388403235964216,0.16294705254100156
1075.9358170325968,0.34465086483023705,317.7731402355096,0.1631137211986786,0.023801112810575755,0.16484107198845196
1076.9357573829989,0.34497117232543245,317.657115276833,0.16255851636555368,0.023182360301298326,0.16420320664380825
1077.935697733401,0.34529147982062786,317.54364597398296,0.16051837091602408,0.022349987239894162,0.16206686685179583
1078.935638083803,0.34561178731582326,317.42752305749605,0.15964650795000396,0.021927768787956048,0.1611453832557692
1079.935578434205,0.34593209481101855,317.3080012127784,0.1582673094636792,0.0219679367526023,0.15978464097039594
1080.935518784607,0.34625240230621396,317.1880651996478,0.15974204553595173,0.022437850377947488,0.16131019261532495
1081.935459135009,0.34657270980140936,317.0713267100259,0.16023491301972945,0.02306621677518469,0.16188661991270334
1082.9353994854112,0.34689301729660477,316.9578918881394,0.1589367647644668,0.023259299833688216,0.16062966794010647
1083.9353398358132,0.34721332479180017,316.84306132649465,0.15936372357205067,0.022944518304940598,0.16100697907542622
1084.935280186215,0.3475336322869955,316.72638484403507,0.1561308932912722,0.026158957395910096,0.1583071283675238
1085.9352205366172,0.3478539397821909,316.61806394916545,0.15080918859008768,0.037866078055383084,0.1554903573553582
1086.9351608870193,0.3481742472773863,316.5086105728441,0.15016009204949493,0.04480391634582372,0.15670176822306875
1087.9351012374213,0.3484945547725817,316.4023594168235,0.1487403546849638,0.04988389395508283,0.15688242727574936
1088.9350415878234,0.3488148622677771,316.2908265843197,0.14674426206243096,0.05171364346094115,0.15558977912527788
1089.9349819382253,0.34913516976297243,316.1786140146806,0.15174761559143632,0.05435894761199177,0.16119005559639712
1090.9349222886274,0.34945547725816783,316.05952013062256,0.15665242495339482,0.05430807032087478,0.16579912166762548
1091.9348626390295,0.34977578475336324,315.9311791241561,0.16907032529429694,0.05242911940574516,0.1770129584431074
1092.9348029894315,0.35009609224855864,315.8024747160071,0.17247327251523945,0.0526531846952943,0.1803313272581135
1093.9347433398336,0.35041639974375405,315.67901004829736,0.16958905108721536,0.05189494272854194,0.1773514345289059
1094.9346836902357,0.35073670723894945,315.5617105859842,0.17033372929788496,0.052047532822816565,0.17810818344328627
1095.9346240406376,0.35105701473414475,315.4377856294722,0.1589618929650646,0.05010606792714442,0.16667183762758564
1096.9345643910397,0.35137732222934015,315.32090985966323,0.1585263046910165,0.05174846007197136,0.16675878507235958
1097.9345047414417,0.35169762972453555,315.2090338757442,0.15728315608753293,0.052618588104077,0.16585146065959672
1098.9344450918438,0.35201793721973096,315.0962753643611,0.1559277150695645,0.05211133507532575,0.16440512026743012
1099.934385442246,0.35233824471492636,314.9782404300387,0.15621930159742714,0.050011895735563125,0.16402944829100882
1100.9343257926478,0.3526585522101217,314.858052514186,0.15671621192269342,0.04863444375282522,0.16408924461568244
1101.9342661430499,0.3529788597053171,314.7399835803143,0.1596567385604498,0.04806653164218655,0.1667353160907105
1102.934206493452,0.3532991672005125,314.6257378042037,0.15899781732577803,0.04840840408185895,0.1662037288995467
1103.934146843854,0.3536194746957079,314.5141671949877,0.15612325408461822,0.04893708557804851,0.1636132904468445
1104.934087194256,0.35393978219090333,314.39977232087205,0.15597941226522574,0.04893634990544201,0.16347581898456146
1105.934027544658,0.3542600896860986,314.2805834171628,0.15561936039260324,0.048342887257327466,0.16295527017368172
1106.93396789506,0.354580397181294,314.16064862106634,0.1580049774946182,0.04798618314771616,0.16513099856223531
1107.9339082454621,0.35490070467648943,314.04739936606694,0.1570291713959091,0.047284955149501866,0.16399398663602335
1108.9338485958642,0.35522101217168484,313.9435666121312,0.15097395254514817,0.04495537854640629,0.1575249834386766
1109.9337889462663,0.35554131966688024,313.83514944960615,0.15074458707193486,0.04355466924153386,0.15691061068081905
1110.9337292966684,0.35586162716207564,313.7185054921225,0.14917775501501693,0.044054929319491565,0.15554690414362415
1111.9336696470702,0.356181934657271,313.60249162580124,0.14954850510004203,0.04417649134987993,0.15593690315522915
1112.9336099974723,0.3565022421524664,313.4918759271388,0.1539172640810791,0.04391392632813671,0.16005922999864042
1113.9335503478744,0.35682254964766175,313.38313311502736,0.15095969886306276,0.04426218687742884,0.15731488126683701
1114.9334906982765,0.35714285714285715,313.2703623644049,0.15181250600313326,0.04592067719603389,0.15860562907127135
1115.9334310486786,0.35746316463805256,313.15285279896193,0.1532281812858388,0.046553877836978196,0.16014411972291134
1116.9333713990804,0.3577834721332479,313.03388857511754,0.15441672682883748,0.04653676917207134,0.16127676959037363
1117.9333117494825,0.3581037796284433,312.9202087388513,0.15626514403843994,0.045983328614331596,0.16289033658203297
1118.9332520998846,0.3584240871236387,312.81140115489484,0.15422658623791147,0.04609617854417779,0.16096800172387263
1119.9331924502867,0.3587443946188341,312.70107904993785,0.15024569060156664,0.046507976347675575,0.15727924023308876
1120.9331328006888,0.3590647021140295,312.5868765539104,0.15090424738423452,0.04566577127857787,0.15766247031259417
1121.9330731510906,0.3593850096092248,312.469610801965,0.1516746801216348,0.045110674636914566,0.1582408972301339
1122.9330135014927,0.3597053171044202,312.35439364289215,0.15479853415961697,0.04443965346159433,0.16105113777230107
1123.9329538518948,0.3600256245996156,312.2458008680898,0.15184744801586025,0.042661731546826245,0.157726569757612
1124.932894202297,0.36034593209481103,312.13950989193074,0.14925515057839475,0.0416873117761927,0.15496751897512195
1125.932834552699,0.36066623959000643,312.0291989575196,0.14813368169774524,0.041671251100271485,0.15388333510029856
1126.9327749031008,0.3609865470852018,311.9155647163232,0.14470208950150748,0.042143132517895254,0.15071409464453936
1127.932715253503,0.3613068545803972,311.80430336198043,0.14831406733902455,0.041496068940446315,0.15400969550049431
1128.932655603905,0.3616271620755926,311.6938501159649,0.15013682170274392,0.04269794992689298,0.1560902948903646
1129.932595954307,0.361947469570788,311.58041306321655,0.15237444578621287,0.04484781229245175,0.15883733187155502
1130.9325363047092,0.3622677770659834,311.4624165396682,0.1548577949519472,0.04697725411824619,0.16182644734983712
1131.9324766551113,0.3625880845611788,311.34198497374155,0.15727548480329512,0.047091567012510015,0.1641742787522005
1132.9324170055131,0.3629083920563741,311.22144907682593,0.15896789941642894,0.04684410724068449,0.16572617001562734
1133.9323573559152,0.3632286995515695,311.1048237910852,0.1606653593228798,0.04719741671523894,0.1674543335687136
1134.9322977063173,0.3635490070467649,310.990191417955,0.15680732918823112,0.04787062361953089,0.16395162424590085
1135.9322380567194,0.3638693145419603,310.87474787576645,0.1573781922050827,0.047810592049917076,0.1644802361802279
1136.9321784071215,0.3641896220371557,310.7544193279601,0.15717974564321555,0.04847020007632718,0.16448353332751922
1137.9321187575233,0.36450992953235106,310.63182785834744,0.15915982297562245,0.0481082132269229,0.16627161342068753
1138.9320591079254,0.36483023702754647,310.5127419564816,0.16023954927347403,0.04713356629988976,0.1670278007503907
1139.9319994583275,0.36515054452274187,310.39777066424716,0.15861350052627363,0.046928644721470646,0.16541021807794168
1140.9319398087296,0.3654708520179372,310.2817433585433,0.15825484658362407,0.04707443223303001,0.16510783941796503
1141.9318801591317,0.3657911595131326,310.1618703042427,0.1572069758148482,0.04714718794378093,0.16412461904253264
1142.9318205095335,0.366111467008328,310.0409497996871,0.15786501439176076,0.04751073254378344,0.16485943247432874
1143.9317608599356,0.3664317745035234,309.9228035055259,0.15895948690254583,0.04827647335156193,0.16612867409205645
1144.9317012103377,0.3667520819987188,309.80860947348646,0.15637878028960708,0.04827222166696951,0.16365980053003318
1145.9316415607398,0.3670723894939142,309.69486498658165,0.154983361117783,0.04842539432826149,0.1623725994101614
1146.9315819111418,0.3673926969891096,309.57705603826975,0.15516334236172688,0.04863141480839072,0.16260589570839132
1147.931522261544,0.367713004484305,309.4559702859936,0.15580300854108334,0.04881187227793997,0.16327025554500368
1148.9314626119458,0.3680333119795003,309.33630110044714,0.15833932119320504,0.04849707998755534,0.1655998411932943
1149.9314029623479,0.3683536194746957,309.22122877354474,0.1568781499469368,0.04835237401959777,0.16416061039148416
1150.93134331275,0.3686739269698911,309.1097264252514,0.154310723235272,0.04712267523843365,0.16134542394198728
1151.931283663152,0.3689942344650865,308.99678818535983,0.15234217866294253,0.0455193840357227,0.15899733872855706
1152.9312240135541,0.3693145419602819,308.88024533776326,0.15097558947066905,0.04372527173466205,0.15717992239559744
1153.931164363956,0.36963484945547725,308.7693754717383,0.14710777422523924,0.043753507946510284,0.15347659982918993
1154.931104714358,0.36995515695067266,308.6659951793774,0.1424962959110257,0.04379372234076652,0.1490740905215348
1155.9310450647602,0.37027546444586806,308.56765867110994,0.1422451842568324,0.04314734614781751,0.14864516784564435
1156.9309854151622,0.37059577194106347,308.45775671676006,0.13902227457475075,0.04242992817233037,0.14535298976163682
1157.9309257655643,0.37091607943625887,308.347093058805,0.13639254436229564,0.04297515623999381,0.1430027629504852
1158.9308661159662,0.37123638693145417,308.2353872194842,0.1476219161599243,0.04417455821698473,0.15408965482599243
1159.9308064663683,0.37155669442664957,308.120603460729,0.15165300450705144,0.04465511410199719,0.15809083778473107
1160.9307468167704,0.371877001921845,308.00585746740745,0.1517448070821308,0.045295999633692026,0.1583610244321769
1161.9306871671724,0.3721973094170404,307.88904672323144,0.1564289221456667,0.045436075774491366,0.1628939675538673
1162.9306275175745,0.3725176169122358,307.76777972920434,0.15650631759959127,0.04613169882508918,0.16316360220672033
1163.9305678679764,0.37283792440743113,307.64697151252307,0.15891455789008757,0.04629323878489026,0.16552009142879562
1164.9305082183785,0.37315823190262654,307.52950613743246,0.15943083502443148,0.04630363242217519,0.16601872644998636
1165.9304485687805,0.37347853939782194,307.41559402857644,0.1560961279111041,0.04675619377830319,0.16294828260977168
1166.9303889191826,0.37379884689301734,307.30078880470643,0.1550940116610566,0.04736121574176551,0.1621642291310202
1167.9303292695847,0.3741191543882127,307.18048909549833,0.1545872521145891,0.04716712108134734,0.16162288150952517
1168.9302696199868,0.3744394618834081,307.058321085667,0.15634398206255218,0.046888389434888544,0.16322365573339362
1169.9302099703887,0.37475976937860345,306.93917305229377,0.1588317316460719,0.04689925688661221,0.16561116892953276
1170.9301503207907,0.37508007687379885,306.8246131603123,0.15713786191819876,0.0474606851059206,0.164148787016372
1171.9300906711928,0.37540038436899426,306.71009254732587,0.1563167408097035,0.04810704666475795,0.1635518614879489
1172.930031021595,0.37572069186418966,306.5903237436998,0.15551585552087444,0.04859319673251126,0.16293090586832823
1173.929971371997,0.37604099935938506,306.46838583526323,0.155836927847594,0.04929835354117678,0.1634486945278153
1174.9299117223989,0.37636130685458036,306.34854725892,0.15850190956962515,0.0505756885272456,0.16637534555102385
1175.929852072801,0.37668161434977576,306.2333129493836,0.15728586896135457,0.05114208291368803,0.16539152704923837
1176.929792423203,0.37700192184497117,306.12639289218123,0.15115442620124908,0.0520252559560203,0.1598570856031045
1177.929732773605,0.37732222934016657,306.0208530948691,0.14576650716001788,0.05405772839726072,0.1554674004706567
1178.9296731240072,0.377642536835362,305.9071901526682,0.14639755903055476,0.05624033735310315,0.15682863525420226
1179.929613474409,0.3779628443305573,305.78953297815497,0.14791736632804428,0.05807801706693268,0.158910677199022
1180.9295538248111,0.37828315182575273,305.6762908338938,0.146245018707772,0.06071928123074739,0.1583490972819712
1181.9294941752132,0.37860345932094813,305.5658083278273,0.1516066168682409,0.06148817247018353,0.16360122747692518
1182.9294345256153,0.37892376681614354,305.44738346168816,0.15460658252112025,0.05544596296867635,0.16424813596623797
1183.9293748760174,0.37924407431133894,305.3271069822597,0.15499350906173978,0.05121890324246434,0.16323714007735046
1184.9293152264192,0.37956438180653423,305.20821634745533,0.15683818297473007,0.046115529777501094,0.16347739209283496
1185.9292555768213,0.37988468930172964,305.0942857615449,0.15629801713649102,0.04563289955685737,0.162823314309607
1186.9291959272234,0.38020499679692504,304.9826934019911,0.150903168097427,0.04416731982624758,0.15723396033451026
1187.9291362776255,0.38052530429212045,304.8699116116246,0.15030967862039132,0.04482211494097143,0.15685031550732367
1188.9290766280276,0.38084561178731585,304.75277427341405,0.15059488156197962,0.045261683440477735,0.15724960521582457
1189.9290169784297,0.38116591928251126,304.6343416053105,0.15225502355214443,0.04550384341358089,0.1589093828641712
1190.9289573288315,0.3814862267777066,304.5193886222836,0.15279078115345898,0.0460189259512059,0.1595705622951388
1191.9288976792336,0.381806534272902,304.4086585629365,0.15117014809545357,0.04557238592377843,0.15789001245799925
1192.9288380296357,0.3821268417680974,304.2965228142048,0.14981486044267922,0.0438909349884611,0.1561118399853796
1193.9287783800378,0.3824471492632928,304.1812755288403,0.148819247328456,0.04306860831133921,0.1549260255647311
1194.9287187304399,0.38276745675848817,304.0674357828594,0.14822079156695148,0.04321883973844381,0.15439323547704725
1195.9286590808417,0.3830877642536835,303.95660824801195,0.1483328224728325,0.04348432777394778,0.15457526640672165
1196.9285994312438,0.3834080717488789,303.8453534498538,0.14813019867650876,0.04398586838214742,0.15452285389958842
1197.928539781646,0.3837283792440743,303.7288668933351,0.15181020251075272,0.04413183366942058,0.15809477008864384
1198.928480132048,0.38404868673926973,303.6079382792811,0.15372008843048313,0.04316778073554345,0.15966628598645208
1199.92842048245,0.38436899423446513,303.48742488706745,0.1552310061068184,0.04213832525967928,0.1608486981999718
1200.928360832852,0.3846893017296605,303.36980326126377,0.15825795724472988,0.041897859086450724,0.16371014515692922
1201.928301183254,0.38500960922485583,303.2547044923955,0.15272008431473355,0.04177414715683279,0.15833036197703854
1202.928241533656,0.38532991672005124,303.142768556092,0.15161972282237213,0.04174623496699374,0.15726184687537026
1203.9281818840582,0.38565022421524664,303.0264447560052,0.1518456417063137,0.04124199770598006,0.15734675490769506
1204.9281222344603,0.38597053171044204,302.9066972823118,0.1520736330877425,0.04137821233065627,0.1576024947016582
1205.9280625848623,0.38629083920563745,302.7876633557318,0.15465232341694,0.041120653031047276,0.16002577681097999
1206.9280029352642,0.3866111467008328,302.6724369319915,0.15442679483624766,0.04060936787393575,0.15967703567675964
1207.9279432856663,0.3869314541960282,302.55912233919605,0.15256717421807778,0.0398180239554678,0.15767757507206756
1208.9278836360684,0.3872517616912236,302.44298887453635,0.15282212525875297,0.0394970031064696,0.1578436416932733
1209.9278239864705,0.387572069186419,302.3222100587317,0.153568560952236,0.0394943363731062,0.15856577663068624
1210.9277643368725,0.3878923766816144,302.20016001091125,0.1569804452364531,0.04028659857511049,0.1620674865955141
1211.9277046872744,0.3882126841768097,302.08119873157625,0.157443133169243,0.041663749705668406,0.16286254394944397
1212.9276450376765,0.3885329916720051,301.96662591431306,0.1552790229585798,0.04225551759464974,0.16092577089503998
1213.9275853880786,0.3888532991672005,301.85102998715723,0.15492841315548675,0.042277805691929536,0.1605933562044263
1214.9275257384807,0.3891736066623959,301.73100712374423,0.1543250893246104,0.04215968670537794,0.15998022495966369
1215.9274660888827,0.3894939141575913,301.60966908736634,0.15529756955313212,0.042699568318190106,0.16106082156648058
1216.9274064392846,0.3898142216527867,301.4921390049325,0.1558705448859225,0.04343639412389929,0.16180960137618872
1217.9273467896867,0.3901345291479821,301.3786961731905,0.1534934098715016,0.04364794542043169,0.15957872669439924
1218.9272871400888,0.3904548366431775,301.2645884437761,0.1519823643668626,0.04389492440277835,0.15819419542722613
1219.9272274904908,0.3907751441383729,301.14751198287695,0.1505737670489676,0.04467132140777002,0.15706045421949172
1220.927167840893,0.39109545163356824,301.02840324275024,0.1524402228955903,0.044681841484910424,0.15885367013367968
1221.9271081912948,0.3914157591287636,300.9140736903676,0.15155648209259573,0.04504254055186761,0.15810818360745887
1222.9270485416969,0.391736066623959,300.81365531978713,0.14266084432986187,0.04813381499799095,0.1505622152173974
1223.926988892099,0.3920563741191544,300.7116876162531,0.1411984487395026,0.05023704615117896,0.14986915203749446
1224.926929242501,0.3923766816143498,300.58963918519953,0.1484180534886612,0.04988076723007179,0.15657589067549224
1225.9268695929031,0.3926969891095452,300.43097067891097,0.16859543171611852,0.045985541844598174,0.17475436948553152
1226.9268099433052,0.3930172966047406,300.31549472150283,0.18013082694670496,0.045914843198876114,0.18589052596214029
1227.926750293707,0.39333760409993596,300.22189226397677,0.1642679095110746,0.04936587109495683,0.17152531977554358
1228.9266906441092,0.3936579115951313,300.12715737194446,0.15468445460743577,0.052180277720463325,0.1632484667008684
1229.9266309945112,0.3939782190903267,300.01480481003705,0.12449078186023463,0.054006179907514475,0.1357004872370595
1230.9265713449133,0.3942985265855221,299.9015503962609,0.12056246206589208,0.05580552639269231,0.13285166177114663
1231.9265116953154,0.3946188340807175,299.79271791757475,0.15379671795658958,0.057051043825287084,0.16403734957555732
1232.9264520457173,0.39493914157591287,299.67857619182223,0.15606446121391757,0.05683683546321327,0.16609196825693515
1233.9263923961194,0.39525944907110827,299.56535719953615,0.1526142083574349,0.05706081070010606,0.16293260174170143
1234.9263327465214,0.3955797565663037,299.44868971621867,0.1523771269210591,0.058016277125210465,0.1630480825406597
1235.9262730969235,0.3959000640614991,299.3284979673428,0.1509237017903541,0.05837808863233825,0.16182078047787582
1236.9262134473256,0.3962203715566945,299.21135307550065,0.15209286825211418,0.056778480343801646,0.16234542310550806
1237.9261537977275,0.3965406790518898,299.1001562664299,0.15018282506214337,0.055939793482105774,0.1602627262917582
1238.9260941481296,0.3968609865470852,298.99207008192633,0.14581784019130378,0.05591196230430999,0.15616974754021726
1239.9260344985316,0.3971812940422806,298.8813709241389,0.14542618314386802,0.05671321438977307,0.15609344454593282
1240.9259748489337,0.397501601537476,298.7641431091656,0.14572755831191925,0.05664901172009127,0.15635098906120443
1241.9259151993358,0.3978219090326714,298.6445902446691,0.15100533104268463,0.05283443990906989,0.1599815240701747
1242.925855549738,0.3981422165278668,298.52716550211125,0.1531794390399903,0.04841876207431188,0.16064967184969575
1243.9257959001397,0.39846252402306215,298.41404287159975,0.15131980637565223,0.046756985444418385,0.1583789742655711
1244.9257362505418,0.39878283151825755,298.2982529146585,0.15300899776653928,0.04869257990011619,0.16056998703011102
1245.925676600944,0.39910313901345296,298.17830381572276,0.1501753164367426,0.04790346689433345,0.1576304786751987
1246.925616951346,0.39942344650864836,298.060547857079,0.1509798179944016,0.0484463003994025,0.15856213124202065
1247.925557301748,0.3997437540038437,297.9458926354896,0.15275829293148807,0.052078855654789175,0.16139176951026557
1248.92549765215,0.40006406149903906,297.8327461700065,0.14854535603197513,0.056536659944172486,0.15894060751208058
1249.925438002552,0.40038436899423446,297.71938474701363,0.14845561886963565,0.06049958696739465,0.16030992108160952
1250.925378352954,0.40070467648942987,297.6009410571968,0.14944206245568015,0.061751430389065755,0.16169777112286687
1251.9253187033562,0.40102498398462527,297.4806250004572,0.15147642853459747,0.060631206855578684,0.1631602023974014
1252.9252590537583,0.4013452914798207,297.3618411690587,0.1542573309063144,0.05941931102589432,0.16530571272987557
1253.9251994041601,0.401665598975016,297.247227930417,0.15216714421784897,0.05962750820906599,0.1634327981607054
1254.9251397545622,0.4019859064702114,297.1344187717945,0.1497589535518283,0.059462299553258775,0.16113196218348533
1255.9250801049643,0.4023062139654068,297.0189761133162,0.14897048638846266,0.05810480526735639,0.15990113886390098
1256.9250204553664,0.4026265214606022,296.90183408121425,0.1472782567681452,0.05351837545592227,0.15670067462555728
1257.9249608057685,0.4029468289557976,296.7855605401808,0.14916066873435305,0.049995134672589245,0.15731630108863398
1258.9249011561703,0.40326713645099294,296.67222728496006,0.14907562604626834,0.047558091992543766,0.15647783994885056
1259.9248415065724,0.40358744394618834,296.5597992778273,0.14656808239042407,0.04596075512361162,0.15360531822544013
1260.9247818569745,0.40390775144138374,296.4523239235767,0.14283727638551344,0.04161728121063371,0.14877662995442706
1261.9247222073766,0.40422805893657915,296.34280767706093,0.1402736542374496,0.03951459068181422,0.14573297825090548
1262.9246625577787,0.40454836643177455,296.2353394320376,0.1409384024352228,0.03756404374796976,0.14585846106308745
1263.9246029081808,0.40486867392696996,296.1259860387626,0.13833345730272048,0.03699151187519334,0.14319398506968148
1264.9245432585826,0.40518898142216525,296.01850647982184,0.141805232230012,0.036355250761489225,0.1463913527013751
1265.9244836089847,0.40550928891736066,295.905459767274,0.14226385758194085,0.03688945086869342,0.14696882921044346
1266.9244239593868,0.40582959641255606,295.78754638582626,0.14880343127553186,0.03851984846583788,0.1537082947833429
1267.9243643097889,0.40614990390775146,295.6650894777943,0.15398443915851467,0.04065756488663979,0.15926156185807558
1268.924304660191,0.40647021140294687,295.54594237069284,0.1543926357750437,0.04114812071578062,0.1597818945312821
1269.9242450105928,0.4067905188981422,295.4315535238305,0.15194902437001487,0.041099824520667017,0.15740934401308262
1270.924185360995,0.4071108263933376,295.3152348468618,0.14976900067208349,0.04204727383219019,0.1555593995843187
1271.924125711397,0.407431133888533,295.1958886367036,0.14949684013848807,0.04336784938230038,0.15566012839336396
1272.924066061799,0.40775144138372843,295.0755763579178,0.15198588023308027,0.04467143350163188,0.1584147870664697
1273.9240064122012,0.40807174887892383,294.9570717501517,0.15426380189406003,0.0453784779546225,0.16079964812240094
1274.923946762603,0.40839205637411913,294.8416412966173,0.15201225079521619,0.04484760832525061,0.15848984940469465
1275.923887113005,0.40871236386931453,294.7259577368982,0.15011827068050665,0.04410842309402896,0.1564642073445161
1276.9238274634072,0.40903267136450994,294.6069069206896,0.1499652654294619,0.04426640937264065,0.15636206648057313
1277.9237678138093,0.40935297885970534,294.48569348624375,0.15068490050982142,0.04469724486489089,0.15717437113017757
1278.9237081642113,0.40967328635490075,294.3663211143069,0.15327374834132979,0.045355149016287816,0.15984345927466337
1279.9236485146134,0.40999359385009615,294.25099954108794,0.151910125071602,0.04651300286034664,0.15887147489199055
1280.9235888650153,0.4103139013452915,294.1375529024755,0.1493951223662811,0.046446020683372856,0.1564485072608761
1281.9235292154174,0.41063420884048685,294.0212209934082,0.14873374947057755,0.045782267491224604,0.1556205135842141
1282.9234695658195,0.41095451633568225,293.90072896649525,0.14918191144430504,0.04525805750974227,0.15589590909235435
1283.9234099162215,0.41127482383087766,293.7798113763836,0.15153038977005517,0.045435500709296216,0.1581955870072528
1284.9233502666236,0.41159513132607306,293.66294826401565,0.15119995301210254,0.04545406971707351,0.15788444586059322
1285.9232906170255,0.4119154388212684,293.5494531725826,0.1495025069204001,0.044780435025979774,0.15606500868740653
1286.9232309674276,0.4122357463164638,293.43414415391214,0.14855486514043556,0.0443919307382585,0.15504577218216348
1287.9231713178297,0.4125560538116592,293.31732803855493,0.14665642287360786,0.045247352122262656,0.1534777809461634
1288.9231116682317,0.4128763613068546,293.19972919869235,0.14850245766040343,0.045948836276927425,0.15544862651816452
1289.9230520186338,0.41319666880205,293.0833066323127,0.14821505170209787,0.04561844080234738,0.15507657364119448
1290.9229923690357,0.4135169762972453,292.96837115496584,0.14801895625284367,0.04740481012608973,0.15542466803333332
1291.9229327194378,0.4138372837924407,292.85241151581204,0.1508336957855509,0.05147607958500628,0.15937562722627954
1292.9228730698399,0.41415759128763613,292.71711812299543,0.16815639651262063,0.05386630608555359,0.17657336327830492
1293.922813420242,0.41447789878283153,292.57650659492214,0.17653195725995124,0.04554726419494919,0.18231315149948388
1294.922753770644,0.41479820627802694,292.44069405815196,0.1705932150902497,0.038972540741430396,0.17498829665629256
1295.9226941210459,0.4151185137732223,292.319196923144,0.1496164466242873,0.03723810269421847,0.15418092421808663
1296.922634471448,0.4154388212684177,292.63526870982696,0.943677149282802,3.246612762352487,3.3809792946347015
1297.92257482185,0.4157591287636131,294.1112039267474,1.9997079532455053,8.856711119235671,9.079656587551431
1298.9225151722521,0.4160794362588085,294.7095973552968,2.2344188096023276,10.92517610735037,11.151327292897653
1299.9224555226542,0.4163997437540039,293.9967052945606,2.2784754971567986,9.451469962465522,9.722228913296165
1300.9223958730563,0.4167200512491993,292.709875889239,1.925540718826626,6.3734189679838344,6.657940852945112
1301.9223362234582,0.4170403587443946,292.234700613414,1.681961622814417,4.958655318319967,5.2361491065976535
1302.9222765738602,0.41736066623959,292.15325010120006,1.813184063127729,5.374839072737831,5.672436117278858
1303.9222169242623,0.4176809737347854,291.54187822154165,0.2703961174640841,0.43468689302587205,0.5119245601728215
1304.9221572746644,0.4180012812299808,291.3805142813199,0.1500903457341931,0.050401833927770694,0.15832705626611074
1305.9220976250665,0.4183215887251762,291.2680605671681,0.1471239815123324,0.049676382592974716,0.1552842842130675
1306.9220379754684,0.41864189622037157,291.16056596713713,0.14221610289739287,0.049632286408725176,0.15062796479233054
1307.9219783258704,0.41896220371556697,291.04893154885144,0.14156543392720605,0.050015203759469024,0.15014090944875533
1308.9219186762725,0.4192825112107623,290.931573492297,0.14049185387560334,0.051342236725535804,0.14957936447713915
1309.9218590266746,0.4196028187059577,290.8156036747194,0.1418994161124396,0.053688354190872825,0.15171645813416518
1310.9217993770767,0.41992312620115313,290.6985208162683,0.1480105220976588,0.052299471522802864,0.15697881823095117
1311.9217397274786,0.4202434336963485,290.57884556655955,0.15071391870404624,0.04738691202446657,0.15798798917115311
1312.9216800778806,0.4205637411915439,290.4560185955013,0.1518920726782585,0.04411440513288343,0.1581685255754935
1313.9216204282827,0.4208840486867393,290.3340768287722,0.15397391127913954,0.045622550418621066,0.16059072968666638
1314.9215607786848,0.4212043561819347,290.2135852737749,0.15714493832484164,0.04673052353085495,0.16394594679523514
1315.921501129087,0.4215246636771301,290.09650207495474,0.15066037416758546,0.04466802087372278,0.1571425481309635
1316.9214414794887,0.4218449711723254,289.98384600745555,0.14557001181338683,0.046581551225294116,0.1528413205056286
1317.9213818298908,0.4221652786675208,289.86949747126386,0.14426563818895177,0.047413627200766716,0.1518572566800771
1318.921322180293,0.4224855861627162,289.7511685153823,0.14359482792221834,0.047062839659463646,0.15111050751957614
1319.921262530695,0.4228058936579116,289.632377307712,0.14618927470616963,0.04636345551797996,0.1533651656885736
1320.921202881097,0.423126201153107,289.51698420524576,0.14740848557965142,0.04543753547584492,0.15425249187940196
1321.9211432314992,0.4234465086483024,289.4085609784469,0.14211162066368122,0.045434067099303206,0.14919774522707108
1322.921083581901,0.42376681614349776,289.3005751717114,0.14036044653051857,0.046715006322231835,0.1479302091052829
1323.9210239323031,0.42408712363869316,289.1860783604306,0.13918054623131948,0.047937709628972446,0.14720478407212226
1324.9209642827052,0.42440743113388857,289.06844087845434,0.13969017368489625,0.04879557268442512,0.14796740363241323
1325.9209046331073,0.424727738629084,288.954486081709,0.1444207056374093,0.0487502657269694,0.15242679759562408
1326.9208449835094,0.4250480461242794,288.8436374453189,0.14228200347622202,0.0486297101914414,0.15036295164205588
1327.9207853339112,0.42536835361947467,288.73423559717054,0.14148106981594896,0.04812101306330153,0.1494407073541338
1328.9207256843133,0.4256886611146701,288.621427220403,0.14010492862897408,0.04710426444171366,0.14781137559310112
1329.9206660347154,0.4260089686098655,288.5074206352972,0.1388734476174871,0.045297140359995346,0.14607417765628547
1330.9206063851175,0.4263292761050609,288.39780337368677,0.13905300285428157,0.04387427458261282,0.14581045769403286
1331.9205467355196,0.4266495836002563,288.2903586852774,0.1368859661273598,0.043999021975987145,0.14378345404622914
1332.9204870859214,0.42696989109545164,288.1820277540895,0.13633963348737968,0.04494625874881012,0.14355717270477297
1333.9204274363235,0.42729019859064704,288.0677944964879,0.1375959621105616,0.045000238918084114,0.14476764241989906
1334.9203677867256,0.42761050608584245,287.94546845309844,0.14654753047352423,0.04379191007718332,0.15295067857350822
1335.9203081371277,0.4279308135810378,287.8200078702492,0.15264861234720722,0.04275401664856674,0.15852288412438711
1336.9202484875298,0.4282511210762332,287.70099619438855,0.15129510411888358,0.04265183859818488,0.1571922003985867
1337.9201888379318,0.4285714285714286,287.58795258296055,0.1490488539278454,0.04276341908146659,0.155062151631987
1338.9201291883337,0.42889173606662395,287.4704814689509,0.14503650064056522,0.04263743538995528,0.15117386485333134
1339.9200695387358,0.42921204356181936,287.350848516949,0.1446692454481577,0.04318393256345118,0.15097696052770437
1340.9200098891379,0.42953235105701476,287.23034587008823,0.14807214955079256,0.044083449418583054,0.1544950225257534
1341.91995023954,0.42985265855221017,287.11372983264073,0.14861729028277845,0.04475562308226692,0.15521006658228576
1342.919890589942,0.43017296604740557,286.9990649905137,0.14613918413779556,0.04462291328524999,0.15280008354226596
1343.919830940344,0.43049327354260086,286.88229343463473,0.14654662310212405,0.04492049307421459,0.1532767544041384
1344.919771290746,0.43081358103779627,286.7603562694205,0.14718696171908408,0.04543237582559286,0.15403928873262507
1345.919711641148,0.43113388853299167,286.63717868883566,0.15026454741684267,0.04580596900009117,0.1570911232578909
1346.9196519915502,0.4314541960281871,286.517314655259,0.15173833271470274,0.04637522709126939,0.15866689416133611
1347.9195923419522,0.4317745035233825,286.4017188114061,0.1490057378919221,0.04808967942466514,0.15657371168840334
1348.919532692354,0.43209481101857783,286.28630452517973,0.14722467276626192,0.04969430853321163,0.15538541943093287
1349.9194730427562,0.43241511851377323,286.1670233186881,0.14509971528222393,0.05045889765191966,0.1536230052017905
1350.9194133931583,0.43273542600896864,286.0465832275438,0.1453831085916363,0.05019929038754391,0.15380577693695538
1351.9193537435604,0.43305573350416404,285.92796401416933,0.14717597416828582,0.05087280339801718,0.1557202925053676
1352.9192940939624,0.43337604099935945,285.8132554202254,0.1449486148205871,0.051341082154276636,0.15377258421181295
1353.9192344443643,0.43369634849455474,285.7000662189015,0.14400482855835073,0.05151306334689028,0.15294112051211314
1354.9191747947664,0.43401665598975014,285.5837887581745,0.1433634629215288,0.05110724250616726,0.1522006331702886
1355.9191151451685,0.43433696348494555,285.46513213364847,0.14376784898925435,0.05062583730778116,0.15242102809688357
1356.9190554955705,0.43465727098014095,285.3474020801326,0.14584949896617447,0.051036694348904135,0.15452126235165045
1357.9189958459726,0.43497757847533636,285.2324013432521,0.1436412481892204,0.050819778241851084,0.1523661971761064
1358.9189361963747,0.43529788597053176,285.1217106114264,0.14010927490501487,0.048931884770737746,0.14840801279454485
1359.9188765467766,0.4356181934657271,285.00031665993464,0.1465819092721838,0.05206929851693197,0.15555535340811677
1360.9188168971787,0.4359385009609225,284.87357279816723,0.1588347026716596,0.05479534091478164,0.1680208087076171
1361.9187572475807,0.4362588084561179,284.7202987492955,0.1645992297870491,0.05957146769406817,0.17504761126537888
1362.9186975979828,0.43657911595131327,284.58984476608475,0.1642976053662607,0.0586058140473437,0.17443722243041868
1363.918637948385,0.4368994234465087,284.4704992344233,0.14399326381853078,0.059757985833916116,0.15590085598238235
1364.9185782987868,0.437219730941704,284.3505699813832,0.14419054936445533,0.05940762383504046,0.15594928757692064
1365.9185186491889,0.4375400384368994,284.8889339853307,1.0719371113672165,3.9686520497285858,4.11086952633396
1366.918458999591,0.43786034593209483,287.196328871133,2.0940314819215287,11.675304609550055,11.861606365625999
1367.918399349993,0.43818065342729023,288.874781803856,1.5821600068542563,16.0958513347573,16.173424513005816
1368.918339700395,0.43850096092248564,288.7618218809966,1.5863101433364788,16.118960926642703,16.19682935717625
1369.918280050797,0.43882126841768093,288.8274514187311,1.6605391026953848,16.368143321687572,16.452158092812198
1370.918220401199,0.43914157591287634,289.47575120894817,0.27580783732279757,17.445393577328645,17.44757367174669
1371.9181607516011,0.43946188340807174,289.586865315589,0.11529708438542376,17.815298886573427,17.815671972609177
1372.9181011020032,0.43978219090326715,288.65671441797986,1.7172465891924837,16.138439920652036,16.229546479202323
1373.9180414524053,0.44010249839846255,288.2926380228684,1.3707924062108308,15.00073119575151,15.063233657754823
1374.9179818028074,0.44042280589365795,285.9001800609338,2.5534034830130614,10.378359617226481,10.687853745796703
1375.9179221532092,0.4407431133888533,283.80254836258433,2.0218310041436247,5.662708409223522,6.012825220909652
1376.9178625036113,0.4410634208840487,283.1302899212924,0.28450428102626896,0.4821672623702166,0.5598463671614414
1377.9178028540134,0.4413837283792441,282.96492248125645,0.13930285016484145,0.05341621676786881,0.14919308388072222
1378.9177432044155,0.4417040358744395,282.85135622146436,0.14017312398111764,0.05492239248075813,0.1505489086059285
1379.9176835548176,0.4420243433696349,282.73843297663376,0.13913839689316304,0.05535987024733218,0.14974714930108293
1380.9176239052194,0.4423446508648302,282.62311925455515,0.1411130308684246,0.055359751176112054,0.15158360574664398
1381.9175642556215,0.4426649583600256,282.50463028090246,0.1411812307100642,0.05505001956166751,0.15153430159059153
1382.9175046060236,0.442985265855221,282.3889973049313,0.14311885963297616,0.0538734853858191,0.1529227269252664
1383.9174449564257,0.4433055733504164,282.2769385639141,0.1413042898003237,0.053418600412233494,0.15106438755039434
1384.9173853068278,0.44362588084561183,282.164476816655,0.13993729507792577,0.05413097527117708,0.15004202423832882
1385.9173256572296,0.4439461883408072,282.04609269029874,0.14104642912953694,0.054574368862116,0.1512364271823815
1386.9172660076317,0.4442664958360026,281.9248632022638,0.14234264140118064,0.05399803875859887,0.1522406507830292
1387.9172063580338,0.444586803331198,281.8043722241812,0.14632070385861184,0.05386995375280702,0.15592216101314513
1388.917146708436,0.4449071108263934,281.6865617262287,0.14790027816286955,0.05543627304806214,0.15794832272016532
1389.917087058838,0.44522741832158874,281.5718359054494,0.1436124532486377,0.0568357689578859,0.1544501258048252
1390.9170274092398,0.4455477258167841,281.459072848593,0.14214121604549357,0.05592529892801122,0.1527473874050849
1391.916967759642,0.4458680333119795,281.341391213088,0.14166227980010873,0.0544087857279302,0.15175149911138314
1392.916908110044,0.4461883408071749,281.2220955446846,0.14271743581024876,0.04977215422701174,0.1511473910481088
1393.916848460446,0.4465086483023703,281.106769492662,0.14148936237770157,0.045302985173310634,0.14856513767254334
1394.9167888108482,0.4468289557975657,280.99547363004956,0.1403786534162418,0.04414633356222303,0.14715660060610397
1395.9167291612503,0.4471492632927611,280.8820282798856,0.1399117481391361,0.044107086625479304,0.14669946270500306
1396.9166695116521,0.4474695707879564,280.7644891908616,0.1397609068091081,0.042148385940001566,0.1459780720158049
1397.9166098620542,0.4477898782831518,280.64987405903383,0.13872183668323498,0.04136827241112143,0.14475870245014932
1398.9165502124563,0.4481101857783472,280.54298516079297,0.1365918014676883,0.04061345463403175,0.1425018348144996
1399.9164905628584,0.4484304932735426,280.4368603971226,0.13329175507221233,0.042406999553428255,0.139875107082551
1400.9164309132605,0.448750800768738,280.32599543728907,0.1320878854177793,0.04539656599179152,0.13967124857316726
1401.9163712636623,0.44907110826393337,280.21078158328197,0.1335205802801018,0.046642754562302796,0.14143299442313428
1402.9163116140644,0.4493914157591288,280.0942635819307,0.13921572702872428,0.046207660889659434,0.1466839001970906
1403.9162519644665,0.4497117232543242,279.975350236169,0.14417334478899235,0.04578370292253156,0.1512683073249129
1404.9161923148686,0.4500320307495196,279.856931928647,0.14412637587202135,0.045353041744333376,0.15109371468551042
1405.9161326652707,0.450352338244715,279.7419117555715,0.1422734530855955,0.045160788046811805,0.14926899286157255
1406.9160730156725,0.4506726457399103,279.624909487509,0.14242672041665125,0.0452140712059754,0.14943119795966958
1407.9160133660746,0.4509929532351057,279.50387135008054,0.14264231297630167,0.046016984791354236,0.1498812608050684
1408.9159537164767,0.4513132607303011,279.3839808587133,0.14551297684911985,0.04795211763838617,0.15321041745748923
1409.9158940668788,0.4516335682254965,279.2675732648273,0.14408980399758875,0.048653726690886724,0.15208240114153593
1410.9158344172808,0.4519538757206919,279.1535626168079,0.1421156268238421,0.04893498539800603,0.1503046379305596
1411.9157747676827,0.45227418321588725,279.0358883819826,0.14165386120639706,0.048393083632243025,0.1496920403298668
1412.9157151180848,0.45259449071108265,278.9145758357442,0.14168280972527622,0.047524434298846716,0.14944092621191232
1413.9156554684869,0.45291479820627806,278.794610787091,0.1444245167808647,0.04766300660226446,0.15208617046185946
1414.915595818889,0.45323510570147346,278.6785813282348,0.14435215978126933,0.048470742568581096,0.15227264665286006
1415.915536169291,0.45355541319666887,278.56393916684794,0.14252813142250972,0.050240612749762804,0.1511237486838645
1416.9154765196931,0.4538757206918642,278.4462728672059,0.14236805319458967,0.05161985263705896,0.1514373525808253
1417.915416870095,0.45419602818705956,278.3248102307476,0.14222236325603235,0.051716162238462884,0.15133328135874752
1418.915357220497,0.45451633568225497,278.2030646057618,0.14492169303192196,0.051245802578253716,0.15371541690125937
1419.9152975708992,0.4548366431774504,278.0846544650316,0.14550817644379638,0.0514190621777626,0.1543261136918817
1420.9152379213012,0.4551569506726458,277.96993080382015,0.1432309293684698,0.05212423934340893,0.1524205873721938
1421.9151782717033,0.4554772581678412,277.85411070125525,0.1426362863823786,0.052425507007790514,0.15196560129838535
1422.9151186221052,0.45579756566303653,277.73456706835725,0.14199522896712055,0.050279940251905346,0.15063438332983664
1423.9150589725073,0.4561178731582319,277.6145667034264,0.1425563909300708,0.04784383942393515,0.15037073374107895
1424.9149993229094,0.4564381806534273,277.49768175436304,0.14253138716629213,0.04775452424290876,0.15031863129104797
1425.9149396733114,0.4567584881486227,277.38489348306734,0.13925848580043831,0.047829137259511725,0.14724317382622562
1426.9148800237135,0.4570787956438181,277.2721025424358,0.1385140772795116,0.04518340519407554,0.1456972536101025
1427.9148203741154,0.45739910313901344,277.1496626342642,0.14490450643687258,0.046589530812801004,0.15221005343626479
1428.9147607245175,0.45771941063420885,277.00961230142735,0.16062428716586175,0.05425337998242559,0.16953934902275247
1429.9147010749195,0.45803971812940425,276.8576294878554,0.16146470577968972,0.060980103139757894,0.17259613029108525
1430.9146414253216,0.45836002562459965,276.7388640815026,0.16052097136087054,0.05693416866084823,0.17031876528362733
1431.9145817757237,0.45868033311979506,276.629114058528,0.16764775309649982,0.053931619220714586,0.17610902495350178
1432.9145221261258,0.45900064061499046,276.50850802456574,0.1708431123335505,0.05331711162266522,0.1789695041720737
1433.9144624765277,0.45932094811018576,277.0301476025911,1.0637219886960843,3.9307503886985997,4.072137410192557
1434.9144028269297,0.45964125560538116,279.33473702046473,2.098807918549531,11.647371355567785,11.834958984866283
1435.9143431773318,0.45996156310057656,281.02446780635046,1.586325518895213,16.088422091160485,16.16643912663636
1436.914283527734,0.46028187059577197,280.9321547560203,1.598518636902889,16.14254438182766,16.22149811058774
1437.914223878136,0.4606021780909674,281.0456088215817,1.6936276415755154,16.458372448322507,16.545283262489345
1438.9141642285379,0.4609224855861627,281.6845898926516,0.2827980818700615,17.51602467194561,17.518307425756536
1439.91410457894,0.4612427930813581,281.7379437783344,0.11586989004256622,17.816110378577857,17.81648716366636
1440.914044929342,0.46156310057655353,281.6169910945639,0.11383409807945871,17.81747296491116,17.817836598679023
1441.913985279744,0.46188340807174894,280.8433448644882,1.3106144540955413,16.13343697186784,16.186583912997712
1442.9139256301462,0.4622037155669443,278.05826054654017,2.5563269699240654,10.408333395318369,10.717658869606774
1443.913865980548,0.46252402306213963,275.9478756487268,2.019751099682778,5.663791970765435,6.013146762950061
1444.9138063309501,0.46284433055733504,275.82174706923644,2.0217352985998045,5.663291226617812,6.013341927338801
1445.9137466813522,0.46316463805253044,275.158802790541,0.2934574954028279,0.5040389595363616,0.5832431519860295
1446.9136870317543,0.46348494554772585,274.9946635527613,0.1350510668465458,0.05054025902468378,0.1441981568490815
1447.9136273821564,0.46380525304292125,274.8824238506196,0.13786142084098882,0.05102548006570351,0.14700126180489653
1448.9135677325582,0.4641255605381166,274.76413879057964,0.13764060536119507,0.051382923452707,0.1469188247527967
1449.9135080829603,0.464445868033312,274.6439867383941,0.14036968469411903,0.051275730362237384,0.1494417910268318
1450.9134484333624,0.46476617552850735,274.5280367943486,0.14139700382398532,0.051516842854644196,0.15048952717086403
1451.9133887837645,0.46508648302370276,274.417117820711,0.1371716608747577,0.053272551997250416,0.14715308132499055
1452.9133291341666,0.46540679051889816,274.3050522219796,0.13708547394851917,0.054287565482274695,0.1474434363872546
1453.9132694845687,0.46572709801409357,274.1855908946317,0.13796700029053832,0.05173622757374492,0.14734833020001187
1454.9132098349705,0.4660474055092889,274.0639763471503,0.140565535748816,0.0439061048573635,0.14726308391480014
1455.9131501853726,0.4663677130044843,273.94754474103127,0.14232207366749453,0.04233326687961844,0.148484605726374
1456.9130905357747,0.4666880204996797,273.8359484801453,0.1389379051427222,0.04258978921100493,0.1453190683650494
1457.9130308861768,0.4670083279948751,273.72443631125293,0.13508077515113154,0.04103531833187684,0.14117617775683342
1458.9129712365789,0.46732863549007053,273.6087286913474,0.1352139151902908,0.0418358125581165,0.14153811526753143
1459.9129115869807,0.4676489429852658,273.48986177695485,0.13716865975049203,0.04243538372680308,0.14358273924740145
1460.9128519373828,0.46796925048046123,273.3723672677988,0.14018442807540724,0.042770734079031654,0.14656401184632012
1461.912792287785,0.46828955797565663,273.25920515509847,0.13893434293023602,0.04326439270372448,0.14551480791135488
1462.912732638187,0.46860986547085204,273.1485018012833,0.13549664521688987,0.04325819903595723,0.1422343581869944
1463.912672988589,0.46893017296604744,273.0383041092539,0.13270515005370745,0.04319502539379129,0.1395581135926797
1464.912613338991,0.4692504804612428,272.92020514238015,0.13428310024464532,0.0425043072489882,0.1408494485116284
1465.912553689393,0.4695707879564382,272.80309778369315,0.13710435447996505,0.04106209165413788,0.1431212751074442
1466.912494039795,0.4698910954516336,272.69242756616495,0.13461729918007356,0.038697611112388265,0.14006899137333384
1467.9124343901972,0.470211402946829,272.5839832422303,0.13282194257163452,0.03733658807327559,0.1379698852556457
1468.9123747405993,0.4705317104420244,272.4699557473591,0.1336147630540453,0.037731143840047866,0.13883999467540703
1469.9123150910013,0.47085201793721976,272.350856704386,0.13529966631743146,0.03759773240547956,0.14042645472859572
1470.9122554414032,0.4711723254324151,272.22817640641847,0.14311014139991463,0.03719861885136361,0.1478656478562637
1471.9121957918053,0.4714926329276105,272.10397639135283,0.14781663246933946,0.036912137875749367,0.15235571127179354
1472.9121361422074,0.4718129404228059,271.9845173152423,0.14565711925569105,0.03649084040201855,0.15015850899337072
1473.9120764926095,0.4721332479180013,271.86849321515365,0.14239358071556657,0.03600235942307938,0.14687444200074146
1474.9120168430115,0.4724535554131967,271.7511099677453,0.14067912131852944,0.03608682867949783,0.14523386099356084
1475.9119571934134,0.4727738629083921,271.63024804116355,0.14027208986648265,0.037002997475270416,0.14507060700798577
1476.9118975438155,0.4730941704035874,271.5115895079734,0.14027038297756672,0.037919504488793776,0.14530543403929838
1477.9118378942176,0.4734144778987828,271.3974471492385,0.13954322274284137,0.03821610621259921,0.1446816567070992
1478.9117782446197,0.47373478539397823,271.2824063764196,0.1383797490044684,0.03838565213319386,0.1436050598838016
1479.9117185950217,0.47405509288917363,271.16290332248224,0.13758735985746345,0.03779453537419202,0.14268394617720032
1480.9116589454236,0.474375400384369,271.04102194973336,0.13969739867164646,0.03641737931741603,0.14436616193545318
1481.9115992958257,0.4746957078795644,270.9210290131884,0.14255467244866332,0.03578621517957432,0.14697784810584377
1482.9115396462278,0.4750160153747598,270.80496069352046,0.14068455958983844,0.03623706736092869,0.14527653065071208
1483.9114799966299,0.4753363228699552,270.6901122675208,0.14026000991125984,0.03713564158551633,0.1450928194511177
1484.911420347032,0.4756566303651506,270.570940500306,0.13968519802818566,0.038384861524853264,0.14486321873565974
1485.9113606974338,0.4759769378603459,270.4496098649685,0.14050007710616702,0.038669159441731604,0.14572431354708432
1486.9113010478359,0.4762972453555413,270.330488813599,0.14022127465615666,0.038270324240174305,0.1453500037277103
1487.911241398238,0.4766175528507367,270.21622927256755,0.13715458085801002,0.037751626474525145,0.14225527881877872
1488.91118174864,0.4769378603459321,270.10441475275957,0.1351475812382741,0.037892353800812864,0.14035917921932245
1489.9111220990421,0.4772581678411275,269.98868920949224,0.13593441801859263,0.03797240715041462,0.14113847706012111
1490.9110624494442,0.4775784753363229,269.869362449386,0.13790354349248068,0.03715035808758568,0.14281994403380208
1491.911002799846,0.47789878283151827,269.7495675831193,0.14056451249299154,0.0366297614868136,0.14525880902366378
1492.9109431502482,0.47821909032671367,269.63441230119054,0.13874074685879303,0.03721355518534854,0.1436448520778544
1493.9108835006502,0.4785393978219091,269.5227099775901,0.13490273105630446,0.037349758195200596,0.13997768137703084
1494.9108238510523,0.4788597053171045,269.40874670081723,0.13415572760496366,0.036009363662584386,0.13890440425199435
1495.9107642014544,0.4791800128122999,269.2859140033339,0.13880123708593226,0.03568677452638409,0.14331548866986482
1496.9107045518563,0.4795003203074952,269.1599734544774,0.14947090163339535,0.04042031901974988,0.15483976435256708
1497.9106449022584,0.4798206278026906,269.0394553504057,0.15645116882883991,0.042968747820450875,0.162244511516315
1498.9105852526604,0.480140935297886,268.8959111343703,0.16622602861578722,0.039876898140982754,0.17094226977176483
1499.9105256030625,0.4804612427930814,268.7602947052615,0.15955197024552384,0.03768867085909934,0.16394287761398496
1500.9104659534646,0.4807815502882768,268.62801136657987,0.14135170369707953,0.039174272067276784,0.1466796772905776
1501.9104063038665,0.48110185778347214,268.5006857750599,0.14483618890489236,0.03954746392547541,0.15013834793093483
1502.9103466542686,0.48142216527866755,268.37576784685206,0.1470078922579733,0.04056108047719201,0.15250089060595395
1503.9102870046706,0.4817424727738629,270.18342389044113,1.94013125804709,10.64239891086954,10.81779847642433
1504.9102273550727,0.4820627802690583,272.7186646058806,2.8190558972534574,20.872315454447996,21.061828709345924
1505.9101677054748,0.4823830877642537,270.9006477946254,2.5290451832618057,14.523485537100365,14.742038586482645
1506.9101080558767,0.48270339525944905,268.0427089317193,0.12445076112831938,0.20887551112290262,0.24313981799012646
1507.9100484062787,0.48302370275464446,268.55930068880525,2.143707451233471,8.060026383311206,8.340234225496705
1508.9099887566808,0.48334401024983986,267.8740324041073,0.3290173363167034,0.8138637942860768,0.8778534520332355
1509.909929107083,0.48366431774503527,267.6946140031745,0.13564085266961032,0.03703048777208712,0.14060475787674337
1510.909869457485,0.48398462524023067,267.57370486717934,0.13783994888697887,0.0418545540114687,0.14405434807968798
1511.909809807887,0.4843049327354261,267.4531663318897,0.13604246677522638,0.04408206598589845,0.14300622821357706
1512.909750158289,0.48462524023062137,267.33900647074057,0.1386939855060847,0.04209243489353656,0.14494065920516797
1513.909690508691,0.4849455477258168,267.22513853815764,0.13262259635283066,0.04243120907551022,0.13924496603818579
1514.909630859093,0.4852658552210122,267.1150542756938,0.13151698707495374,0.042860683972642775,0.13832482105492241
1515.9095712094952,0.4855861627162076,267.0019185001282,0.13219041486061028,0.043205905881100466,0.13907212547461395
1516.9095115598973,0.485906470211403,266.8849153011355,0.13275022957602592,0.043346723262061564,0.1396479927175659
1517.9094519102991,0.48622677770659833,266.76683375141454,0.1357345340983708,0.04287419056238331,0.14234486279202824
1518.9093922607012,0.48654708520179374,266.65226054600737,0.13427349439553168,0.04165828400308793,0.14058728222449146
1519.9093326111033,0.48686739269698914,266.54195449362027,0.1309973508723135,0.041238911844289634,0.13733518771846168
1520.9092729615054,0.48718770019218455,266.429019320027,0.132225601076452,0.04225927135932525,0.13881446464922204
1521.9092133119075,0.48750800768737995,266.3096229088674,0.13342462712667794,0.043424529029920375,0.14031329532643524
1522.9091536623093,0.48782831518257525,266.1893431065331,0.13905382452987794,0.04385576896322293,0.14580567405880224
1523.9090940127114,0.48814862267777065,266.0709853110099,0.1394856217003543,0.04428232335411252,0.1463460379469582
1524.9090343631135,0.48846893017296605,265.9566497584742,0.13584177387354687,0.043754848023356066,0.14271466026536597
1525.9089747135156,0.48878923766816146,265.8432634609352,0.13328770760050782,0.04265052273000905,0.13994527532768475
1526.9089150639177,0.48910954516335686,265.73226612822907,0.1276865758031364,0.04176011471309848,0.13434198458107294
1527.9088554143198,0.48942985265855227,265.6211986225716,0.13000153975106526,0.041017835539835054,0.13631897582516073
1528.9087957647216,0.4897501601537476,265.5083315289101,0.13130762305899843,0.04050907920578659,0.13741425461539536
1529.9087361151237,0.490070467648943,265.39821575119015,0.12701672697650465,0.040924672275935825,0.13344690979081034
1530.9086764655258,0.49039077514413837,265.2894660718325,0.13036743995255323,0.040755741100813384,0.13658953046430428
1531.9086168159279,0.4907110826393338,265.17479648467616,0.12906955993186908,0.04041835178059748,0.13525011815768026
1532.90855716633,0.4910313901345292,265.0585489457018,0.13132613494706358,0.039945695151290574,0.13726693804865828
1533.9084975167318,0.4913516976297245,264.9457335596935,0.1329075760050172,0.03968351185739349,0.13870546086173147
1534.908437867134,0.49167200512491993,264.8372319181981,0.12947501441569967,0.03948648213777242,0.13536233460443217
1535.908378217536,0.49199231262011534,264.72873237441473,0.12968922304129116,0.03924315505773353,0.13549656745445282
1536.908318567938,0.49231262011531074,264.6130069484908,0.12905102405108018,0.039525054663260936,0.13496813236748237
1537.9082589183402,0.49263292761050614,264.49559766854884,0.1327865596894082,0.0391205509811497,0.1384293608423354
1538.908199268742,0.49295323510570144,264.37827422986595,0.135482086619913,0.03873683949119239,0.14091110150961142
1539.908139619144,0.49327354260089684,264.26100980446705,0.13587712896438084,0.03849204225672525,0.1412240471474193
1540.9080799695462,0.49359385009609225,264.14373888538915,0.13668121635266703,0.03798223982316151,0.1418605140468225
1541.9080203199483,0.49391415759128765,264.0254527816796,0.13587289600242738,0.037234568369423876,0.14088242242999569
1542.9079606703503,0.49423446508648305,263.9072878377508,0.13744021164366751,0.036992182441610066,0.14233142077014999
1543.9079010207522,0.4945547725816784,263.78671135845076,0.13720481041234703,0.03704485962648294,0.14211784414715106
1544.9078413711543,0.4948750800768738,263.669519795788,0.13668332487177337,0.037140385218760674,0.14163947017763331
1545.9077817215564,0.4951953875720692,263.5562025994189,0.13421729617034237,0.03684114895332839,0.13918172598253956
1546.9077220719585,0.4955156950672646,263.44056577317866,0.13325368324515846,0.03686215797435176,0.13825831905866312
1547.9076624223605,0.49583600256246,263.32177147608405,0.13335987980648625,0.03626850658620345,0.13820369789551198
1548.9076027727626,0.4961563100576554,263.2025511724986,0.136401050488742,0.03504954502134497,0.14083223061726896
1549.9075431231645,0.4964766175528507,263.08531074736845,0.13739756769437442,0.03398992475880199,0.14153941710152412
1550.9074834735666,0.4967969250480461,262.97016998131755,0.13562027350768072,0.03405238219677744,0.1398299800456738
1551.9074238239687,0.4971172325432415,262.85405721996005,0.13577659019168503,0.03425059697174339,0.14002994621509207
1552.9073641743707,0.49743754003843693,262.7336154636315,0.13603897719319305,0.03414037046193703,0.14025750679036186
1553.9073045247728,0.49775784753363234,262.6112426701881,0.13922540269999875,0.03412854611831107,0.14334737673611786
1554.9072448751747,0.4980781550288277,262.4906974164759,0.13955239217795176,0.03415051197835046,0.14367020439524789
1555.9071852255768,0.4983984625240231,262.3764193554807,0.13556063343518435,0.033721735019840576,0.13969194948205413
1556.9071255759789,0.4987187700192185,262.26285431177735,0.13395890850132963,0.033601321819209974,0.13810879043299784
1557.907065926381,0.49903907751441384,262.1446514911386,0.13330108992386658,0.03261783438208816,0.13723375566772228
1558.907006276783,0.49935938500960925,262.0249606010702,0.13489845439203973,0.030716329452280474,0.13835131330197867
1559.9069466271849,0.4996796925048046,261.90771249192846,0.13716984156474551,0.03010140058604017,0.14043382695112544
1560.906886977587,0.5,261.7938909498223,0.13371931352772332,0.03123297818710384,0.13731843917246392
1561.906827327989,0.5003203074951954,261.682012045327,0.13093495670353955,0.030652571085217382,0.1344750646071311
1562.9067676783911,0.5006406149903908,261.5664287290595,0.13015327099721763,0.02851569952308187,0.13324045583292585
1563.9067080287932,0.5009609224855862,261.4480090312906,0.13167295016180866,0.025918870265462444,0.1341996782416114
1564.9066483791953,0.5012812299807816,261.31266961925564,0.15004471779041179,0.028476062339814135,0.15272296311683223
1565.9065887295972,0.5016015374759769,261.17396121448655,0.1668990020256059,0.03367966426793674,0.1702633156682441
1566.9065290799992,0.5019218449711723,261.0426820307044,0.15885362348288276,0.03353299938167784,0.16235435239368573
1567.9064694304013,0.5022421524663677,260.91636107505235,0.15534432690449138,0.030840058964596653,0.15837603713424983
1568.9064097808034,0.5025624599615631,260.78656223082714,0.1365133984787697,0.03194124817402076,0.14020039692931596
1569.9063501312055,0.5028827674567585,260.66324892438223,0.13938894797795745,0.030836378006355962,0.1427591013804465
1570.9062904816074,0.5032030749519538,260.54379069603607,0.13884476554097658,0.029446483507967063,0.1419329570928251
1571.9062308320094,0.5035233824471492,260.42825747199925,0.13680558941121776,0.02759021888169227,0.13955998521098512
1572.9061711824115,0.5038436899423446,260.31061469847145,0.13594713271554523,0.024604702750062,0.13815576097650425
1573.9061115328136,0.50416399743754,260.1868296251587,0.13761585242282134,0.021922561775373734,0.13935107302369373
1574.9060518832157,0.5044843049327354,260.0606860952379,0.1421901586818151,0.020209149604825893,0.14361911764702492
1575.9059922336176,0.5048046124279308,259.935302967536,0.14369516712980965,0.02040715838342568,0.1451370151606755
1576.9059325840196,0.5051249199231262,259.81531976618953,0.1416125156371966,0.020244845884039128,0.14305229243169695
1577.9058729344217,0.5054452274183217,260.2848790330291,1.3165316371667424,4.62722678118062,4.810871359341892
1578.9058132848238,0.5057655349135171,263.20034404042406,3.0669874496437446,15.31582175518778,15.619885020478081
1579.905753635226,0.5060858424087125,265.55870084119545,2.745379234409128,21.31618121420591,21.492247176542282
1580.9056939856277,0.5064061499039078,262.62756531635944,2.955674169100445,13.76289481031665,14.076692912531998
1581.9056343360298,0.5067264573991032,260.98005107238754,3.4541424295006604,11.054938988118783,11.582002242889848
1582.905574686432,0.5070467648942986,259.9758203815734,2.278545599048498,7.212591653067332,7.563943971291685
1583.905515036834,0.507367072389494,259.2242991103157,0.3454712701379428,0.7631905675999323,0.8377411539158324
1584.905455387236,0.5076873798846894,259.03333133335815,0.13228375974666548,0.029843191060530648,0.13560829305536168
1585.9053957376382,0.5080076873798848,258.9150698807425,0.1348844846293243,0.029243616792633247,0.13801816299615355
1586.90533608804,0.5083279948750801,258.80150045819397,0.13177133611456512,0.028169770093038254,0.13474873271579338
1587.9052764384421,0.5086483023702755,258.6911288395066,0.12889910079053832,0.026280812994044143,0.13155097611282585
1588.9052167888442,0.5089686098654709,258.57810970437856,0.127564291451563,0.024828454424106375,0.1299580724796626
1589.9051571392463,0.5092889173606663,258.4628602809626,0.1276247687850767,0.02550994964616313,0.1301492955739449
1590.9050974896484,0.5096092248558617,258.3490488314024,0.1305888334334798,0.02621103684809602,0.13319332517123136
1591.9050378400502,0.509929532351057,258.23743409031647,0.12862463962545456,0.026717065486467798,0.1313700860431562
1592.9049781904523,0.5102498398462524,258.12817281481284,0.12677942028597716,0.026904442323550635,0.12960274080739845
1593.9049185408544,0.5105701473414478,258.0143742339868,0.12759159240764734,0.0285317692859989,0.13074278684389698
1594.9048588912565,0.5108904548366432,257.8953794613169,0.1303136762836569,0.030593810220614876,0.13385677214984948
1595.9047992416586,0.5112107623318386,257.776570644322,0.1338656841981971,0.030676384736732405,0.13733558164717355
1596.9047395920604,0.5115310698270339,257.66296354424765,0.13337438023619466,0.0295693629625291,0.1366128563840125
1597.9046799424625,0.5118513773222293,257.5521015673539,0.12920024571642375,0.029466002088265043,0.13251773002979605
1598.9046202928646,0.5121716848174247,257.43915090041895,0.1277734706096075,0.02920586801076002,0.13106884648110004
1599.9045606432667,0.5124919923126201,257.32345538299523,0.12767155675626302,0.0282189863354291,0.13075296399839975
1600.9045009936688,0.5128122998078155,257.20781590456534,0.13018706052880333,0.026981206018627975,0.13295358666598636
1601.9044413440706,0.5131326073030109,257.0962399165836,0.129349519440512,0.024996364467560227,0.1317426142752849
1602.9043816944727,0.5134529147982063,256.9897962359767,0.1236943622608947,0.024744963200596586,0.12614518801336946
1603.9043220448748,0.5137732222934017,256.8835960866389,0.12328653658564404,0.02641414804044477,0.12608440553845618
1604.9042623952769,0.5140935297885971,256.7688901682202,0.12367070728211976,0.029087910474857846,0.12704546578077117
1605.904202745679,0.5144138372837925,256.65251453822276,0.1285340523760652,0.0311192016823247,0.13224752297702316
1606.904143096081,0.5147341447789879,256.5379309710166,0.13216206795224328,0.03375239878124916,0.1364039465297901
1607.904083446483,0.5150544522741832,256.426269916294,0.12911065386703546,0.03479198737844413,0.13371627921728624
1608.904023796885,0.5153747597693786,256.314343878077,0.1285441472513683,0.035798123829669196,0.13343576530415596
1609.903964147287,0.515695067264574,256.1939073587998,0.13151922366158858,0.03890741336300171,0.1371535380773914
1610.9039044976892,0.5160153747597694,256.0710767106467,0.13438820888803926,0.04206853581342155,0.14081886377052047
1611.9038448480912,0.5163356822549648,255.95318812825425,0.13661983642846906,0.04442986406674543,0.14366277362883928
1612.903785198493,0.5166559897501601,255.8391536146632,0.13486208049031762,0.044665386816579444,0.14206610269044329
1613.9037255488952,0.5169762972453555,255.7249239713907,0.129756808093964,0.04461037796123218,0.1372112060605029
1614.9036658992973,0.517296604740551,255.6076173864853,0.13044961224558316,0.04412674692021172,0.13771082429781406
1615.9036062496994,0.5176169122357464,255.48619719131784,0.13344593195680932,0.04328009976708722,0.1402889296832448
1616.9035466001014,0.5179372197309418,255.3637798070135,0.1373597552846463,0.04172559097856391,0.14355740076487988
1617.9034869505033,0.518257527226137,255.24499786446344,0.13632191343433162,0.040106131416096334,0.14209914095293677
1618.9034273009054,0.5185778347213325,255.13021409553457,0.13419981564075872,0.0400570501733975,0.1400505543959313
1619.9033676513075,0.5188981422165279,255.01238628805783,0.13351834731212375,0.04015959961011698,0.13942719429797693
1620.9033080017095,0.5192184497117233,254.89111267656853,0.1337417693739847,0.03915299993977957,0.13935500808929863
1621.9032483521116,0.5195387572069187,254.7704945508215,0.13607545567019172,0.038535540467847455,0.14142672136127393
1622.9031887025137,0.5198590647021141,254.6531982674932,0.13426007296809955,0.038151702945793765,0.13957549796100857
1623.9031290529156,0.5201793721973094,254.5398707941976,0.13071016075791425,0.03750075243126707,0.13598328043649693
1624.9030694033177,0.5204996796925048,254.4252075350082,0.13021235565103328,0.03757683861089612,0.1355259250629949
1625.9030097537197,0.5208199871877002,254.30555177473062,0.1312222402795525,0.03946481103875489,0.1370282731931963
1626.9029501041218,0.5211402946828956,254.18215923379034,0.1370402419667239,0.04058545517581533,0.14292378070190542
1627.902890454524,0.521460602178091,254.06014251151106,0.1386243517587325,0.040179866462119254,0.1443299434263124
1628.9028308049258,0.5217809096732864,253.94411934169338,0.13443624444643715,0.03832193579917363,0.13979153974492944
1629.9027711553279,0.5221012171684818,253.83039365248095,0.13237611268065294,0.03854196631598309,0.13787283407525683
1630.90271150573,0.5224215246636772,253.71245732418697,0.12916634610074829,0.03816369867564007,0.1346863499454319
1631.902651856132,0.5227418321588726,253.59471464978492,0.13112295410606417,0.038036271824977305,0.1365283379663159
1632.902592206534,0.523062139654068,253.46508423764539,0.14420676817172867,0.04332775821546994,0.15057518593218777
1633.902532556936,0.5233824471492633,253.32912273096866,0.15111035741713816,0.05263844101925799,0.16001607916604238
1634.902472907338,0.5237027546444587,253.18886045434928,0.14975656254533118,0.06133930963476571,0.16183182298875382
1635.9024132577401,0.5240230621396541,253.06685399360344,0.15096415244449096,0.06040439176626747,0.16260032554683349
1636.9023536081422,0.5243433696348495,252.93855617807455,0.13718229398365842,0.060890050605360804,0.1500885739999627
1637.9022939585443,0.5246636771300449,252.81517904435407,0.13665756875339044,0.059252769145484226,0.14895026602525988
1638.9022343089462,0.5249839846252402,252.69689989135384,0.13534850074914348,0.05632721842117473,0.1466014058258229
1639.9021746593482,0.5253042921204356,252.58180747024613,0.1334012347365219,0.04925747980497693,0.1422047423469637
1640.9021150097503,0.525624599615631,252.46259679826778,0.13290679311351347,0.04019096296167103,0.13885074418059373
1641.9020553601524,0.5259449071108264,252.33981782664563,0.13504178883296628,0.03231579650708307,0.13885458377415796
1642.9019957105545,0.5262652146060218,252.2183195469728,0.13741521364367676,0.029348436658099674,0.14051431128184708
1643.9019360609566,0.5265855221012172,252.09806812365127,0.13693269633309263,0.025152947584311552,0.1392236836792867
1644.9018764113584,0.5269058295964125,251.97909382150164,0.1340256480916066,0.02463448673743647,0.13627080495539795
1645.9018167617605,0.5272261370916079,251.8578504315613,0.1358023747501023,0.02358295194750588,0.1378348309039685
1646.9017571121626,0.5275464445868033,253.19043681204585,2.021040249673719,8.017908193196853,8.268703373887252
1647.9016974625647,0.5278667520819987,255.99469843810357,3.0705790577113077,17.28936211274638,17.559911674473916
1648.9016378129668,0.5281870595771941,258.1582254398331,2.9206127749469357,22.931885230132757,23.117122208206716
1649.9015781633686,0.5285073670723894,256.86730880155744,3.5031754313308823,19.674747825674356,19.984192255544333
1650.9015185137707,0.5288276745675848,256.70924273226996,3.96706420178437,19.846436775235016,20.23903779962081
1651.9014588641728,0.5291479820627802,253.61248135140676,3.3775252398091795,12.209721028237158,12.668266034975927
1652.901399214575,0.5294682895579756,252.06875792916492,2.8600667432391655,8.426023776862584,8.89819411251723
1653.901339564977,0.529788597053171,251.96347019137727,2.8985496038467415,8.476979773864441,8.958837865061904
1654.9012799153788,0.5301089045483665,251.06095434726817,0.3944666493756906,0.8506570428701493,0.9376680340367113
1655.901220265781,0.5304292120435619,250.86374641793302,0.12753601052384148,0.04602623237082897,0.13558704970088753
1656.901160616183,0.5307495195387573,250.7457554264176,0.12898090773629367,0.042706990498111615,0.13586744127230813
1657.901100966585,0.5310698270339527,250.6233782285672,0.1347236648049236,0.03697891865044137,0.1397065005038254
1658.9010413169872,0.5313901345291481,250.50322570861675,0.1343883587631349,0.03180832739325927,0.13810141441203932
1659.9009816673893,0.5317104420243435,250.3917189261258,0.13328306769776982,0.0321113309317916,0.13709673121245208
1660.9009220177911,0.5320307495195388,250.27913707681353,0.1274900125869386,0.030545667686316995,0.1310982117491336
1661.9008623681932,0.5323510570147342,250.16446905904087,0.1259179298752063,0.031121645599452914,0.12970690763747056
1662.9008027185953,0.5326713645099296,250.04817165915205,0.12789471345832676,0.03189409892760745,0.1318115748976224
1663.9007430689974,0.532991672005125,249.93335009220527,0.12958005540882275,0.03126493940828982,0.13329848909855507
1664.9006834193995,0.5333119795003204,249.82191920662797,0.12682317197881066,0.030298255676479407,0.130392105772567
1665.9006237698013,0.5336322869955157,249.71236817499056,0.12512162858694792,0.029853818600684378,0.12863386966616808
1666.9005641202034,0.5339525944907111,249.59906613364353,0.12491849242309883,0.02985257849903587,0.12843600037489838
1667.9005044706055,0.5342729019859065,249.48331903479553,0.12658933390104507,0.029345580688713693,0.12994622950847048
1668.9004448210076,0.5345932094811019,249.36759202998942,0.13008159251224255,0.028519366330536398,0.13317122424313915
1669.9003851714097,0.5349135169762973,249.25554258316134,0.12789990451446906,0.0276356154804952,0.13085149146187097
1670.9003255218115,0.5352338244714926,249.14729908565434,0.12533294425803035,0.026826750976035648,0.12817184357071865
1671.9002658722136,0.535554131966688,249.03412414148954,0.1254077319486531,0.026300986782454593,0.12813602591869344
1672.9002062226157,0.5358744394618834,248.91650925771717,0.126149452893981,0.02569397734384821,0.12873952360171648
1673.9001465730178,0.5361947469570788,248.7990862094532,0.13070215973473573,0.025705179427676392,0.1332058962986752
1674.9000869234198,0.5365150544522742,248.6839817459919,0.1306308324133951,0.025830396885894363,0.13316014336241658
1675.9000272738217,0.5368353619474695,248.57206490956037,0.1286959742561334,0.025850762714299962,0.13126658265775945
1676.8999676242238,0.5371556694426649,248.45312168074716,0.13165706638591498,0.024618330111058944,0.13393896112335013
1677.8999079746259,0.5374759769378603,248.32726542087136,0.13612214586840343,0.022754870712644294,0.1380109515109872
1678.899848325028,0.5377962844330557,248.2039048236923,0.13739865002270457,0.021861960728196884,0.13912704393806
1679.89978867543,0.5381165919282511,248.08731740186562,0.1372478246975304,0.02270373559765374,0.1391129936213444
1680.8997290258321,0.5384368994234465,247.97182922625484,0.12861582999738394,0.022832507261351238,0.1306267779352902
1681.899669376234,0.5387572069186419,247.85773118763768,0.12864321491993674,0.022617542301734954,0.13061634646822656
1682.899609726636,0.5390775144138373,247.7386193104178,0.13066673682127547,0.022521468214398342,0.13259341100542146
1683.8995500770382,0.5393978219090327,247.61723519237893,0.1338428189252704,0.02246752422187537,0.13571547377702836
1684.8994904274402,0.5397181294042281,247.49738669823432,0.13524235170644397,0.022155658896363988,0.13704512729835205
1685.8994307778423,0.5400384368994235,247.38044381145684,0.13218240043096077,0.02123259305807728,0.13387684636135097
1686.8993711282442,0.5403587443946188,247.26574445501328,0.1314849847807897,0.020854409442842243,0.1331285379474071
1687.8993114786463,0.5406790518898142,247.1469076023787,0.13036929948261647,0.02089582522717266,0.13203329034570294
1688.8992518290484,0.5409993593850096,247.02557976285306,0.13280742439424378,0.020759504117251092,0.1344201212074552
1689.8991921794504,0.541319666880205,246.9047443721161,0.13408637352556904,0.020630094517886804,0.13566413072384081
1690.8991325298525,0.5416399743754005,246.78883674942358,0.1317984013212856,0.021083266988170507,0.13347405267594573
1691.8990728802544,0.5419602818705958,246.6761478302897,0.12907609815514506,0.022045562821949496,0.13094520210795493
1692.8990132306565,0.5422805893657912,246.5606977973896,0.1270904597182685,0.02448365603490005,0.1294273323693111
1693.8989535810585,0.5426008968609866,246.44190169551194,0.12940289598712268,0.02762533154878582,0.13231881360197587
1694.8988939314606,0.542921204356182,246.3204909503827,0.13412312965743384,0.028341607575120182,0.13708486652087792
1695.8988342818627,0.5432415118513774,246.20180755945694,0.13210309718582247,0.023470503751620714,0.1341718779492994
1696.8987746322646,0.5435618193465727,246.09066032462897,0.1291552445080554,0.02370009597392509,0.1313117349405941
1697.8987149826667,0.5438821268417681,245.97622518522016,0.1259740747835213,0.02354296122670225,0.12815513466453937
1698.8986553330687,0.5442024343369635,245.85880307962825,0.12671313837660578,0.024001823735377455,0.1289663017220893
1699.8985956834708,0.5445227418321589,245.74110608285878,0.13044073358520905,0.024566430394851985,0.13273392362388972
1700.898536033873,0.5448430493273543,245.62828924231698,0.1282064405675274,0.02538663949153769,0.13069572627927906
1701.898476384275,0.5451633568225497,245.62951661088326,0.3620866592462025,1.5508093156790685,1.5925188483660269
1702.8984167346769,0.545483664317745,248.36788139768345,2.4581677703624285,17.439083635008103,17.611479972337815
1703.898357085079,0.5458039718129404,249.64789170423288,2.9564966797619228,24.111301725952316,24.29188637255976
1704.898297435481,0.5461242793081358,251.36357583024133,2.0597520154583657,30.05495789168979,30.125455552346942
1705.898237785883,0.5464445868033312,251.2668978167377,2.0634128986210896,30.16414187496948,30.234634574333512
1706.8981781362852,0.5467648942985266,251.7691426847779,0.11932145566864023,31.488402138804076,31.488628215036996
1707.898118486687,0.547085201793722,251.74454064962663,0.1372875705559984,31.844023129307548,31.84431906850739
1708.8980588370891,0.5474055092889174,254.0540943754497,2.6572233924128144,35.48606523410852,35.58541361227366
1709.8979991874912,0.5477258167841128,257.6731123001425,3.932989404017885,40.937666630901845,41.12615900901726
1710.8979395378933,0.5480461242793082,259.9449350506168,2.8969779951359853,44.04915457771081,44.14431447553992
1711.8978798882954,0.5483664317745036,259.8522487096386,2.908083376734537,44.08778662764,44.183592867153216
1712.8978202386972,0.5486867392696989,260.5904186260035,0.19844854900504427,45.11189548802058,45.11233197639747
1713.8977605890993,0.5490070467648943,260.56339794048154,0.13565787439883792,45.24778733406224,45.24799069226621
1714.8977009395014,0.5493273542600897,258.301289338673,3.2631252510435473,40.21984135422251,40.35199654246151
1715.8976412899035,0.5496476617552851,248.19195018124347,5.711198995304084,18.851047691503332,19.697202670209176
1716.8975816403056,0.5499679692504805,245.43777602159636,5.300654889183777,14.308655094041685,15.258917158647693
1717.8975219907077,0.5502882767456759,245.32532265695465,5.2954261951324,14.30894214816311,15.257370808483785
1718.8974623411095,0.5506085842408712,243.75472321756584,0.639149531623072,1.4786063852359856,1.6108348662214325
1719.8974026915116,0.5509288917360666,243.4706642136316,0.1277321624867873,0.025163622152932698,0.13018722369497934
1720.8973430419137,0.551249199231262,243.35273651695698,0.1309118660551306,0.025580697620415357,0.13338773843492355
1721.8972833923158,0.5515695067264574,243.23725502415675,0.12971509504089,0.026349769587599554,0.13236433144464074
1722.8972237427179,0.5518898142216528,243.11482969672872,0.13224661227567144,0.03267717756590709,0.13622394940709065
1723.8971640931197,0.5522101217168481,242.99432490730482,0.13089073763966583,0.03650809133089141,0.13588681294548247
1724.8971044435218,0.5525304292120435,242.879421967165,0.13043459593559545,0.03609719790850243,0.1353373249097515
1725.897044793924,0.5528507367072389,242.7608879132771,0.12676829477759632,0.036448376770361994,0.13190407397049503
1726.896985144326,0.5531710442024343,242.64598925645672,0.12777152817958926,0.037086415414041674,0.13304497593524695
1727.896925494728,0.5534913516976298,242.533212149078,0.12664504543448013,0.037745468116591886,0.1321502474323911
1728.89686584513,0.5538116591928252,242.41896129483894,0.12727511696375354,0.03840667981081672,0.13294370407141418
1729.896806195532,0.5541319666880204,242.29981441759986,0.1285729799005459,0.0392044174651016,0.13441725153150597
1730.896746545934,0.5544522741832159,243.18689818674886,2.64994341595008,7.200416428256267,7.672561296466775
1731.8966868963362,0.5547725816784113,243.74694918605206,2.783939913510374,11.011692139908082,11.358155009778198
1732.8966272467383,0.5550928891736067,244.07081019797783,2.628969097071166,12.766856205039964,13.034726536200235
1733.8965675971401,0.5554131966688021,245.94461491329255,3.1420749483244608,19.626151949213124,19.87607796610011
1734.8965079475422,0.5557335041639975,245.14119329791902,2.431344640337339,15.908441754129363,16.093164878439033
1735.8964482979443,0.5560538116591929,242.26438720165532,1.5531988795488079,6.153460114330718,6.346455557087806
1736.8963886483464,0.5563741191543883,241.4850169410496,0.12971939842333455,0.034719177384002285,0.1342853067373107
1737.8963289987485,0.5566944266495837,241.37400720520915,0.12502963533039813,0.031857500774932275,0.1290244553039351
1738.8962693491505,0.5570147341447791,241.2695310183273,0.12003485173146651,0.030524480995721106,0.12385519597599969
1739.8962096995524,0.5573350416399744,241.159617201799,0.11812351857315664,0.034839336032869955,0.12315415127113707
1740.8961500499545,0.5576553491351698,241.04565908592903,0.12053482447249582,0.03894555446118453,0.12667043902546665
1741.8960904003566,0.5579756566303652,240.93070400268232,0.12398985952934799,0.04073675701212335,0.1305104158217735
1742.8960307507587,0.5582959641255606,240.81901043374938,0.126073374457012,0.042374371171550164,0.13300407166384895
1743.8959711011607,0.558616271620756,240.70793363010105,0.12510996901810742,0.04189495677325131,0.13193821186731458
1744.8959114515626,0.5589365791159513,240.59195269398623,0.12561112470620753,0.040643234446570885,0.13202282816330418
1745.8958518019647,0.5592568866111467,240.46965647343336,0.1301287190581736,0.03916123359933154,0.13589365599888203
1746.8957921523668,0.5595771941063421,240.34777935169097,0.13251623058009865,0.03815298884347163,0.13789924555576052
1747.8957325027689,0.5598975016015375,240.23255656809346,0.13008110172503173,0.03736134193514256,0.13534017473460233
1748.895672853171,0.5602178090967329,240.12032635548863,0.1257693682232471,0.03589606672849372,0.13079167247898923
1749.8956132035728,0.5605381165919282,240.00521277374753,0.1244699953580836,0.03547126774901016,0.1294256179439114
1750.8955535539749,0.5608584240871236,239.88614219182608,0.12674033570657312,0.03502237111550503,0.1314902246312136
1751.895493904377,0.561178731582319,239.76616891291417,0.13108385321571872,0.03504373220017928,0.13568728658351883
1752.895434254779,0.5614990390775144,239.64838891258648,0.1309539121827654,0.034820957530648136,0.13550434014939386
1753.8953746051811,0.5618193465727098,239.53421691837556,0.12866873641034438,0.03447357349440695,0.13320687294171032
1754.8953149555832,0.5621396540679052,239.4181913423006,0.12764843840380707,0.03471882407410786,0.13228575347337815
1755.895255305985,0.5624599615631006,239.29875583242483,0.12773467842450142,0.0355763137557038,0.1325964636506384
1756.8951956563872,0.5627802690582959,239.1793710598529,0.13020040325311752,0.03592736210220663,0.13506635537726444
1757.8951360067892,0.5631005765534913,239.06141347057473,0.12958476748545403,0.03653956434535554,0.13463785398916445
1758.8950763571913,0.5634208840486867,238.94756659129425,0.1266262994822502,0.037120223728610645,0.1319550329855994
1759.8950167075934,0.5637411915438821,238.83395368972245,0.12591632703040423,0.03776316580301589,0.13145713409432666
1760.8949570579953,0.5640614990390775,238.71645090676734,0.12610992622520326,0.03860737222717268,0.13188723472274969
1761.8948974083974,0.564381806534273,238.59660894860974,0.12979643419167974,0.04059613984273777,0.13599691503488662
1762.8948377587994,0.5647021140294683,238.47355764732612,0.13363945172486105,0.03827073649866795,0.13901133885216682
1763.8947781092015,0.5650224215246638,238.35526124905994,0.13047923643415732,0.033791103233114794,0.13478378907773644
1764.8947184596036,0.5653427290198592,238.24333080208913,0.12826336332409344,0.03334876737455306,0.13252784860779432
1765.8946588100055,0.5656630365150545,238.12699268680234,0.12469452910981503,0.031947882427278425,0.12872215342164578
1766.8945991604076,0.5659833440102499,238.00989424040392,0.12537575028238257,0.031565111440879125,0.12928818592255625
1767.8945395108096,0.5663036515054453,237.8941323558841,0.12652363985841608,0.031249161681672487,0.13032552147921558
1768.8944798612117,0.5666239590006407,237.78316264408363,0.12302649268551215,0.03031202083151212,0.12670570827468033
1769.8944202116138,0.5669442664958361,237.6760155227802,0.11949181525448627,0.029402846322337146,0.12305617125795541
1770.8943605620157,0.5672645739910314,238.07692116107933,1.1442452225013597,5.6944895645561,5.808313742391634
1771.8943009124177,0.5675848814862268,240.0016105392238,2.8603629804378436,17.45753523147745,17.690314093823652
1772.8942412628198,0.5679051889814222,241.6467821105656,2.9883809267950725,24.086315327081174,24.270991051030816
1773.894181613222,0.5682254964766176,243.1113860730778,2.147368592238892,28.935675578682734,29.015246217561387
1774.894121963624,0.568545803971813,242.72145120604767,2.3176088404803012,27.792321320694814,27.888786906751967
1775.894062314026,0.5688661114670084,241.40470588321443,2.643514863164408,23.32021690884841,23.46956939331249
1776.894002664428,0.5691864189622037,239.52483410704374,2.610288456943183,16.57746626712271,16.78171605247932
1777.89394301483,0.5695067264573991,237.6085033582878,2.2839300154997892,10.304481901633357,10.554557478965677
1778.893883365232,0.5698270339525945,237.34130042324887,2.2824524138366944,10.055180639439845,10.310977000905144
1779.8938237156342,0.5701473414477899,236.6175027460113,0.3430071321293265,1.0771094368630785,1.1304064011102748
1780.8937640660363,0.5704676489429853,236.4318658998325,0.12333832576933812,0.033874775490273984,0.1279056019809134
1781.8937044164381,0.5707879564381807,236.31449429948432,0.12541991056897514,0.03534926128812133,0.13030627091873054
1782.8936447668402,0.571108263933376,236.19623029723346,0.1283978419290405,0.038270945802718254,0.1339801145867157
1783.8935851172423,0.5714285714285714,236.08123470472788,0.1278220580376113,0.04226571904372066,0.13462863561387378
1784.8935254676444,0.5717488789237668,235.96646136357793,0.12650750979222242,0.039776171054946484,0.13261332443469476
1785.8934658180465,0.5720691864189622,235.84765579830616,0.12759069755790048,0.03075566110197065,0.13124517817097472
1786.8934061684483,0.5723894939141576,235.72931675662105,0.12675348041184922,0.025932064916565276,0.129378965784064
1787.8933465188504,0.572709801409353,235.6136443851567,0.1303771543325191,0.02691553310122562,0.13312643724658405
1788.8932868692525,0.5730301089045484,235.49745842704885,0.1270747969100308,0.02407981493146021,0.12933615695875206
1789.8932272196546,0.5733504163997438,235.3865346857383,0.12362671021202956,0.024518599558081663,0.1260346190621398
1790.8931675700567,0.5736707238949392,235.27183612581052,0.1265533344563471,0.029219548039392147,0.12988274885313444
1791.8931079204585,0.5739910313901345,235.14957876827208,0.1308025257637931,0.035282107316396145,0.13547740713075906
1792.8930482708606,0.5743113388853299,235.0273425498168,0.12989865188185534,0.0381769103087399,0.13539252653468364
1793.8929886212627,0.5746316463805253,234.91274330468462,0.1319603032752776,0.03718113326910978,0.13709835269498516
1794.8929289716648,0.5749519538757207,234.79802717077496,0.12470620600909321,0.03786932835022082,0.13032929005745114
1795.8928693220669,0.5752722613709161,234.68631376900697,0.12298545626881113,0.038326309712253204,0.12881897558126756
1796.892809672469,0.5755925688661115,235.82442828461018,1.9982548827678874,8.239535865914291,8.47838273860019
1797.8927500228708,0.5759128763613068,235.98078391263996,1.9794751064460412,8.684197082236782,8.906941150595383
1798.892690373273,0.5762331838565022,234.939077567396,1.7558106425096396,6.206658932893284,6.4502314781420145
1799.892630723675,0.5765534913516976,234.30168790486994,0.10583286593396761,0.03452467902721845,0.11132182613364561
1800.892571074077,0.576873798846893,234.93037168180206,2.4193370664492435,8.316340751882652,8.661103586871556
1801.8925114244792,0.5771941063420885,234.17303858747218,0.391620544158886,1.0099691877717143,1.08323792901447
1802.892451774881,0.5775144138372837,233.9640435012019,0.12889934194679808,0.04541763454574839,0.13666675485299537
1803.892392125283,0.5778347213324792,233.826636049383,0.14386059266667797,0.04365139152037915,0.15033733436533078
1804.8923324756852,0.5781550288276746,233.67608642261308,0.14863062864306154,0.037291232369049326,0.15323739681433543
1805.8922728260873,0.57847533632287,233.5611883198502,0.141274963555912,0.035014794846031184,0.14554948019774552
1806.8922131764893,0.5787956438180654,233.45200760090714,0.1374143149054105,0.033791159664516346,0.14150807896511125
1807.8921535268912,0.5791159513132608,233.33091333506465,0.12269484164833432,0.03232168786995905,0.1268807143496319
1808.8920938772933,0.5794362588084562,233.21348219294566,0.12483556900621595,0.030976001420128494,0.12862127333021356
1809.8920342276954,0.5797565663036515,233.09711011866662,0.12715366870642603,0.03020090460167858,0.1306910482943007
1810.8919745780975,0.5800768737988469,232.9840718550654,0.12584117373048828,0.029514736118736524,0.12925602753460122
1811.8919149284995,0.5803971812940423,232.87094557172486,0.1255872657365176,0.02895462862528247,0.12888185222909668
1812.8918552789016,0.5807174887892377,232.74864486416473,0.1294361287636836,0.02757552061659364,0.13234092627228003
1813.8917956293035,0.5810377962844331,232.62144010517176,0.13605258487139213,0.025592679548264472,0.13843876298438784
1814.8917359797056,0.5813581037796285,232.49808841425056,0.13408247885505875,0.02447633325698398,0.13629820991349892
1815.8916763301077,0.5816784112748239,232.38612815159104,0.13053596654050753,0.023669657405368513,0.13266458171777432
1816.8916166805097,0.5819987187700193,232.2719958387578,0.1241639061756324,0.022845591236900067,0.12624815497960662
1817.8915570309118,0.5823190262652147,232.1546446599229,0.12395823436109364,0.022818190538748145,0.12604092067809736
1818.8914973813137,0.58263933376041,232.03537973346926,0.12723335004566005,0.02278506736382463,0.12925743560281355
1819.8914377317158,0.5829596412556054,231.91707359938133,0.12993638136986313,0.022484065116610382,0.13186734390159865
1820.8913780821179,0.5832799487508008,231.80120302514095,0.12801393041632686,0.02184927666509234,0.12986515033458332
1821.89131843252,0.5836002562459962,231.68686246614723,0.12662078648341704,0.021557298418892184,0.12844275255848522
1822.891258782922,0.5839205637411916,231.56940580762176,0.12621824888988736,0.021598477169623133,0.12805288192335337
1823.8911991333239,0.5842408712363869,231.4489287418611,0.12826600163530377,0.02219039252342833,0.13017135128687715
1824.891139483726,0.5845611787315823,231.32804928492757,0.1306834547176684,0.022244630147081775,0.1325631506389515
1825.891079834128,0.5848814862267777,231.210159749648,0.12814764849123528,0.022187413075728586,0.13005422374081593
1826.8910201845301,0.5852017937219731,231.09657855208312,0.12557639334337467,0.022085863832370572,0.12750378796864023
1827.8909605349322,0.5855221012171685,230.9812446624985,0.1247877791814636,0.021966770811345224,0.12670646728924254
1828.890900885334,0.5858424087123638,230.86310823873848,0.12555101683350198,0.02222732142055,0.12750337895702504
1829.8908412357362,0.5861627162075592,230.74521599481199,0.12787591937856177,0.024069060257998095,0.13012136803237034
1830.8907815861382,0.5864830237027546,230.62517167680195,0.12955359295270485,0.025583572356493226,0.1320554906903725
1831.8907219365403,0.58680333119795,230.50556010446823,0.12744756236269034,0.024408653830265272,0.12976387607495996
1832.8906622869424,0.5871236386931454,230.39080468361675,0.12569281771550844,0.023893336940577582,0.1279436437476282
1833.8906026373445,0.5874439461883408,230.2721073062129,0.12339260455923727,0.023881691987003798,0.12568241751364598
1834.8905429877464,0.5877642536835362,230.15259882417095,0.12730048928558912,0.023861688895485747,0.12951754618311503
1835.8904833381484,0.5880845611787316,230.0349438269085,0.12851678645112335,0.02411025563079019,0.13075881930602498
1836.8904236885505,0.5884048686739269,229.9247940097221,0.12304479248183428,0.0243902847582221,0.12543885740664582
1837.8903640389526,0.5887251761691223,229.8179150291686,0.11826153223869296,0.024218332557999163,0.12071585496252452
1838.8903043893547,0.5890454836643177,231.37857129883236,1.879318329881575,11.535131654502116,11.687219501306785
1839.8902447397566,0.5893657911595132,233.89983023051298,3.001838094305131,24.066943810075216,24.253428959669584
1840.8901850901586,0.5896860986547086,235.65039965358415,2.0620879802010452,30.02971373061646,30.100430455075962
1841.8901254405607,0.590006406149904,235.56126379774875,2.0696711765255897,30.1641931022456,30.2351134327044
1842.8900657909628,0.5903267136450994,236.25045678184324,0.2963547148375783,31.83402374195417,31.83540314995725
1843.890006141365,0.5906470211402948,236.45625964282243,0.5276434606004501,32.290399695016625,32.294710404111754
1844.8899464917668,0.5909673286354901,234.18050053712597,2.829442418807583,24.966876796651924,25.126692607276112
1845.8898868421688,0.5912876361306855,231.09834678418673,3.314721146912923,16.496155191296076,16.825888160127423
1846.889827192571,0.5916079436258809,229.61127100052582,2.567373415307434,10.619873612639875,10.925800739628746
1847.889767542973,0.5919282511210763,228.77790914754326,0.3859917064602797,1.1850576237712722,1.2463350950344505
1848.889707893375,0.5922485586162717,228.57834915409828,0.12043668332078572,0.025859357442950297,0.12318157758639679
1849.8896482437772,0.5925688661114671,228.46314419815246,0.1217362109010813,0.02636132388062987,0.12455771530215225
1850.889588594179,0.5928891736066624,228.3492962849493,0.12388564167804621,0.028269956335330856,0.12707022721779784
1851.8895289445811,0.5932094811018578,228.2380315571844,0.12140283681006221,0.031549110592284844,0.12543522298260093
1852.8894692949832,0.5935297885970532,228.13034426215538,0.11896407323504142,0.0342269290078477,0.12378987595914516
1853.8894096453853,0.5938500960922486,228.01985058139113,0.117871262893861,0.035052195082397465,0.12297272460301163
1854.8893499957874,0.594170403587444,227.9048987811849,0.1208720153057198,0.036525669718456145,0.1262702206874127
1855.8892903461892,0.5944907110826393,227.78769646245624,0.12453480976181619,0.037493161019600575,0.1300563568829046
1856.8892306965913,0.5948110185778347,227.67263728297377,0.12581329399584748,0.03816824372649801,0.1314754721430994
1857.8891710469934,0.5951313260730301,227.56076421970144,0.12378080614615955,0.03866400283058048,0.12967880738608087
1858.8891113973955,0.5954516335682255,227.44812884879317,0.12251575782817933,0.03890437537968946,0.1285443944320283
1859.8890517477976,0.5957719410634209,227.33138765916445,0.12316596275188121,0.03884049201450638,0.12914502778088952
1860.8889920981994,0.5960922485586163,227.21260333884842,0.12626988431938752,0.038590041700910856,0.13203512791870783
1861.8889324486015,0.5964125560538117,227.09466334576246,0.1269411660444048,0.03855351709528868,0.1326666247295448
1862.8888727990036,0.5967328635490071,226.97982155336345,0.12536521563848793,0.03906770559916026,0.13131154904602732
1863.8888131494057,0.5970531710442024,226.8645317024811,0.12571715308371323,0.03947313967542654,0.131768476257827
1864.8887534998078,0.5973734785393978,226.74416901057506,0.12736755362022478,0.03969395556902944,0.1334095342316917
1865.8886938502096,0.5976937860345932,226.61632207625968,0.13458614391029589,0.04088167394856899,0.14065824326174411
1866.8886342006117,0.5980140935297886,226.48458335185782,0.13869553651451222,0.04244955916062219,0.14504625786961742
1867.8885745510138,0.598334401024984,226.36681357108816,0.1320433619599121,0.04027613222806244,0.13804932547799256
1868.8885149014159,0.5986547085201794,226.2559912986465,0.1282055250717296,0.035374554724355814,0.1329962998765918
1869.888455251818,0.5989750160153748,227.46199883946562,1.839574557349127,9.252416187355362,9.433516833932178
1870.88839560222,0.5992953235105702,231.50943291156366,3.8227203924875957,23.854040885587853,24.158403460709845
1871.888335952622,0.5996156310057655,229.98806827332726,3.001125260235824,20.418865541722102,20.638236912065715
1872.888276303024,0.5999359385009609,227.16325511237918,2.5980629340342922,11.544021729084818,11.832766738628177
1873.888216653426,0.6002562459961563,226.35700754336324,2.1296357135090966,8.375778387032822,8.642280478030063
1874.8881570038282,0.6005765534913518,225.65626418386242,0.3607495072615099,1.0626275839364046,1.1221932049036576
1875.8880973542302,0.6008968609865472,225.46284733914598,0.11929545318671576,0.023587855611066376,0.12160506602667673
1876.888037704632,0.6012171684817424,225.3458428324771,0.12174745726482158,0.02697462616702194,0.12469993507335977
1877.8879780550342,0.6015374759769379,225.2324566056613,0.12303895808056002,0.02916395213148437,0.12644809729480835
1878.8879184054363,0.6018577834721333,225.1212299208428,0.12164427445083908,0.0307319575659429,0.12546626129165553
1879.8878587558384,0.6021780909673287,225.00757526391527,0.12229300737645096,0.031108170405247628,0.1261875505711186
1880.8877991062404,0.6024983984625241,224.88756759177838,0.1264646711978565,0.03025931293799908,0.13003437653429079
1881.8877394566423,0.6028187059577194,224.76408100783337,0.13147570513731047,0.029125330682959867,0.13466308302108923
1882.8876798070444,0.6031390134529148,224.64322383853855,0.12853601002876944,0.028875461849968524,0.13173950877077426
1883.8876201574465,0.6034593209481102,224.53118775565306,0.12587239346214502,0.027904649661929452,0.12892838674490606
1884.8875605078485,0.6037796284433056,224.4158038583799,0.12366692170417481,0.026586754928359768,0.12649254152481545
1885.8875008582506,0.604099935938501,224.29531442268012,0.1249186779069582,0.025321165323691153,0.12745916013912875
1886.8874412086527,0.6044202434336964,224.17362450544763,0.13011124867728938,0.024079937152063698,0.1323207482053014
1887.8873815590546,0.6047405509288918,224.05300704106648,0.13093044607481225,0.02270867377304522,0.13288515934399864
1888.8873219094567,0.6050608584240872,223.9365727066335,0.12749109213388984,0.021368729981255396,0.12926949057880516
1889.8872622598587,0.6053811659192826,223.82038587231,0.12580240499489714,0.020102976715116787,0.12739848812018395
1890.8872026102608,0.6057014734144779,223.7004705019605,0.12581057356009612,0.019805372118477296,0.12735993555381422
1891.887142960663,0.6060217809096733,223.5796225516143,0.12759819723959032,0.020137608862436533,0.12917748731683037
1892.8870833110648,0.6063420884048687,223.46086322499767,0.12777863132754871,0.02023472416173757,0.12937087263307465
1893.8870236614669,0.6066623959000641,223.34601216904053,0.12390253087362053,0.020903029658880728,0.1256533875620094
1894.886964011869,0.6069827033952595,223.23327444302745,0.12227723869312367,0.021663251989310423,0.12418139791920327
1895.886904362271,0.6073030108904549,223.11713509725186,0.12201255350898192,0.022815818435799096,0.12412745379116388
1896.886844712673,0.6076233183856503,222.9992132946654,0.12472100469924034,0.02480077290377268,0.12716291656694745
1897.886785063075,0.6079436258808456,222.8812192426479,0.12643603447908644,0.027298801309898674,0.12934950857175323
1898.886725413477,0.608263933376041,222.76142356510235,0.12737755832389092,0.028348637081414357,0.1304940136133837
1899.8866657638791,0.6085842408712364,222.64609869487444,0.12686157380702098,0.02942062309027655,0.13022838389465774
1900.8866061142812,0.6089045483664318,222.52756109666515,0.12443747720290527,0.02948823045812803,0.12788370290297055
1901.8865464646833,0.6092248558616272,222.41044041682872,0.12643170837268175,0.030685649360928425,0.13010221350437007
1902.8864868150852,0.6095451633568225,222.29206454636196,0.12551242806428126,0.03072875018479045,0.12921929301195947
1903.8864271654872,0.6098654708520179,222.17762070620918,0.12345531181466755,0.03112852996149357,0.1273192813081365
1904.8863675158893,0.6101857783472133,222.07151581896565,0.1179320520001293,0.031047164868782035,0.12195038062814947
1905.8863078662914,0.6105060858424087,221.9662850559755,0.11496221439957677,0.030681308051986888,0.11898593783903698
1906.8862482166935,0.6108263933376041,221.8535548868812,0.11582591508550759,0.030799388706810902,0.11985092803190323
1907.8861885670956,0.6111467008327995,222.14090524943958,1.250459777875505,5.862088799118,5.9939748702200255
1908.8861289174974,0.6114670083279948,221.9130483633616,0.8930293276497706,4.203352752690934,4.29717066726434
1909.8860692678995,0.6117873158231902,221.5146305628591,0.12000439762969599,0.0310852520470251,0.1239651093868483
1910.8860096183016,0.6121076233183856,221.4031930442142,0.11994950501902807,0.03088105504976656,0.12386090309414247
1911.8859499687037,0.612427930813581,221.2880371063138,0.12098604074332957,0.031359316367654315,0.12498411410172588
1912.8858903191058,0.6127482383087764,221.17161809528963,0.12352302894227433,0.03182661770054619,0.12755732935951059
1913.8858306695076,0.6130685458039719,221.05654555031674,0.12312088529702347,0.03125601480377357,0.12702633922827392
1914.8857710199097,0.6133888532991673,220.9447530828421,0.12010622330471428,0.03068181687933908,0.12396321536463625
1915.8857113703118,0.6137091607943627,220.83302395049668,0.11928154455220627,0.030219685780813084,0.12305005599125522
1916.885651720714,0.6140294682895581,220.71747081110905,0.12043832407048333,0.029514859136028044,0.12400208391283729
1917.885592071116,0.6143497757847534,220.5997356371335,0.12364697679758191,0.029114747672580182,0.12702851413450356
1918.8855324215178,0.6146700832799488,220.48279482433978,0.12500163376990445,0.029005771545037744,0.12832280868212104
1919.88547277192,0.6149903907751442,220.36922226896843,0.12160025646493956,0.02993641869991056,0.12523103264333257
1920.885413122322,0.6153106982703396,220.25775318724675,0.12013306155339418,0.031198252254540766,0.12411802214799247
1921.885353472724,0.615631005765535,220.1426647117903,0.12038479896255644,0.031589957556667186,0.12446053687690393
1922.8852938231262,0.6159513132607304,220.0255071483551,0.12279994648404001,0.03146948863092156,0.12676811732914073
1923.885234173528,0.6162716207559257,219.90877677258604,0.12425220358236128,0.03178961173491782,0.12825439372329267
1924.8851745239301,0.6165919282511211,219.79573797435424,0.12119739883811223,0.03250178148543242,0.1254797803825431
1925.8851148743322,0.6169122357463165,219.68558398639934,0.11879530836041706,0.03347483496671547,0.12342159399592688
1926.8850552247343,0.6172325432415119,219.57283429430854,0.11815490548493127,0.03598420154892039,0.12351293232397312
1927.8849955751364,0.6175528507367073,219.45643239160395,0.12043494728783924,0.038550425413482164,0.126454386352491
1928.8849359255385,0.6178731582319027,219.3383074523603,0.12483682976112376,0.034545323901655024,0.1295284272593397
1929.8848762759403,0.618193465727098,219.22157263128258,0.12356885226355785,0.028472873593480042,0.1268068049451735
1930.8848166263424,0.6185137732222934,219.10981393328512,0.12141263039536351,0.023719621364690725,0.12370791105343845
1931.8847569767445,0.6188340807174888,218.99656107563507,0.12013355315149542,0.022463802749524725,0.12221576423184011
1932.8846973271466,0.6191543882126842,218.8796958670177,0.12124286172975242,0.02260930786497307,0.12333293283852856
1933.8846376775487,0.6194746957078796,218.7625241631952,0.12340777050519719,0.02259445542295688,0.1254591058350226
1934.8845780279505,0.6197950032030749,218.64786594128952,0.12211133152659394,0.02247763491519033,0.12416288237061154
1935.8845183783526,0.6201153106982703,218.5364209880359,0.11984858089300252,0.022090947918448497,0.12186751955300547
1936.8844587287547,0.6204356181934657,218.42297828360012,0.11908867545425687,0.02197644854945438,0.12109945050369196
1937.8843990791568,0.6207559256886611,218.30607864418764,0.1213980020339034,0.022030717578910265,0.12338082271919458
1938.8843394295588,0.6210762331838565,218.18717533565862,0.12494416976872369,0.02201505858380407,0.12686886286100293
1939.8842797799607,0.6213965406790519,218.06882540982681,0.12590508393139796,0.021566114735883497,0.12773874691953752
1940.8842201303628,0.6217168481742473,217.9547220404422,0.12272458400409333,0.020567112836914477,0.12443604642314916
1941.8841604807649,0.6220371556694427,217.84198674850413,0.1213715926180324,0.017750524185703335,0.12266272703435571
1942.884100831167,0.6223574631646381,217.7247215965713,0.1217201231778073,0.014263268989094862,0.12255296499340951
1943.884041181569,0.6226777706598335,217.60488963331025,0.12491418717373684,0.010701945201411907,0.1253717902415427
1944.8839815319711,0.6229980781550288,217.48540060649498,0.1257923223836132,0.011014864058065526,0.12627365362925294
1945.883921882373,0.6233183856502242,217.3695142504183,0.1228106411301951,0.009933002795157273,0.12321168012545795
1946.883862232775,0.6236386931454196,217.25586353191602,0.1216897852312909,0.010221138055658989,0.12211828484215843
1947.8838025831772,0.623959000640615,217.13164899567676,0.1274536800579181,0.01092872910678208,0.12792137303904916
1948.8837429335792,0.6242793081358105,217.00099343931643,0.1352987830268343,0.011553802841970166,0.13579120387069812
1949.8836832839813,0.6245996156310059,216.87641624975123,0.13333028518433704,0.011638360442381285,0.1338372757535188
1950.8836236343832,0.6249199231262011,216.76383623638563,0.12874385550435088,0.011160233735479426,0.1292266657743506
1951.8835639847853,0.6252402306213966,216.6513013282418,0.12063414963624595,0.0114644580351785,0.1211776871230861
1952.8835043351874,0.625560538116592,216.53578884369716,0.11909953452834239,0.011656251457571373,0.1196685728289176
1953.8834446855894,0.6258808456117874,216.4170430198252,0.12162425112579534,0.011794070093755202,0.12219475664400228
1954.8833850359915,0.6262011531069828,216.29825397663777,0.1249148784823192,0.012028165919206212,0.12549264377497402
1955.8833253863934,0.6265214606021781,216.18164978061708,0.12300224854252809,0.011907216088413356,0.12357724281393408
1956.8832657367955,0.6268417680973735,216.06889766503812,0.12081910435113843,0.011537790518166089,0.1213687628109159
1957.8832060871976,0.6271620755925689,215.9538666529406,0.1206823878873539,0.011150308938887276,0.12119640314640684
1958.8831464375996,0.6274823830877643,215.8347325056593,0.12314158446196934,0.011102064828390537,0.12364103553132397
1959.8830867880017,0.6278026905829597,215.71359402653025,0.12667030932772477,0.01117766024952289,0.12716252338576506
1960.8830271384036,0.628122998078155,215.59412731500012,0.12511214925250833,0.011317711539294454,0.1256230093775364
1961.8829674888057,0.6284433055733504,215.47992693309473,0.1220130904639048,0.011346165757307139,0.12253950269992654
1962.8829078392077,0.6287636130685458,215.36575171868984,0.12033402885078259,0.011474702261443379,0.120879887869942
1963.8828481896098,0.6290839205637412,215.24951951175,0.1192470898305103,0.012990900724764581,0.11995262370905642
1964.882788540012,0.6294042280589366,215.1372926834616,0.11804888779599647,0.01941736381786958,0.11963517011108094
1965.882728890414,0.629724535554132,215.03080376213407,0.11475562474205915,0.029609692207942073,0.11851408052459152
1966.8826692408159,0.6300448430493274,214.91848216064838,0.11562269338012093,0.03171038237026196,0.11989226653350783
1967.882609591218,0.6303651505445228,214.80106258538612,0.1231382094988388,0.029569571775313976,0.12663877057818967
1968.88254994162,0.6306854580397182,214.6794167632852,0.12449900327686736,0.025521226684134275,0.12708790197495745
1969.882490292022,0.6310057655349136,214.5599637035049,0.12807308911680182,0.023261603049701762,0.13016842294643566
1970.8824306424242,0.631326073030109,214.4398454911303,0.12452740768481373,0.02372520846480887,0.12676734903514567
1971.882370992826,0.6316463805253043,214.32332729998538,0.12230946434975683,0.02890324807967614,0.12567817160939182
1972.8823113432281,0.6319666880204997,214.2099003723399,0.12014741773682283,0.03265434519832084,0.1245058562845849
1973.8822516936302,0.6322869955156951,214.09529490026364,0.11967812004246624,0.032938406450022086,0.12412812347073413
1974.8821920440323,0.6326073030108905,213.9780085725277,0.12056099748547258,0.03382189401798926,0.12521531307973569
1975.8821323944344,0.6329276105060859,213.86078261627506,0.12166588798275607,0.034138366944923934,0.12636461686840514
1976.8820727448363,0.6332479180012812,213.74647319581032,0.11939536775449842,0.03435111516464888,0.12423869346659636
1977.8820130952383,0.6335682254964766,213.63546862718644,0.11782329918714214,0.03419945563114462,0.1226863178875682
1978.8819534456404,0.633888532991672,213.52148750804773,0.11796188184783536,0.03356360069150913,0.12264387820214159
1979.8818937960425,0.6342088404868674,213.4039443008902,0.12053381936948629,0.03262809760703651,0.12487191183468863
1980.8818341464446,0.6345291479820628,213.28670211618322,0.12283778626204832,0.0323395393137574,0.12702349206657296
1981.8817744968467,0.6348494554772582,213.17102022113852,0.12053019258075312,0.03194725973573495,0.12469224004795144
1982.8817148472485,0.6351697629724535,213.0589614736245,0.11779285186108142,0.03131459168487281,0.12188420571163835
1983.8816551976506,0.6354900704676489,212.94570520961165,0.1175164658513087,0.030360934279320427,0.12137506365186804
1984.8815955480527,0.6358103779628443,212.82862261476816,0.11925390214060398,0.029149425606881104,0.12276474326520562
1985.8815358984548,0.6361306854580397,212.71093153614578,0.12246088723958355,0.027813977905521352,0.1255798004076883
1986.8814762488569,0.6364509929532352,212.59576263271893,0.12004349727682109,0.02573062989928914,0.12277013705891325
1987.8814165992587,0.6367713004484304,212.4879250129836,0.11441410929251167,0.023186230200781092,0.1167398375710812
1988.8813569496608,0.6370916079436258,212.38324330966807,0.11282874144047028,0.020602561881155154,0.11469433486928342
1989.881297300063,0.6374119154388213,212.2682730357441,0.11363580140678493,0.020246852849435067,0.1154254322567992
1990.881237650465,0.6377322229340167,212.15313084343137,0.1209542770320792,0.01953056175799909,0.1225209368840117
1991.881178000867,0.6380525304292121,212.03654737907448,0.12123279062620547,0.019175994493067814,0.12274000280192085
1992.881118351269,0.6383728379244075,211.92283621143577,0.12016639169610968,0.020561014657247755,0.12191274345612281
1993.881058701671,0.6386931454196029,211.80760968694506,0.12164340495442412,0.02494895319056955,0.12417555409262826
1994.880999052073,0.6390134529147983,211.68624422057258,0.12222961057609091,0.030399981730215627,0.12595331115449201
1995.8809394024752,0.6393337604099937,211.56742410141388,0.12410251310952095,0.031880497094179866,0.12813196265987198
1996.8808797528773,0.6396540679051891,211.4508779395711,0.12221486886609302,0.03378529967196609,0.12679874071094266
1997.8808201032791,0.6399743754003844,211.33763339415685,0.11848346267061814,0.03583665134024241,0.1237844760287083
1998.8807604536812,0.6402946828955798,211.2252687257148,0.11822150102469015,0.03724196146014846,0.1239487272945148
1999.8807008040833,0.6406149903907752,211.10891533730145,0.11909150311932015,0.038086364642501015,0.12503342467876577
2000.8806411544854,0.6409352978859706,210.9894326347387,0.12237903171767892,0.03854335113476177,0.1283051726192448
2001.8805815048875,0.641255605381166,210.87044220047417,0.1249345418727945,0.0387568612040497,0.130808004507962
2002.8805218552895,0.6415759128763614,210.7554393826151,0.12106358045256023,0.039098462114145645,0.12722059680603925
2003.8804622056914,0.6418962203715567,210.64475970562384,0.11794927712446385,0.03983484901525836,0.12449436601811345
2004.8804025560935,0.6422165278667521,210.53123787810904,0.11662319699105604,0.038269043351525,0.12274155675831866
2005.8803429064956,0.6425368353619475,210.4148993922468,0.11849619882962927,0.03565269286554211,0.12374353981374425
2006.8802832568977,0.6428571428571429,210.2983538191287,0.12121388834568304,0.03485733990162802,0.12612628938051473
2007.8802236072997,0.6431774503523383,210.18443408136673,0.11967945219620975,0.034278513607886876,0.12449171768897295
2008.8801639577016,0.6434977578475336,210.0745302094016,0.11686158666365966,0.033564315058826906,0.12158615744777952
2009.8801043081037,0.643818065342729,209.96480903638974,0.11403424376609086,0.0317748605808624,0.11837842082169148
2010.8800446585058,0.6441383728379244,209.85776636785667,0.11066461361279992,0.027952395632961553,0.11414023448237659
2011.8799850089079,0.6444586803331198,209.75018459058938,0.11097493721412632,0.025101325520552602,0.11377835133525192
2012.87992535931,0.6447789878283152,209.6396390322125,0.11181290165330901,0.024404921142341617,0.11444529327192302
2013.8798657097118,0.6450992953235105,209.52989645208604,0.11297384967428639,0.023660940266275663,0.11542500077761544
2014.8798060601139,0.6454196028187059,209.4194789653404,0.1163710865085778,0.022490413201325877,0.11852446355564437
2015.879746410516,0.6457399103139013,209.30248557995145,0.1194001172291076,0.022136942548206466,0.12143488880757139
2016.879686760918,0.6460602178090967,209.18151421481505,0.12471379641611613,0.023911234979401893,0.12698534629932948
2017.8796271113201,0.6463805253042921,209.06062005918704,0.12486209051066838,0.025350992806507978,0.12740963261453178
2018.879567461722,0.6467008327994875,208.94622931163047,0.12165394561718589,0.023457667748320386,0.1238948936010674
2019.879507812124,0.6470211402946829,208.83208842816487,0.11888760727044824,0.02229081938062162,0.1209592650074885
2020.8794481625262,0.6473414477898783,208.71401736888052,0.11958179093910018,0.021804025834882775,0.12155336386464546
2021.8793885129282,0.6476617552850737,208.59359941324723,0.12380235877384417,0.021003174360691178,0.12557132384104752
2022.8793288633303,0.6479820627802692,208.47360990412866,0.12479824822054601,0.0200447331393567,0.12639776139451617
2023.8792692137324,0.6483023702754646,208.35850875359932,0.1210795917245923,0.01904584185171645,0.12256839569821641
2024.8792095641343,0.6486226777706599,208.24691851629206,0.11738802338326207,0.0186034711930226,0.11885300658485212
2025.8791499145364,0.6489429852658553,208.13413838909028,0.11613836137737704,0.019377908163355075,0.11774388437710745
2026.8790902649384,0.6492632927610507,208.01691053657808,0.11926362271071848,0.02016134458057148,0.12095574197772152
2027.8790306153405,0.6495836002562461,207.8995246077338,0.12157609506013377,0.021547305958191074,0.12347077906989402
2028.8789709657426,0.6499039077514415,207.7839824240829,0.11910749958389069,0.022459697574595292,0.12120657767740496
2029.8789113161445,0.6502242152466368,207.6724230665657,0.1180547714591551,0.022685026068657754,0.12021455599056641
2030.8788516665466,0.6505445227418322,207.55751054287512,0.11787991224302097,0.022317971183635744,0.11997402030513073
2031.8787920169486,0.6508648302370276,207.43927010722663,0.12021240373009842,0.02162724782405459,0.12214237536175254
2032.8787323673507,0.651185137732223,207.3210749283062,0.1227566020218319,0.021351141042504143,0.1245995769004186
2033.8786727177528,0.6515054452274184,207.2069771495476,0.11906559984971168,0.021118763986649348,0.12092402267496503
2034.8786130681547,0.6518257527226137,207.09810099572275,0.11475046529684942,0.021720035750430022,0.11678796701220294
2035.8785534185567,0.6521460602178091,206.97881230184066,0.12276537363465156,0.020837626802331383,0.12452125784141774
2036.8784937689588,0.6524663677130045,206.8481127804976,0.13231776185785735,0.01822191810450797,0.13356656917986642
2037.878434119361,0.6527866752081999,206.72021629538253,0.1320389784275305,0.01753380297289817,0.13319807082265972
2038.878374469763,0.6531069827033953,206.60297196382578,0.13189580653918545,0.019683230798675462,0.13335641475870652
2039.878314820165,0.6534272901985907,206.4857385589102,0.12022197448317243,0.019593569232624303,0.12180817338711801
2040.878255170567,0.653747597693786,206.3706216893796,0.11877206608772616,0.018062864887012253,0.12013771585423809
2041.878195520969,0.6540679051889814,206.25225087599878,0.11989548894087504,0.017115129294317945,0.12111092402889473
2042.8781358713711,0.6543882126841768,206.13273210363477,0.12327996084287572,0.017153726673913502,0.12446766280534194
2043.8780762217732,0.6547085201793722,206.01423366216036,0.12363342880328601,0.017366742396303623,0.12484722047012806
2044.8780165721753,0.6550288276745676,205.89977368348204,0.1199630559366488,0.017849484510842617,0.12128371237294124
2045.8779569225771,0.655349135169763,205.7864396874983,0.1183514924287672,0.01790601019904529,0.11969837493201341
2046.8778972729792,0.6556694426649584,205.6690602511047,0.1193086981643552,0.017562527916743228,0.12059439391820667
2047.8778376233813,0.6559897501601538,205.54982185692717,0.1217015489733517,0.017088143409228797,0.12289536878046907
2048.8777779737834,0.6563100576553492,205.43230766192073,0.1225485314936393,0.017124179194377576,0.12373916148224319
2049.8777183241855,0.6566303651505446,205.3184439749348,0.11874564970124006,0.01778745937813395,0.12007049193743806
2050.8776586745876,0.65695067264574,205.20696291887825,0.1170552899355678,0.018295158118859945,0.11847638461944189
2051.8775990249896,0.6572709801409353,205.09154536468665,0.11742287946129495,0.018542214423110596,0.11887786310619154
2052.8775393753917,0.6575912876361307,204.9735422368339,0.12049370058110465,0.01842545472375352,0.12189433646197836
2053.8774797257934,0.657911595131326,204.85471925207648,0.12249403019358451,0.01833457879797259,0.12385856535890387
2054.8774200761954,0.6582319026265214,204.74170562417314,0.11751313821859019,0.019218322461591202,0.11907426914417397
2055.8773604265975,0.6585522101217168,204.63655969683566,0.11284464754001586,0.02154866094215221,0.1148836771122436
2056.8773007769996,0.6588725176169122,204.52521609524547,0.11225243059388905,0.023307526656037168,0.11464662652279727
2057.8772411274017,0.6591928251121076,204.41133809308587,0.11548542381844373,0.02571174309465601,0.11831304597334633
2058.877181477804,0.659513132607303,204.29715042009278,0.11843710207814383,0.026731641008130018,0.12141634066161029
2059.877121828206,0.6598334401024984,204.18451371081073,0.11699565428903266,0.027158559590327952,0.1201064964168893
2060.877062178608,0.6601537475976939,204.0724350520932,0.1163925261613387,0.028027473866632246,0.1197195031628626
2061.87700252901,0.6604740550928893,203.95630673960443,0.11853845827886476,0.030848591127560877,0.12248674077501445
2062.876942879412,0.6607943625880847,203.836374026885,0.12073369428377363,0.032665064490213364,0.1250745032912684
2063.8768832298138,0.66111467008328,203.71850920294762,0.12385268877136936,0.03274411251054695,0.12810802246542188
2064.876823580216,0.6614349775784754,203.6020863359952,0.12031041394176281,0.03351208158179231,0.12489057336237598
2065.876763930618,0.6617552850736707,203.4900891416352,0.11731458053897674,0.03502992607089778,0.12243286538984793
2066.87670428102,0.6620755925688661,203.37700397834212,0.11629220772273897,0.035923049248631524,0.12171418587965939
2067.876644631422,0.6623959000640615,203.2604549547409,0.1179092602928147,0.03721874263249962,0.12364395846923931
2068.876584981824,0.6627162075592569,203.14231949164326,0.12151439720300049,0.03818175443811312,0.1273718771926556
2069.8765253322263,0.6630365150544523,203.02402260759513,0.12185968025192397,0.03839122313736904,0.12776410953426792
2070.8764656826283,0.6633568225496477,202.91004175599397,0.11882874166597941,0.03868651767198012,0.12496766179898103
2071.8764060330304,0.6636771300448431,202.79826239723107,0.11646826636131716,0.03933412915677699,0.12293100010059602
2072.8763463834325,0.6639974375400385,202.68358623383165,0.11713238820486356,0.04016975531175322,0.12382893687818282
2073.8762867338346,0.6643177450352339,202.56634116578067,0.12040600155609237,0.04146350223447581,0.12734530705241595
2074.8762270842362,0.6646380525304292,202.44824418372224,0.12098384303206379,0.04240310220869467,0.12819950605102992
2075.8761674346383,0.6649583600256246,202.33359215131114,0.11906427079450398,0.042827894713464466,0.12653271966339208
2076.8761077850404,0.66527866752082,202.22267877525712,0.11617586623924521,0.04299779643751458,0.12387752982248611
2077.8760481354425,0.6655989750160154,202.1123229175197,0.11269854545232987,0.042755377573396605,0.12053623711778365
2078.8759884858446,0.6659192825112108,202.00345366020767,0.11423410781149458,0.04321391734160079,0.12213465535831701
2079.8759288362467,0.6662395900064062,201.89110252347282,0.11265285698932488,0.04331061463108003,0.12069165475532766
2080.8758691866487,0.6665598975016016,201.78298106812844,0.11322760006469666,0.04485660700457181,0.1217891809988617
2081.875809537051,0.666880204996797,201.674090351598,0.11346234047190808,0.045899524860214654,0.12239472655207272
2082.875749887453,0.6672005124919924,201.56121959968237,0.11487129081159464,0.046552256090625056,0.12394565744651599
2083.875690237855,0.6675208199871878,201.4456736733556,0.11956769513885183,0.04643680230639416,0.12826850872003054
2084.8756305882566,0.667841127482383,201.32811771230334,0.12152276056273328,0.0464750023098845,0.1301065224133332
2085.8755709386587,0.6681614349775784,201.21259293910467,0.11909503256289847,0.04590040469399651,0.127634140935059
2086.875511289061,0.6684817424727738,201.1017417789063,0.116601640813777,0.044697936946399675,0.12487533066114134
2087.875451639463,0.6688020499679692,200.9888477041623,0.11571066200183075,0.044266375764223174,0.12388893947484304
2088.875391989865,0.6691223574631646,200.8707479931984,0.11960120561647505,0.04286964611685168,0.12705217409827524
2089.875332340267,0.66944266495836,200.75101092466164,0.12409381366834643,0.04150370902755068,0.1308504201513999
2090.875272690669,0.6697629724535554,200.63225757120344,0.12260547496001617,0.041049531045346435,0.12929488191422742
2091.875213041071,0.6700832799487508,200.5172393597042,0.11950241243575578,0.04213272911395641,0.1267122466084297
2092.8751533914733,0.6704035874439462,200.40099596675634,0.11857881594444207,0.043652535674950435,0.12635853537311473
2093.8750937418754,0.6707238949391416,200.28368818347292,0.12015309155836215,0.043070377133534114,0.12763942493390126
2094.8750340922775,0.671044202434337,200.16404786501613,0.12308254337791709,0.043326669235345665,0.1304856802542175
2095.874974442679,0.6713645099295323,200.04449301854535,0.12323701278697448,0.04281025419540664,0.13046102553993758
2096.874914793081,0.6716848174247277,199.9294836892436,0.12011271464259199,0.04057284874994371,0.12678020458454287
2097.8748551434833,0.6720051249199231,199.8165762614985,0.11813810853251899,0.03542375175332172,0.12333472696658554
2098.8747954938854,0.6723254324151186,199.70006843668762,0.11831565937543319,0.033329515530625346,0.12292051032659165
2099.8747358442874,0.672645739910314,199.58236992701543,0.11994285536075816,0.03166058887980509,0.1240511243008615
2100.8746761946895,0.6729660474055094,199.4680224589827,0.11833024199499834,0.03130673207806704,0.12240162435197803
2101.8746165450916,0.6732863549007048,199.35915006405133,0.11455027182171701,0.031903751085973854,0.11891010935906599
2102.8745568954937,0.6736066623959002,199.25190248147433,0.11207086073621673,0.032841723769391276,0.1167838030135236
2103.874497245896,0.6739269698910956,199.14043197398942,0.11402006828769086,0.03397421694522016,0.11897404502399073
2104.874437596298,0.674247277386291,199.02356921881665,0.11944388362668555,0.034347485838005815,0.12428431566057405
2105.8743779467,0.6745675848814863,198.90337334032148,0.12247188591687368,0.03522375386855785,0.12743655549577784
2106.8743182971016,0.6748878923766816,198.7847173140563,0.12344111877368136,0.038088311132173175,0.12918370349622021
2107.8742586475037,0.675208199871877,198.66931164610378,0.12063032603513764,0.04013734889743804,0.12713253846226102
2108.8741989979058,0.6755285073670724,198.55426482321377,0.11979777049512949,0.03937823773910699,0.12610373278789708
2109.874139348308,0.6758488148622678,198.43528290949956,0.12118005989232802,0.03894759341922035,0.1272851992521405
2110.87407969871,0.6761691223574632,198.3156554339353,0.12283603911895975,0.038695513908705764,0.1287867823306936
2111.874020049112,0.6764894298526586,198.1984241668877,0.12061829234989715,0.03933096987870204,0.126868820602245
2112.873960399514,0.676809737347854,198.08546818272643,0.11871912409918238,0.040271672920375756,0.1253636233788845
2113.873900749916,0.6771300448430494,197.97107397340827,0.11826198280298092,0.04017767703083261,0.12490052965494762
2114.8738411003183,0.6774503523382448,197.8527388441966,0.12065407422457396,0.03925947059283413,0.1268806985251051
2115.8737814507203,0.6777706598334402,197.73303482561514,0.12353634051963235,0.03837486326735433,0.1293594123354412
2116.873721801122,0.6780909673286355,197.6145300671337,0.12229418060470439,0.03813674822720474,0.12810260799500242
2117.873662151524,0.6784112748238309,197.5002084729247,0.11920900220678571,0.03788218250119555,0.1250833560398478
2118.873602501926,0.6787315823190263,197.38656667608657,0.11747821754339534,0.03737850078837809,0.12328132023287268
2119.8735428523282,0.6790518898142216,197.27028929537443,0.11813542918279527,0.035639519443665175,0.12339430689613935
2120.8734832027303,0.679372197309417,197.1539112242436,0.12076154101783673,0.03308396482846742,0.12521141528540414
2121.8734235531324,0.6796925048046124,197.0381556393322,0.119425234671435,0.032686224765219374,0.12381751073951439
2122.8733639035345,0.6800128122998078,196.92682781179698,0.1142579038221428,0.032357063466195615,0.11875120269700618
2123.8733042539366,0.6803331197950032,196.82067716969092,0.11112088916190167,0.03242344329184531,0.11575461840907751
2124.8732446043387,0.6806534272901986,196.7097807877757,0.11134784874746224,0.032112736527054146,0.1158860270608313
2125.8731849547407,0.680973734785394,196.59621545428712,0.11717009605714773,0.03217596935109206,0.1215077133918816
2126.873125305143,0.6812940422805894,196.4807200155971,0.1180884112305258,0.03163355060421596,0.12225201180667443
2127.8730656555445,0.6816143497757847,196.36702492265036,0.11737027671926749,0.03108938197513216,0.12141800331397769
2128.8730060059465,0.6819346572709801,196.25363324896773,0.1186356865074854,0.031466812349150095,0.12273787676393534
2129.8729463563486,0.6822549647661755,196.1350997345891,0.11998207496714777,0.032270563750702495,0.12424607679202761
2130.8728867067507,0.6825752722613709,196.01432427542298,0.12215066723185966,0.03347512849614214,0.12665452906636124
2131.872827057153,0.6828955797565663,195.89637289879755,0.12427907183065445,0.03322238017329812,0.12864297197852714
2132.872767407555,0.6832158872517617,195.78023420000662,0.11971494109211199,0.03358414676660892,0.12433648714166318
2133.872707757957,0.6835361947469571,195.6679016232858,0.1175390340919408,0.03391145631164632,0.12233319829238144
2134.872648108359,0.6838565022421526,195.55284715733046,0.11781900224654238,0.03476134944781893,0.12284001264166387
2135.872588458761,0.684176809737348,195.43366472511704,0.12067035705907132,0.03540235321690672,0.1257563584319234
2136.872528809163,0.6844971172325434,195.31371696755636,0.12348925088292727,0.035065184752155205,0.1283711893897121
2137.872469159565,0.6848174247277385,195.1956263341127,0.12157165958842893,0.034549999051494217,0.126385801613722
2138.872409509967,0.685137732222934,195.08258622155722,0.118756989970187,0.034929610063298214,0.12378731892222708
2139.872349860369,0.6854580397181294,194.96812954621387,0.11780853374054123,0.03496589345432687,0.12288801539269638
2140.872290210771,0.6857783472133248,194.84976924760826,0.119470385608416,0.03518980442677842,0.12454515395236591
2141.872230561173,0.6860986547085202,194.73067634906263,0.12173791596974944,0.03566552211104738,0.12685483692832286
2142.8721709115753,0.6864189622037156,194.6137904362711,0.11965049030646074,0.03509015003485537,0.12468984906577246
2143.8721112619774,0.686739269698911,194.5016214700374,0.11665929732168698,0.033434712241596165,0.12135597074008392
2144.8720516123794,0.6870595771941064,194.39040781222008,0.1141982320790732,0.03289790575623585,0.11884236792125963
2145.8719919627815,0.6873798846893018,194.27885898609648,0.11317752131623272,0.03315668646052796,0.11793437661821964
2146.8719323131836,0.6877001921844972,194.16903030328928,0.1158576658083851,0.03445208305942348,0.12087160441435721
2147.8718726635857,0.6880204996796926,194.05411221396915,0.11390710782118789,0.03503308802260061,0.11917275891992685
2148.8718130139873,0.6883408071748879,193.94419473598438,0.11495918058400037,0.0360666603780032,0.12048409518009849
2149.8717533643894,0.6886611146700833,193.83297867841088,0.1146645885093861,0.03618390633994168,0.12023827566979041
2150.8716937147915,0.6889814221652787,193.7163462997627,0.11687599780926364,0.035757136022678264,0.12222344963408337
2151.8716340651936,0.6893017296604741,193.59926568337906,0.12029666665839481,0.035250271184367056,0.12535497448323452
2152.8715744155957,0.6896220371556695,193.48279137664647,0.11946848763890949,0.03480614175789754,0.12443547341011377
2153.8715147659977,0.6899423446508649,193.370032667424,0.11594992146761973,0.03456312494597069,0.12099171002336467
2154.8714551164,0.6902626521460603,193.25927606683507,0.1151689512695757,0.03445198678854198,0.12021159149687592
2155.871395466802,0.6905829596412557,193.1446557532392,0.1156292931591263,0.034792040349492674,0.12075023605840238
2156.871335817204,0.6909032671364511,193.0278728719332,0.11964760790682097,0.036083532614239085,0.12497028208237038
2157.871276167606,0.6912235746316465,192.90861089049648,0.1228512251574288,0.035274255600600164,0.12781508764953275
2158.8712165180077,0.6915438821268417,192.79010821795765,0.12044540946861054,0.03121581823574363,0.12442477233327873
2159.87115686841,0.6918641896220371,192.67821111925005,0.11774603240061667,0.029484966653954833,0.12138159417585476
2160.871097218812,0.6921844971172325,192.56454710846668,0.11553292324623182,0.02812505740873014,0.11890700235084585
2161.871037569214,0.6925048046124279,192.4483823016737,0.11758443584269825,0.02699969569195182,0.12064444918811483
2162.870977919616,0.6928251121076233,192.33243126643075,0.11943478666147796,0.027559876133968576,0.12257330475022872
2163.870918270018,0.6931454196028187,192.21871007638535,0.11647263715978079,0.028033317375463895,0.11979875662972231
2164.87085862042,0.6934657270980141,192.10921231660748,0.11357839376004969,0.028405582241959295,0.11707659301336715
2165.8707989708223,0.6937860345932095,191.99865285094467,0.11329877279848817,0.028560191579196842,0.11684304198660642
2166.8707393212244,0.6941063420884049,191.8840886897301,0.11637365424577513,0.028837947625989725,0.11989351369358787
2167.8706796716265,0.6944266495836003,191.76742456316813,0.12026179579822122,0.029075713312738106,0.12372670137548157
2168.8706200220286,0.6947469570787957,191.6504039598177,0.11947909877344398,0.0290794302998232,0.12296693990775187
2169.87056037243,0.695067264573991,191.53765829753627,0.11628010956023246,0.028416577213348098,0.11970198720097273
2170.8705007228323,0.6953875720691864,191.42635958438888,0.11445411225419558,0.02825848902144143,0.11789099208027273
2171.8704410732344,0.6957078795643818,191.31172389061823,0.11580846913673994,0.028136710019771353,0.11917749776921795
2172.8703814236364,0.6960281870595773,191.19322671485787,0.12205871121334008,0.0289606648890782,0.12544739572378152
2173.8703217740385,0.6963484945547725,191.06897112201204,0.1265095438715862,0.030483003653802083,0.13013023554253064
2174.8702621244406,0.696668802049968,190.9446212283656,0.12279380335784973,0.03177091013686819,0.12683733233559913
2175.8702024748427,0.6969891095451634,190.83238721928163,0.12174978925225273,0.031192005815660333,0.125681949419048
2176.870142825245,0.6973094170403588,190.71452787882504,0.1175704505981279,0.030922407354179372,0.12156893571313619
2177.870083175647,0.6976297245355542,190.59496399357755,0.12035281412134323,0.03099919739428726,0.12428093219000484
2178.870023526049,0.6979500320307496,190.47511268389707,0.12306202633069008,0.031006302724001397,0.126908049914999
2179.8699638764506,0.6982703395259449,190.3578810122455,0.12072607698295884,0.031172977620336495,0.12468576581716657
2180.8699042268527,0.6985906470211403,190.24384843045752,0.11850275519640843,0.03171919683798691,0.12267440824062231
2181.8698445772548,0.6989109545163357,190.1264169632284,0.11865364794729545,0.03220144914470357,0.12294560381819132
2182.869784927657,0.6992312620115311,190.00744581138207,0.1215700053131106,0.03194633146210908,0.125697391722011
2183.869725278059,0.6995515695067265,189.88806392663165,0.12178442724489509,0.03210030829158529,0.12594394194157163
2184.869665628461,0.6998718770019219,189.77173516319726,0.11884547682675599,0.03178622406941506,0.12302280846562583
2185.869605978863,0.7001921844971173,189.6592925965402,0.11698827100943861,0.031764842376757634,0.12122401067857023
2186.869546329265,0.7005124919923127,189.54408460950464,0.11731692177533588,0.03194622436151709,0.12158873872936041
2187.8694866796673,0.7008327994875081,189.42622691504747,0.11957857639484175,0.032612197038286835,0.1239459209828264
2188.8694270300693,0.7011531069827035,189.30752850840815,0.12145323616638098,0.03341625466765885,0.1259664028671953
2189.8693673804714,0.7014734144778989,189.19246411401937,0.11786629939243323,0.03503708725010898,0.12296366136155208
2190.869307730873,0.7017937219730941,189.08558388129381,0.11170317797021789,0.03763396322211515,0.11787245291606384
2191.869248081275,0.7021140294682895,188.9806801158669,0.11007720290679396,0.041308874103635616,0.117573014248566
2192.8691884316772,0.7024343369634849,188.86829723886504,0.11022072123190726,0.04156025515038015,0.11779584965968246
2193.8691287820793,0.7027546444586803,188.75709750636332,0.11461046295420702,0.04198122817784343,0.12205728875367425
2194.8690691324814,0.7030749519538757,188.64509135947907,0.11299068335252059,0.04119066401237379,0.12026456388417098
2195.8690094828835,0.7033952594490711,188.53588140736298,0.11194849760545642,0.040183398086606696,0.1189418832787912
2196.8689498332856,0.7037155669442665,188.42335511750605,0.11488516344146445,0.03947392540573841,0.12147753523145668
2197.8688901836877,0.7040358744394619,188.30503733790658,0.1195938451239415,0.03843225795907071,0.12561738033951297
2198.8688305340897,0.7043561819346573,188.18459995205552,0.12347468203148684,0.03792799103147391,0.1291686092147018
2199.868770884492,0.7046764894298527,188.06513022534202,0.12372238581312278,0.03780428471859389,0.1293692107666106
2200.868711234894,0.7049967969250481,187.9483955971206,0.11950940715070577,0.03750678619233421,0.12525676591701798
2201.8686515852955,0.7053171044202434,187.83391896018082,0.11824956387589859,0.03738073527343006,0.12401725172903356
2202.8685919356976,0.7056374119154388,187.7159782363098,0.11910494762101682,0.037463684070036266,0.12485798401345687
2203.8685322860997,0.7059577194106342,187.5967656917183,0.12153840821330637,0.03748036778631291,0.12718633039922797
2204.868472636502,0.7062780269058296,187.47898548122419,0.12047944579974068,0.037254972988050215,0.12610800875659325
2205.868412986904,0.706598334401025,187.36686656871865,0.11573991175027551,0.036773694183229406,0.12144147461161382
2206.868353337306,0.7069186418962204,187.257849454778,0.11303995321535187,0.037233875869518415,0.11901425349593907
2207.868293687708,0.7072389493914158,187.14415540753038,0.1128750560392346,0.03809001434864249,0.11912861733832111
2208.86823403811,0.7075592568866113,187.02860741145554,0.11749953435426866,0.03923906077748127,0.1238783454206942
2209.868174388512,0.7078795643818067,186.91173136713283,0.11911062599326258,0.040603398136547,0.12584107900340744
2210.8681147389143,0.7081998718770021,186.79710773375575,0.11743760139825095,0.04393381973851684,0.12538648547188394
2211.868055089316,0.7085201793721972,186.68284772253386,0.11841119475956267,0.045167801918338926,0.12673334752353616
2212.867995439718,0.7088404868673926,186.56225032501447,0.1206164545124026,0.047176208473620244,0.12951418356724087
2213.86793579012,0.709160794362588,186.44256402493184,0.12129096359609712,0.0456256164284175,0.12958855938910208
2214.867876140522,0.7094811018577835,186.3244270787915,0.12004358822090219,0.04606144408352177,0.12857729077877217
2215.8678164909243,0.7098014093529789,186.20810731148498,0.11735996431877461,0.04746998031695812,0.12659684141477007
2216.8677568413264,0.7101217168481743,186.09667459269335,0.1143162393741594,0.04844108916080115,0.1241561182694385
2217.8676971917284,0.7104420243433697,185.9861003941995,0.11305235177295486,0.04896248250697218,0.12319967100054077
2218.8676375421305,0.7107623318385651,185.87132516395224,0.11651318193411728,0.04940404040132785,0.12655465527742843
2219.8675778925326,0.7110826393337605,185.75190881998574,0.12085143574387752,0.04930774891951722,0.1305232685189377
2220.8675182429347,0.7114029468289559,185.6331960417833,0.12055039094745004,0.04957116828252825,0.13034453376523994
2221.867458593337,0.7117232543241513,185.5193373412261,0.11775280274201536,0.04953461723121937,0.12774741037627102
2222.8673989437384,0.7120435618193466,185.40606754766839,0.11513501591206028,0.048533096422910496,0.12494612173839531
2223.8673392941405,0.712363869314542,185.2903355452639,0.11689847179573656,0.0470940475638402,0.1260281794842878
2224.8672796445426,0.7126841768097374,185.17297992089286,0.12021750274947142,0.046072327659855285,0.1287435720465928
2225.8672199949447,0.7130044843049328,185.05537743678767,0.11968156828799126,0.04567074126428543,0.12809954877165813
2226.8671603453467,0.7133247918001281,184.94067598305978,0.11697523515906162,0.04525185701763469,0.1254230290021024
2227.867100695749,0.7136450992953235,184.8297159937157,0.11256764967446642,0.04381803879787809,0.12079526595577224
2228.867041046151,0.7139654067905189,184.7214888534108,0.11056614837822266,0.04195613428723093,0.11825899700032681
2229.866981396553,0.7142857142857143,184.61210091097442,0.11411212693038089,0.04077472947130241,0.12117819967318073
2230.866921746955,0.7146060217809097,184.49545399117181,0.11379581445559046,0.04057453179565572,0.12081299606436324
2231.866862097357,0.7149263292761051,184.38362061109925,0.11582188091837821,0.04027025956277929,0.12262300724058516
2232.866802447759,0.7152466367713004,184.272242732246,0.11438538197741784,0.039325183970821125,0.12095654469460804
2233.866742798161,0.7155669442664958,184.15731602455685,0.11546870992948734,0.03864866010785351,0.12176510953845718
2234.866683148563,0.7158872517616912,184.0396908099146,0.1190737841426355,0.03727192563004666,0.12477083998362232
2235.866623498965,0.7162075592568866,183.92211190010335,0.1204153856677981,0.03607835747597025,0.12570406908166679
2236.866563849367,0.716527866752082,183.8066464297905,0.11771131920871841,0.034011866418860746,0.12252657559546512
2237.866504199769,0.7168481742472774,183.6952426325551,0.1148075411761334,0.032655726238553964,0.11936150119312737
2238.8664445501713,0.7171684817424728,183.58267525616353,0.11435535193655476,0.031330312406664035,0.11856953652617717
2239.8663849005734,0.7174887892376682,183.46725154286096,0.11642992894983603,0.02976352231518281,0.12017402221724233
2240.8663252509755,0.7178090967328636,183.34778332831053,0.1206208888161835,0.030175049695710866,0.12433797667223286
2241.8662656013776,0.718129404228059,183.22807966648855,0.12139786092281145,0.0328738396214025,0.12577014736449968
2242.8662059517796,0.7184497117232544,183.1124913525777,0.1175720311208173,0.03503510655790673,0.12268105474521447
2243.8661463021813,0.7187700192184496,183.00040525014154,0.11812188925400789,0.03429501234410169,0.1229997097257477
2244.8660866525834,0.719090326713645,182.88288729946575,0.118126719809594,0.03378834441916129,0.12286404743277096
2245.8660270029854,0.7194106342088404,182.7636174129125,0.12024107139017236,0.0339003661566101,0.12492857989510951
2246.8659673533875,0.7197309417040358,182.64543283327353,0.11935693734903385,0.03382735258669279,0.12405792306969203
2247.8659077037896,0.7200512491992312,182.53180151840584,0.11698158296460108,0.03384135731712043,0.12177819270283521
2248.8658480541917,0.7203715566944267,182.4181910637801,0.11635074691354051,0.033893127727196645,0.12118679967088339
2249.865788404594,0.7206918641896221,182.3003939749537,0.11873877543701544,0.034186445001600015,0.12356216983417459
2250.865728754996,0.7210121716848175,182.17962194360425,0.12144100729996103,0.03520172165667609,0.12644002317946357
2251.865669105398,0.7213324791800129,182.059783695542,0.12143395129180591,0.036168354734473336,0.1267057789153257
2252.8656094558,0.7216527866752083,181.94396152683564,0.11847508100090676,0.036804859318151646,0.1240602373349348
2253.8655498062017,0.7219730941704036,181.83019703602832,0.11697791973649609,0.037090260936123116,0.12271724068845348
2254.8654901566038,0.722293401665599,181.71278965624083,0.11865933472895536,0.03736164810144531,0.12440229285336546
2255.865430507006,0.7226137091607944,181.5930754561178,0.12108342798416041,0.03776680937222551,0.126836620983663
2256.865370857408,0.7229340166559898,181.4740102098531,0.12066003610426608,0.037498645724159466,0.1263526523023115
2257.86531120781,0.7232543241511852,181.36117631033346,0.11442599800750218,0.03642530969355302,0.12008377161916652
2258.865251558212,0.7235746316463806,181.25607385893704,0.10883244053353792,0.037183406142131524,0.11500915530868303
2259.865191908614,0.723894939141576,181.14841373136827,0.10952103331776752,0.0379504281369828,0.11590984313151252
2260.8651322590163,0.7242152466367714,181.03313638704773,0.11195867068664496,0.03848949862283696,0.11838997189862824
2261.8650726094183,0.7245355541319668,180.91873810005768,0.11700463988089041,0.03888001489815652,0.1232953418103771
2262.8650129598204,0.7248558616271622,180.8048694523479,0.1144389940187758,0.037813972376148516,0.12052460271203357
2263.8649533102225,0.7251761691223576,180.69509613822945,0.1127821406696292,0.03630657359451737,0.11848197559206267
2264.864893660624,0.7254964766175528,180.5832436720961,0.1148559223748948,0.03417879265472551,0.11983352106953453
2265.8648340110262,0.7258167841127482,180.46462926089384,0.11994609640768811,0.033346734727552785,0.12449526400804242
2266.8647743614283,0.7261370916079436,180.34435731776074,0.12184571508624999,0.03276816839137829,0.1261750020590661
2267.8647147118304,0.726457399103139,180.2273602954559,0.11827222752538727,0.0324807731791559,0.12265121454813543
2268.8646550622325,0.7267777065983344,180.11431326751682,0.11551028579542806,0.03228988147369617,0.11993857832293502
2269.8645954126346,0.7270980140935298,180.0006483780344,0.11602247849738012,0.0315962890557521,0.1202478315761647
2270.8645357630367,0.7274183215887252,179.88283413973545,0.11943325837362247,0.03110485869406849,0.12341724125955186
2271.8644761134387,0.7277386290839206,179.76316446132662,0.1222099243857563,0.03087930077190548,0.12605077086053093
2272.864416463841,0.728058936579116,179.64539756120658,0.11918419007901664,0.03118374568841922,0.12319617347933812
2273.864356814243,0.7283792440743114,179.53407980317766,0.11431289802701186,0.03292851420848702,0.11896102598461626
2274.8642971646445,0.7286995515695067,179.42425585749396,0.1131957953891307,0.034515115674920833,0.11834095362059201
2275.8642375150466,0.7290198590647021,179.30853535185915,0.11432439885738588,0.03504206598113507,0.11957430561089986
2276.8641778654487,0.7293401665598975,179.19288732445065,0.11956309026427335,0.03607414570583906,0.12488665477923926
2277.864118215851,0.7296604740550929,179.07582346529801,0.11917576837672,0.03612601646325528,0.12453093123270623
2278.864058566253,0.7299807815502883,178.96167816461843,0.11693770925934793,0.03652752383727522,0.12250994998165046
2279.863998916655,0.7303010890454837,178.84752720746815,0.11886361230654645,0.03720386442681066,0.12454993319488167
2280.863939267057,0.730621396540679,178.72480067140918,0.12458823993453022,0.03679468088219944,0.12990795999940483
2281.863879617459,0.7309417040358744,178.59561145543643,0.12985679504758219,0.03391657764150633,0.13421297053169673
2282.863819967861,0.7312620115310698,178.47176692108593,0.12777073860073881,0.0316902230809268,0.13164205969786874
2283.8637603182633,0.7315823190262652,178.35299625075538,0.11980197712731955,0.0314150034359778,0.12385239668451027
2284.8637006686654,0.7319026265214607,178.23920113484357,0.11721374988118399,0.03119194652413811,0.1212930364413945
2285.863641019067,0.732222934016656,178.12374782373408,0.11719837448595553,0.0313058573827411,0.12130752527612951
2286.863581369469,0.7325432415118514,178.00604547910018,0.11959766312855667,0.031913843759489566,0.12378244806642352
2287.863521719871,0.7328635490070468,177.88920842934226,0.11976891823835756,0.03210785100946048,0.1239980155987671
2288.8634620702733,0.7331838565022422,177.77538419691513,0.11558528658552596,0.03186534851321307,0.119897284835507
2289.8634024206754,0.7335041639974376,177.66624873008914,0.11409341311833299,0.03221771660172301,0.11855500065378742
2290.8633427710774,0.733824471492633,177.5539886935661,0.11312123333424542,0.0328414568062287,0.11779208257016337
2291.8632831214795,0.7341447789878284,177.43869753771793,0.11723599507427693,0.03370205348307349,0.12198404383374012
2292.8632234718816,0.7344650864830238,177.32123537257766,0.12000845654792563,0.03424644143574094,0.12479923234550358
2293.8631638222837,0.7347853939782192,177.20463168480086,0.11916226102408353,0.03503645550293414,0.12420627064114316
2294.863104172686,0.7351057014734146,177.0908237721594,0.11782484773353306,0.03606860464718922,0.1232219095154165
2295.863044523088,0.73542600896861,176.9751123931,0.11770364055002575,0.03692290132997476,0.12335901929471033
2296.8629848734895,0.7357463164638052,176.85723173308287,0.1188900296134867,0.036797824932843795,0.12445448590261407
2297.8629252238916,0.7360666239590006,176.73972936023173,0.12068309333976394,0.03605254219085438,0.12595314532189147
2298.8628655742937,0.736386931454196,176.6227583657246,0.11881252072261422,0.03620808957685778,0.1242072495117229
2299.8628059246957,0.7367072389493914,176.51003259074503,0.11601803959218472,0.03596952737954306,0.12146601339766379
2300.862746275098,0.7370275464445868,176.39825636279787,0.1150608189452876,0.035634445316690876,0.12045250412253157
2301.8626866255,0.7373478539397822,176.28270394803914,0.11656131643624978,0.03512924821550156,0.12173990541124087
2302.862626975902,0.7376681614349776,176.16583906327477,0.11906656521109012,0.035282244174724475,0.12418407186580593
2303.862567326304,0.737988468930173,176.05002587988375,0.11710195223369375,0.036107280416620174,0.12254224951430726
2304.862507676706,0.7383087764253684,175.93913989493547,0.11524680145684703,0.037781244054169175,0.12128168719272754
2305.8624480271083,0.7386290839205638,175.82936035635146,0.11244634569753181,0.03915023961810397,0.11906688004178068
2306.86238837751,0.7389493914157591,175.71770607979366,0.11370563234707137,0.040619529382377305,0.12074318612117695
2307.862328727912,0.7392696989109545,175.60270211619573,0.11619207817061859,0.04094341364730859,0.12319481381414461
2308.862269078314,0.7395900064061499,175.48804474055027,0.11769749152225224,0.040777952317897215,0.12456139412302408
2309.862209428716,0.7399103139013453,175.37479644013348,0.11650810571353723,0.04040110556970221,0.12331418421337827
2310.862149779118,0.7402306213965407,175.26206708244047,0.11822248404391218,0.04093255519967176,0.12510807251607406
2311.8620901295203,0.7405509288917361,175.14404900246646,0.11915413144601815,0.04268350336447239,0.12656851306750783
2312.8620304799224,0.7408712363869315,175.02416643461186,0.12154864660331731,0.043369601745292884,0.1290542360662502
2313.8619708303245,0.7411915438821269,174.90334837191045,0.12303559182884781,0.04386310419988005,0.1306205526198859
2314.8619111807266,0.7415118513773223,174.78461343943655,0.12071453200224182,0.04401796249852834,0.12848960759159517
2315.8618515311287,0.7418321588725177,174.67035910961337,0.11878605226613947,0.043642548574568396,0.12654958814258377
2316.8617918815307,0.7421524663677131,174.55438810472157,0.11925098261085763,0.042849435321567424,0.12671570921173214
2317.8617322319324,0.7424727738629083,174.43505827920876,0.12162631672977439,0.04205235919952563,0.12869095475400485
2318.8616725823344,0.7427930813581037,174.31496219529458,0.12270125106878185,0.04198237021390091,0.1296846807553663
2319.8616129327365,0.7431133888532991,174.196525831049,0.12056947198070318,0.04204364817401579,0.12768972521501482
2320.8615532831386,0.7434336963484945,174.08210199600677,0.11860001905181031,0.042025274327222306,0.12582562617117413
2321.8614936335407,0.74375400384369,173.96706264610802,0.11898589131126164,0.04201955658571704,0.12618750123049288
2322.861433983943,0.7440743113388854,173.84803229753987,0.12194965372179283,0.041957268513111615,0.1289656172161655
2323.861374334345,0.7443946188340808,173.72732389755257,0.12384567994475132,0.041711619673161573,0.13068133629840284
2324.861314684747,0.7447149263292762,173.60872062052178,0.12082785612560037,0.04096294858516582,0.12758265545402211
2325.861255035149,0.7450352338244716,173.4970794002404,0.11458080768321427,0.040057861364391774,0.12138119189737166
2326.861195385551,0.745355541319667,173.39028949166297,0.10984053662231308,0.038896686650210906,0.11652422802937763
2327.8611357359528,0.7456758488148623,173.2804687601187,0.11277267638820362,0.039147086650279675,0.1193740798203823
2328.861076086355,0.7459961563100577,173.1664819298707,0.1169762967401143,0.03931963355244994,0.12340781005159367
2329.861016436757,0.7463164638052531,173.05233858404875,0.11854054080489193,0.03979019181737739,0.12504047016538258
2330.860956787159,0.7466367713004485,172.9399734315678,0.11594115088101128,0.03938738756336936,0.12244883325977625
2331.860897137561,0.7469570787956439,172.82828992196963,0.11583448746407911,0.0390334150440367,0.1222343485934536
2332.860837487963,0.7472773862908393,172.71153258628433,0.11969496156173172,0.03903282282840466,0.1258985507510633
2333.8607778383653,0.7475976937860347,172.58894220744858,0.12510387108520726,0.040417068117769184,0.13147059730502691
2334.8607181887674,0.74791800128123,172.4681609406573,0.12537483324504023,0.04052048842598865,0.1317602322155753
2335.8606585391694,0.7482383087764254,172.3505100672158,0.12102140601346788,0.03976378703206965,0.1273865749308318
2336.8605988895715,0.7485586162716208,172.2363306207852,0.11821494299032154,0.03945195955981326,0.12462435500059413
2337.8605392399736,0.7488789237668162,172.12058683873474,0.11854266335509193,0.03896982118006871,0.12478385311459647
2338.8604795903752,0.7491992312620115,172.0030147360935,0.12094814927467906,0.03841858904546199,0.12690328127047834
2339.8604199407773,0.7495195387572069,171.88541316941925,0.12106250384007103,0.03853096067453668,0.1270463095352632
2340.8603602911794,0.7498398462524023,171.7712634352799,0.11677406150993065,0.03813281179186055,0.12284255279290857
2341.8603006415815,0.7501601537475977,171.66221061694597,0.11313585273442696,0.03774372987269337,0.11926571308908857
2342.8602409919836,0.7504804612427931,171.55191622962622,0.11380537289322798,0.038221845736914735,0.12005237353298426
2343.8601813423857,0.7508007687379885,171.437135117591,0.11686314458210105,0.03865144273679293,0.12308910832097467
2344.8601216927877,0.7511210762331839,171.32111789020723,0.11966377519853795,0.03910960263222922,0.12589273256553413
2345.86006204319,0.7514413837283793,171.20522682203267,0.1179015573448818,0.03868779824694332,0.12408675577008467
2346.860002393592,0.7517616912235747,171.09407091429193,0.11602247864833093,0.038329589364026355,0.12218990536258421
2347.859942743994,0.7520819987187701,170.98242355107843,0.11607370617229011,0.0384986406082154,0.12229166199398744
2348.8598830943956,0.7524023062139653,170.8649523963094,0.12027181391606453,0.03915405300032781,0.1264845804397237
2349.8598234447977,0.7527226137091607,170.74566226755115,0.12167133983665014,0.040245909819637514,0.12815478217708462
2350.8597637952,0.7530429212043561,170.62874972522476,0.12046565573461912,0.039876185892387436,0.1268939888761324
2351.859704145602,0.7533632286995515,170.51495053100524,0.11789018266280459,0.03950739117605628,0.12433394197003231
2352.859644496004,0.7536835361947469,170.40140950709232,0.11784320843520353,0.03927801118878672,0.12421668139686103
2353.859584846406,0.7540038436899423,170.28359148015733,0.12047302762557054,0.03910825688632737,0.12666177853622004
2354.859525196808,0.7543241511851377,170.16372572919747,0.12367450667679142,0.03914603988579652,0.12972199520701222
2355.85946554721,0.7546444586803331,170.04482892228245,0.12191131003993508,0.038969505282296216,0.12798824109112558
2356.8594058976123,0.7549647661755285,169.9324390845875,0.11709766200065264,0.03930078221808462,0.12351685686161384
2357.8593462480144,0.755285073670724,169.82284174679057,0.11538576579957603,0.04064502308084183,0.1223351660414812
2358.8592865984165,0.7556053811659194,169.70758259061475,0.11578656606096129,0.041659650467301065,0.12305305911372967
2359.859226948818,0.7559256886611146,169.59113564499444,0.12004843550203244,0.04301679983506972,0.12752282907203752
2360.85916729922,0.75624599615631,169.47352166245392,0.12084651305254225,0.043306376467687875,0.12837181139066073
2361.8591076496223,0.7565663036515055,169.3586968328859,0.1185490449896499,0.04371615879637796,0.12635259636377943
2362.8590480000244,0.7568866111467009,169.2471861601413,0.11664479981953277,0.044585720365069914,0.12487552116171961
2363.8589883504264,0.7572069186418963,169.13211877853763,0.1190056631625537,0.044830966773817746,0.12716982128883544
2364.8589287008285,0.7575272261370917,169.01130641070552,0.12282958060344062,0.04236997591049779,0.12993198501475023
2365.8588690512306,0.7578475336322871,168.8901251669833,0.1236857370640173,0.039581985415375186,0.12986491105180104
2366.8588094016327,0.7581678411274825,168.77424038867312,0.12152515114359697,0.03948318229260831,0.12777826123572594
2367.858749752035,0.7584881486226779,168.66205440251295,0.11698981834799524,0.03866315027058844,0.12321305444612202
2368.858690102437,0.7588084561178733,168.54974071312972,0.11631918967444285,0.038416629963608846,0.12249894425781743
2369.8586304528385,0.7591287636130685,168.4343821989454,0.11799675563223262,0.03887943839808435,0.12423705192044464
2370.8585708032406,0.7594490711082639,168.31874154967036,0.11914691548116438,0.03944902036690329,0.12550781918503753
2371.8585111536427,0.7597693786034593,168.20432028106478,0.11766440313344795,0.03868093379228526,0.12385930083685162
2372.8584515040448,0.7600896860986547,168.09328269626877,0.11559696185818391,0.03767009491023709,0.12157998865515943
2373.858391854447,0.7604099935938501,167.98172374657142,0.1156196972491883,0.03735125853488933,0.12150321356299225
2374.858332204849,0.7607303010890455,167.86626704207902,0.11832979166751503,0.036899869702592854,0.1239497478018646
2375.858272555251,0.7610506085842409,167.74722520450575,0.12448090537823998,0.03651668565674357,0.1297264974287819
2376.858212905653,0.7613709160794363,167.62587356239095,0.12624748726687537,0.03521955697101279,0.13106809388418783
2377.858153256055,0.7616912235746317,167.5063264126078,0.12523183192197496,0.033506138861537464,0.12963669645568116
2378.8580936064573,0.7620115310698271,167.3914223154438,0.12087223139719923,0.030638422313410265,0.12469486454859699
2379.8580339568593,0.7623318385650225,167.27309889218108,0.11632519546875279,0.030587142309761135,0.12027935972360812
2380.857974307261,0.7626521460602178,167.15603993337388,0.12181531588235522,0.029595096160069473,0.12535884851194887
2381.857914657663,0.7629724535554132,167.03719331379037,0.1223416775435989,0.02936663093703305,0.12581687119291213
2382.857855008065,0.7632927610506086,166.9208736805202,0.1198876267820894,0.029377311068397926,0.12343447436211237
2383.8577953584672,0.763613068545804,166.80663633167512,0.11904572445293707,0.029154983002363972,0.1225638508875792
2384.8577357088693,0.7639333760409994,166.68904431730076,0.12135414076336377,0.02885533755318129,0.12473755643639306
2385.8576760592714,0.7642536835361948,166.56823385301962,0.1246566370352679,0.02869221353067054,0.12791606730286903
2386.8576164096735,0.7645739910313902,166.4468412908335,0.12490462490054935,0.02886164780161112,0.12819578790027064
2387.8575567600756,0.7648942985265856,166.32817451913473,0.12175620898609596,0.029359164055682105,0.1252458978997489
2388.8574971104777,0.7652146060217809,166.21357240384842,0.11940592346632278,0.029244596474067366,0.12293502748109006
2389.8574374608797,0.7655349135169763,166.0970430711132,0.11994721356136182,0.029456297446571314,0.12351116346466753
2390.857377811282,0.7658552210121717,165.9785816050418,0.12256117399876483,0.029686970789262843,0.12610534329122638
2391.8573181616835,0.766175528507367,165.85975951604834,0.12267663500165467,0.0300337768642594,0.12629958245402606
2392.8572585120855,0.7664958360025624,165.7444571785871,0.11692319856608421,0.03119342927145246,0.12101266211697462
2393.8571988624876,0.7668161434977578,165.6358630338653,0.11152469600622486,0.0332301830744768,0.11637011165434238
2394.8571392128897,0.7671364509929532,165.5288293763258,0.10917866338292272,0.03666946576880582,0.11517217657859546
2395.857079563292,0.7674567584881486,165.41882572567408,0.11485078796252773,0.040812912644917126,0.12188682182326005
2396.857019913694,0.767777065983344,165.30458998998722,0.11892407837531782,0.04231084638795047,0.1262265587722468
2397.856960264096,0.7680973734785395,165.19016574237497,0.11710988040489834,0.04333991300851515,0.124872223284585
2398.856900614498,0.7684176809737349,165.07921088893278,0.11493778313635661,0.0429876041570866,0.12271360194968817
2399.8568409649,0.7687379884689303,164.96745231649817,0.11562811620800671,0.04237634698238561,0.12314875574435921
2400.856781315302,0.7690582959641257,164.85134815959572,0.12002790286007015,0.04264567768603006,0.1273787709561024
2401.856721665704,0.769378603459321,164.73087140993292,0.1239002580170475,0.04376178530587195,0.13140155170258902
2402.856662016106,0.7696989109545163,164.6123000316746,0.1218108985231726,0.0446478567838837,0.12973560079799548
2403.856602366508,0.7700192184497117,164.49837160051635,0.11768900288417822,0.044062588315882625,0.12566707241344913
2404.85654271691,0.7703395259449071,164.38512552946614,0.11616923202509095,0.044491944077592126,0.12439784386034591
2405.856483067312,0.7706598334401025,164.26862906200716,0.1192099589988912,0.04462295924904747,0.12728795236258406
2406.8564234177143,0.7709801409352979,164.15042475197143,0.12315916306486226,0.04480880877741461,0.13105727294159694
2407.8563637681164,0.7713004484304933,164.03151206627845,0.1224579556035103,0.044716841114751237,0.13036696962756023
2408.8563041185184,0.7716207559256887,163.91692183758872,0.11741780729383981,0.04356545911188317,0.12523933366687348
2409.8562444689205,0.7719410634208841,163.80744456333153,0.11399457283212024,0.04150140182956468,0.12131417472412925
2410.8561848193226,0.7722613709160795,163.69543867851053,0.11570566780614643,0.04064289122928344,0.12263623514256165
2411.8561251697247,0.7725816784112749,163.57996688394266,0.11847140704327669,0.04074002154060753,0.12528057966797135
2412.8560655201263,0.7729019859064702,163.46495484200165,0.11944977970498105,0.04141641504912783,0.126426141707679
2413.8560058705284,0.7732222934016656,163.3516721580015,0.11659434558717283,0.041282018453707,0.12368688883836189
2414.8559462209305,0.773542600896861,163.24158092339695,0.11484786446856843,0.04064954701275303,0.12182946131922558
2415.8558865713326,0.7738629083920564,163.12853309827779,0.11658957109337607,0.040263116627493344,0.12334604431556176
2416.8558269217347,0.7741832158872518,163.0117543643321,0.12049168460742225,0.04037524591117032,0.1270763807397818
2417.8557672721367,0.7745035233824472,162.8934439930994,0.12121659232478235,0.04023660064772644,0.12772018746665345
2418.855707622539,0.7748238308776426,162.77759623908773,0.11931906450999612,0.03935545549163313,0.12564191590585735
2419.855647972941,0.775144138372838,162.6654287633139,0.11723619916619335,0.03918108712233993,0.12361020986562456
2420.855588323343,0.7754644458680334,162.55212908503023,0.11760470779546195,0.0394017835813122,0.12402970549446835
2421.855528673745,0.7757847533632288,162.43467669219083,0.12139281703876503,0.040578431449495016,0.12799541057205313
2422.8554690241467,0.776105060858424,162.31476100230861,0.12389398823241081,0.042636623167002445,0.13102519587933353
2423.855409374549,0.7764253683536194,162.19234029937817,0.12224477370081954,0.04499166481506656,0.13026140871338632
2424.855349724951,0.7767456758488148,162.07975457972015,0.11944993503314516,0.042688518860664784,0.12684871549188007
2425.855290075353,0.7770659833440102,161.96767936822727,0.11653730330108138,0.04120878351748573,0.1236086845641488
2426.855230425755,0.7773862908392056,161.8522264733068,0.11785770017156023,0.042021020999239315,0.1251247525294172
2427.855170776157,0.777706598334401,161.73518980419044,0.12086237431693869,0.04197198250051989,0.1279428030041227
2428.855111126559,0.7780269058295964,161.61787827985967,0.12017396524210984,0.041864537561406574,0.12725730402315713
2429.8550514769613,0.7783472133247918,161.5043660455517,0.1179188650374303,0.041305562375185456,0.12494402032448787
2430.8549918273634,0.7786675208199872,161.39260835737608,0.11593635098020033,0.040771848674275926,0.12289662779312642
2431.8549321777655,0.7789878283151827,161.27838726179482,0.11695343945544869,0.04067323827015745,0.1238241467236512
2432.8548725281676,0.779308135810378,161.16299469181365,0.1178745444092681,0.040769390498597465,0.12472590517338268
2433.854812878569,0.7796284433055733,161.04850291043172,0.11780760629661022,0.04140396438234232,0.12487161554136868
2434.8547532289713,0.7799487508007688,160.93635127549587,0.1175425661492443,0.04179537081464196,0.12475218586655264
2435.8546935793734,0.7802690582959642,160.82478664267882,0.11591920256944695,0.04201047726198641,0.12329696559168174
2436.8546339297754,0.7805893657911596,160.71013287788412,0.1179917285391994,0.04202109509152954,0.1252510296818333
2437.8545742801775,0.780909673286355,160.59242053476075,0.12061857841535147,0.04208033605477218,0.12774817470877167
2438.8545146305796,0.7812299807815504,160.474273992992,0.12036004121058896,0.04223619387967517,0.12755561764836618
2439.8544549809817,0.7815502882767458,160.3588603338337,0.11746975260873617,0.04266162058073801,0.12497662440845698
2440.854395331384,0.7818705957719412,160.247619136884,0.11521305539844502,0.0429044237034231,0.12294241622632937
2441.854335681786,0.7821909032671365,160.1344084422326,0.11579411182318403,0.04192184064141563,0.12314916587490267
2442.854276032188,0.7825112107623319,160.01867850123776,0.11837364718676795,0.04180133120811235,0.12553753079883212
2443.8542163825896,0.7828315182575272,159.90097254018653,0.12121554833497661,0.0416420818557009,0.12816892033338637
2444.8541567329917,0.7831518257527226,159.78294189761365,0.12060184819463045,0.04105329436324379,0.12739771884157045
2445.8540970833938,0.783472133247918,159.66575716546768,0.12031040410058041,0.04036650580530828,0.12690172625214735
2446.854037433796,0.7837924407431134,159.5510742546818,0.11746618780425881,0.03947055583675983,0.12392025684014772
2447.853977784198,0.7841127482383088,159.4373877040424,0.12210449082941155,0.03918847256724027,0.12823900757126588
2448.8539181346,0.7844330557335042,159.3177104073974,0.12160755717035188,0.03916132958155296,0.12775761306292246
2449.853858485002,0.7847533632286996,159.19862892218327,0.12006273986070758,0.03876895484584483,0.12616692658022186
2450.853798835404,0.785073670723895,159.0834623563709,0.11759267017633505,0.03921699355636464,0.12395970580313696
2451.8537391858063,0.7853939782190904,158.969124339868,0.11719332443736406,0.03939879050605673,0.12363874791513144
2452.8536795362083,0.7857142857142858,158.85137343050755,0.11942650185868968,0.03928967339292319,0.12572337802304784
2453.8536198866104,0.7860345932094812,158.73225306155607,0.12115923393198867,0.03893500074575864,0.1272615191252194
2454.853560237012,0.7863549007046765,158.61350389854252,0.11986713362394658,0.03892935334600127,0.1260302514286109
2455.853500587414,0.7866752081998719,158.49842825508705,0.11731690316912496,0.03983580714340463,0.12389571138647362
2456.8534409378162,0.7869955156950672,158.38454168496105,0.11666671938313498,0.04041722272314029,0.12346932940724628
2457.8533812882183,0.7873158231902626,158.26712791107562,0.1190282588281584,0.0406708759867881,0.12578492180383055
2458.8533216386204,0.787636130685458,158.14731000527772,0.1217765049610213,0.040524988614502266,0.12834247879298258
2459.8532619890225,0.7879564381806534,158.0269002366513,0.12105572681908135,0.04022363025266523,0.12756343295160716
2460.8532023394246,0.7882767456758488,157.91173232023684,0.11528818211004327,0.039805873566399044,0.1219666860442746
2461.8531426898267,0.7885970531710442,157.80257559535826,0.11050769053974198,0.04037320406716741,0.11765179673543673
2462.8530830402287,0.7889173606662396,157.69496063377014,0.10936895950886173,0.0414272859437575,0.11695208131844805
2463.853023390631,0.789237668161435,157.58342333718403,0.1136610597685116,0.042198920146182956,0.12124184660918479
2464.8529637410325,0.7895579756566303,157.46899733780847,0.11571596544603688,0.04313914915647534,0.12349563089054215
2465.8529040914345,0.7898782831518257,157.35707168485249,0.11388028545120962,0.04421608758138141,0.12216293142951906
2466.8528444418366,0.7901985906470211,157.247150529536,0.11220818719778344,0.043601204262831136,0.12038165261941679
2467.8527847922387,0.7905188981422165,157.13430862054733,0.11506987669306414,0.04255773608861009,0.12268756018091145
2468.852725142641,0.790839205637412,157.0163604923388,0.12008614452550277,0.04264925076759658,0.12743484883671843
2469.852665493043,0.7911595131326074,156.89346696609363,0.12216758153516154,0.043154211538515355,0.12956544273710208
2470.852605843445,0.7914798206278028,156.77543666946315,0.11890390487116048,0.04374540911185135,0.12669569610674716
2471.852546193847,0.7918001281229982,156.66233790121274,0.11504290859393244,0.04277796799859997,0.12273885026282892
2472.852486544249,0.7921204356181936,156.54824462355674,0.115682262570642,0.0424712167278615,0.12323226088897314
2473.852426894651,0.792440743113389,156.43060168146744,0.11907961980222626,0.04255181331323708,0.12645399427652468
2474.8523672450533,0.7927610506085844,156.31174756246375,0.12025705836953533,0.042467233077137206,0.1275351950362006
2475.852307595455,0.7930813581037796,156.19374490877615,0.11746293455636891,0.04216331935383929,0.12480098755029002
2476.852247945857,0.793401665598975,156.08237169964687,0.11258438621116211,0.04174092996465328,0.12007309962209771
2477.852188296259,0.7937219730941704,155.97405142933718,0.11067299064569819,0.04174154306039261,0.11828299656132071
2478.852128646661,0.7940422805893658,155.86091261122382,0.11523922249115419,0.041811581164785776,0.12258991279817931
2479.8520689970633,0.7943625880845612,155.74397340797393,0.11761126695726631,0.042492311839510764,0.12505201590042278
2480.8520093474654,0.7946828955797566,155.6278296341303,0.116166937478758,0.04334012375940214,0.12398840143607774
2481.8519496978674,0.795003203074952,155.515243642972,0.11309910413302861,0.04326049617511355,0.12109037073611867
2482.8518900482695,0.7953235105701474,155.4042703177738,0.11201662455620864,0.042454121913937264,0.11979180541443582
2483.8518303986716,0.7956438180653428,155.28987151075228,0.11576241306075562,0.041671708731485894,0.12303441626736318
2484.8517707490737,0.7959641255605382,155.1724874793066,0.11856997650621018,0.040726822815362024,0.12536950755792706
2485.851711099476,0.7962844330557336,155.0543779653209,0.11793828391981626,0.03992317493014722,0.1245122432150924
2486.8516514498774,0.7966047405509289,154.9392007235351,0.11561466809326262,0.03925536219347778,0.12209723559219678
2487.8515918002795,0.7969250480461243,154.82642869350968,0.11431266825590529,0.039104997854697746,0.12081633573735207
2488.8515321506816,0.7972453555413197,154.71107840072497,0.1163494797956656,0.03957002633667968,0.12289421643432827
2489.8514725010837,0.7975656630365151,154.59288012147715,0.11876031277020377,0.040486050908405714,0.12547163905614145
2490.8514128514857,0.7978859705317105,154.4743451783185,0.11798974533369583,0.04148951953208941,0.1250718203070301
2491.851353201888,0.7982062780269059,154.35853281239113,0.11600171258846377,0.04196108139970905,0.12335773050639981
2492.85129355229,0.7985265855221013,154.24591226402026,0.11537529534909376,0.04054983573082997,0.12229369548217893
2493.851233902692,0.7988468930172967,154.1297085445021,0.11810881233825189,0.03729050475483995,0.12385585693386948
2494.851174253094,0.7991672005124921,154.010339265872,0.11787732589462883,0.034747801482916195,0.12289212207446289
2495.851114603496,0.7994875080076874,153.8932199179224,0.11598588424670148,0.03359058801746834,0.12075203082287488
2496.851054953898,0.7998078155028827,153.7789391429384,0.11325825700856285,0.03341978512337801,0.11808604836436196
2497.8509953043,0.8001281229980781,153.66681401265234,0.11417094737860575,0.03450392236513399,0.1192708090184164
2498.850935654702,0.8004484304932735,153.55145305988586,0.11797676740583098,0.036545130244822595,0.12350734468905317
2499.850876005104,0.8007687379884689,153.4292049491341,0.11996338788086047,0.03947578115981296,0.1262915346728799
2500.850816355506,0.8010890454836643,153.31086380261786,0.12008620406581426,0.039934733989911216,0.1265522792595272
2501.850756705908,0.8014093529788597,153.19395872881415,0.11545990870252325,0.03977294399744924,0.12211829343640222
2502.8506970563103,0.8017296604740551,153.08162692424239,0.11233557096394314,0.03987142289992735,0.11920155564362388
2503.8506374067124,0.8020499679692505,152.9701145549326,0.1126298281061931,0.039746672469695724,0.11943733148243003
2504.8505777571145,0.802370275464446,152.85475116226738,0.11533353441138848,0.039917646567442545,0.12204606780763642
2505.8505181075166,0.8026905829596414,152.73756797936474,0.11698110676072575,0.04005919277283771,0.12364998287333359
2506.8504584579186,0.8030108904548368,152.62161155766066,0.11402896757125736,0.040204176880488336,0.1209089793357154
2507.8503988083203,0.803331197950032,152.51072447600663,0.10997073348521118,0.041019435474166414,0.11737187188545069
2508.8503391587224,0.8036515054452275,152.40445422934988,0.10801666706477688,0.04323587174180159,0.11634836040553545
2509.8502795091244,0.8039718129404227,152.29290993018552,0.11120728967782566,0.04498273395918126,0.1199604419462112
2510.8502198595265,0.8042921204356182,152.17804817763198,0.11584485667762959,0.04614610633399009,0.12469761003503019
2511.8501602099286,0.8046124279308136,152.06089931270307,0.11506899623701715,0.046264448002668025,0.12402126045153
2512.8501005603307,0.804932735426009,151.9461316422237,0.11415404209301369,0.04553318676281893,0.12290002613079987
2513.850040910733,0.8052530429212044,151.83337135917603,0.11413916050672913,0.04420059431559784,0.12239869484203227
2514.849981261135,0.8055733504163998,151.717321072294,0.11703509611029092,0.04209287005606249,0.12437452886785781
2515.849921611537,0.8058936579115952,151.59819513128477,0.11980556570638108,0.04034184158620673,0.1264153382971884
2516.849861961939,0.8062139654067906,151.47753838824462,0.11698918710109502,0.04052427333567926,0.12380907328608781
2517.8498023123407,0.8065342729019859,151.36093327823895,0.11493972807507907,0.041011707195399115,0.12203729436960765
2518.8497426627428,0.8068545803971813,151.24681888824753,0.11392468221189558,0.04143794430521244,0.12122679755451468
2519.849683013145,0.8071748878923767,151.13080380294434,0.115664311075159,0.04127380677982011,0.12280781726986711
2520.849623363547,0.8074951953875721,151.01135512985917,0.11916083658567539,0.04078985338944321,0.1259488670664818
2521.849563713949,0.8078155028827675,150.89078181206025,0.12010036302584991,0.04001362429706672,0.12659062891196862
2522.849504064351,0.8081358103779629,150.77128104681438,0.11695817699422406,0.03964683733689469,0.12349529090872424
2523.849444414753,0.8084561178731583,150.6564007359547,0.11389912051645948,0.03998837309632812,0.12071486916413446
2524.8493847651553,0.8087764253683537,150.54151817854373,0.11386489706307237,0.04076588460874799,0.12094243312881472
2525.8493251155573,0.8090967328635491,150.42331612410962,0.11729288788509269,0.04055018177758015,0.12410454782408144
2526.8492654659594,0.8094170403587445,150.30372762399085,0.11898867844008372,0.040043728364118326,0.125546030515572
2527.8492058163615,0.8097373478539399,150.18496759857535,0.11585443851352027,0.03957087838714602,0.12242591776096004
2528.849146166763,0.8100576553491351,150.07092133984773,0.11225648152067336,0.03898727560342992,0.118834024178175
2529.8490865171652,0.8103779628443305,149.96006813253433,0.10884710277088418,0.03934282423429999,0.11573914463286154
2530.8490268675673,0.8106982703395259,149.84897414687396,0.10816464499677812,0.04087032855347333,0.11562860452045547
2531.8489672179694,0.8110185778347213,149.74170639104037,0.10945463851305665,0.04441907002536027,0.11812439068177986
2532.8489075683715,0.8113388853299167,149.62697069117755,0.10830295283603743,0.04627171335305557,0.11777351590927516
2533.8488479187736,0.8116591928251121,149.5165718157693,0.10835262272532975,0.04744428985884017,0.1182846206895355
2534.8487882691757,0.8119795003203075,149.40682615545367,0.10912850018126909,0.04726296957205512,0.11892357985102138
2535.8487286195777,0.8122998078155029,149.29263680405342,0.11332439882996517,0.04635311661875441,0.12243786501913882
2536.84866896998,0.8126201153106983,149.17452009709544,0.11758346468908398,0.044680151130326216,0.125786275377395
2537.848609320382,0.8129404228058937,149.05294299601803,0.11782765161027738,0.043386688184394666,0.12556177840251703
2538.8485496707835,0.813260730301089,148.93592943145583,0.11468301756388995,0.04375975810012657,0.12274816066459442
2539.8484900211856,0.8135810377962844,148.82261727686677,0.11252081858986,0.043567173203247725,0.12066081881478333
2540.8484303715877,0.8139013452914798,148.70620894959418,0.1145946111668759,0.04384237289342484,0.12269506334573364
2541.84837072199,0.8142216527866752,148.5867920937242,0.11774965219528652,0.044257886120988126,0.125792452380933
2542.848311072392,0.8145419602818706,148.4665737323155,0.11757349024146595,0.0444093255946536,0.125681000184324
2543.848251422794,0.814862267777066,148.34921059977142,0.11354403758178071,0.04473628089879233,0.12203926949563604
2544.848191773196,0.8151825752722615,148.23893149859,0.10791115334688421,0.045703359491290375,0.11719050339274459
2545.848132123598,0.8155028827674569,148.12938435492714,0.10857312311972393,0.045939535996222455,0.11789217120538135
2546.848072474,0.8158231902626523,148.01402294163506,0.11404124641223361,0.044374792728094324,0.12237045441166391
2547.8480128244023,0.8161434977578477,147.8953711688964,0.11442587260240263,0.0424788295820313,0.12205626277860769
2548.8479531748044,0.8164638052530431,147.7826077932763,0.11399736759095602,0.044901778708267205,0.12252171052035533
2549.847893525206,0.8167841127482383,147.67126589800148,0.10833422388876092,0.04325310403605254,0.11664962526443778
2550.847833875608,0.8171044202434337,147.5600631569902,0.10904934035911577,0.04329169650459252,0.1173282984578061
2551.84777422601,0.8174247277386291,147.44512351059936,0.11270747620297061,0.04379021677177067,0.1209155005653198
2552.8477145764123,0.8177450352338245,147.32803322630303,0.11392002122747838,0.04462680373575118,0.12234918409265498
2553.8476549268144,0.8180653427290199,147.21224589087007,0.11164914708323773,0.04404071310460415,0.12002131666990036
2554.8475952772164,0.8183856502242153,147.10114634956264,0.10886576605366431,0.04316156102496969,0.11710967239542322
2555.8475356276185,0.8187059577194107,146.99094953404784,0.1085282820793869,0.04323176280704485,0.11682197278982905
2556.8474759780206,0.8190262652146061,146.8772179645368,0.11112189836885301,0.043083698634708324,0.11918171581725137
2557.8474163284227,0.8193465727098015,146.76158677207977,0.11298933691206277,0.04286893650800558,0.12084840078857081
2558.847356678825,0.8196668802049969,146.64609514093854,0.11175367465672069,0.04214077031050367,0.11943503808197493
2559.847297029227,0.8199871877001923,146.53390856612899,0.1098006159043121,0.04177058524270781,0.11747747462592391
2560.8472373796285,0.8203074951953876,146.42250494662318,0.11014489546235924,0.04185230846761466,0.11782832308270544
2561.8471777300306,0.820627802690583,146.30675474082514,0.11320611290781009,0.04206262801833838,0.12076791244161236
2562.8471180804327,0.8209481101857784,146.18815766101764,0.11602144463411043,0.04209809745149543,0.12342295339207192
2563.8470584308347,0.8212684176809737,146.0685421474782,0.115695484727524,0.041853719217394426,0.12303324346966242
2564.846998781237,0.8215887251761691,145.95233508888057,0.11276672148698155,0.04171493595826969,0.1202350587679193
2565.846939131639,0.8219090326713645,145.83973159087375,0.11068427332302622,0.04198296460727494,0.11837895792015603
2566.846879482041,0.8222293401665599,145.72448351673577,0.11189251583526119,0.04281814077724597,0.11980537667218542
2567.846819832443,0.8225496476617553,145.60674465739197,0.11432762211092917,0.04299587850544626,0.12214520353249454
2568.846760182845,0.8228699551569507,145.4885705570834,0.11401601807283891,0.041736934471838884,0.12141508998593421
2569.8467005332473,0.8231902626521461,145.37277566231927,0.11177809523513346,0.038533228163241125,0.1182334650049425
2570.846640883649,0.8235105701473414,145.26068533827532,0.10997275528419036,0.0354923187930964,0.1155582606225414
2571.846581234051,0.8238308776425368,145.14763728220274,0.11048822126678556,0.03491625719791278,0.11587403529440476
2572.846521584453,0.8241511851377322,145.03131178117533,0.11289063309530283,0.03496333124496472,0.11818091881688604
2573.846461934855,0.8244714926329276,144.91367441913115,0.11354279050608176,0.03549927528867878,0.11896286740798312
2574.846402285257,0.824791800128123,144.79774143289717,0.11170128114983803,0.03674897830155411,0.11759108646799406
2575.8463426356593,0.8251121076233184,144.68592662431288,0.10872710162489034,0.037597697520425286,0.11504420666242444
2576.8462829860614,0.8254324151185138,144.5736456140858,0.10898497023719192,0.03706482892841024,0.11511526953924889
2577.8462233364635,0.8257527226137092,144.4583505408729,0.11150745768910711,0.036966715879298985,0.11747532167731581
2578.8461636868656,0.8260730301089046,144.34227473905474,0.1126606332250359,0.03696027484098648,0.11856846205879253
2579.8461040372677,0.8263933376041,144.22628278665823,0.11086444266502823,0.037025760885618014,0.11688383813250784
2580.8460443876697,0.8267136450992955,144.1100753622066,0.11365883359767247,0.037692758435211415,0.11974587463974949
2581.8459847380714,0.8270339525944906,143.98582092724723,0.11916752300343636,0.03830249379614191,0.12517180021785268
2582.8459250884735,0.827354260089686,143.8640395859019,0.11899433777165877,0.03570574746918366,0.12423587575273388
2583.8458654388755,0.8276745675848814,143.7467802942208,0.1188040447630166,0.032553806396754044,0.12318340538794256
2584.8458057892776,0.8279948750800769,143.6281469682525,0.11120982729291734,0.0326986408550738,0.11591732743765965
2585.8457461396797,0.8283151825752723,143.5144663789241,0.10975203745947067,0.03281276451080451,0.1145521158309464
2586.845686490082,0.8286354900704677,143.4017366775278,0.10972349595841975,0.032853930469985665,0.1145365719439167
2587.845626840484,0.8289557975656631,143.28499631219984,0.11286192959237103,0.032826182055360704,0.11753881648053549
2588.845567190886,0.8292761050608585,143.16615899810256,0.11560172814699471,0.03292809903696743,0.12019991371361298
2589.845507541288,0.8295964125560539,143.04713872666002,0.11459629158177762,0.03270246645719846,0.11917114313742226
2590.84544789169,0.8299167200512493,142.93044286246572,0.11193220865858751,0.03262664578752346,0.11659038275318465
2591.8453882420918,0.8302370275464446,142.81578849513664,0.11080027231952028,0.03289611775143923,0.11558051267058997
2592.845328592494,0.83055733504164,142.69822344461045,0.11354183375667899,0.03354199943422379,0.11839262535679661
2593.845268942896,0.8308776425368354,142.57716266547212,0.11756385895940358,0.03362798395769485,0.1222787889966429
2594.845209293298,0.8311979500320308,142.45472922534003,0.11788537950583691,0.033693024646136126,0.12260580170220466
2595.8451496437,0.8315182575272262,142.33467113968274,0.11404201668407082,0.03378099618281353,0.11894005747633196
2596.845089994102,0.8318385650224216,142.22045926238545,0.11062343844350395,0.033692702429201686,0.11564057821563518
2597.8450303445043,0.832158872517617,142.10744690071948,0.10806283310300806,0.035160510870477,0.11363906644689363
2598.8449706949064,0.8324791800128124,141.99445597510265,0.1078754191247107,0.03896293519469152,0.11469619161209203
2599.8449110453084,0.8327994875080078,141.88809961021153,0.10690296629602684,0.047859389717441345,0.11712713343634507
2600.8448513957105,0.8331197950032032,141.7744959285137,0.10452276604602814,0.050567107463956415,0.11611219134606
2601.8447917461126,0.8334401024983986,141.66628390596676,0.10598406419119336,0.05291203543516629,0.11845803204669275
2602.8447320965142,0.8337604099935938,141.5549629027523,0.10740094621417688,0.05291925293824003,0.1197305749557812
2603.8446724469163,0.8340807174887892,141.4398762398137,0.11082714556646714,0.051851738313753205,0.12235709607770544
2604.8446127973184,0.8344010249839846,141.32247269479674,0.11331519703108156,0.05044403756155622,0.12403602220203827
2605.8445531477205,0.83472133247918,141.20476549606647,0.11259442420893467,0.048620078665937726,0.12264345238300946
2606.8444934981226,0.8350416399743754,141.0911424523239,0.10919061119592192,0.04719391997688853,0.11895316580959057
2607.8444338485247,0.8353619474695708,140.97949258530045,0.108197793941372,0.04677152993159741,0.11787424920618543
2608.8443741989267,0.8356822549647662,140.86442602770782,0.11031267379257456,0.04670351017588121,0.11979191901800224
2609.844314549329,0.8360025624599616,140.7476010509797,0.11216250508357503,0.046576402077617124,0.12144870842095791
2610.844254899731,0.836322869955157,140.62998693366202,0.11290178265701561,0.04701959127737218,0.12230149014228374
2611.844195250133,0.8366431774503524,140.51445003512165,0.1111133095874917,0.047675344619089066,0.12090949529311038
2612.8441356005346,0.8369634849455477,140.3987826997688,0.11007737873029366,0.04966211717159382,0.12076156338047972
2613.8440759509367,0.8372837924407431,140.28239962866948,0.11410762578990225,0.05028604594811032,0.12469657846350006
2614.844016301339,0.8376040999359385,140.15921643521165,0.11773548087594284,0.046040237142744744,0.12641735202593699
2615.843956651741,0.8379244074311339,140.0326349060679,0.11589230009025184,0.03874592555138323,0.12219767578412577
2616.843897002143,0.8382447149263293,139.91768469882751,0.11436951283869415,0.03941674004371185,0.12097133901314717
2617.843837352545,0.8385650224215246,139.804228183054,0.10804147196878856,0.03691391310238185,0.11417353741437954
2618.843777702947,0.83888532991672,139.69076636309143,0.1090647218432314,0.036279814984567636,0.11494058693975726
2619.843718053349,0.8392056374119155,139.57478327727955,0.11129811422910556,0.03601854325972803,0.1169812193880194
2620.8436584037513,0.8395259449071109,139.4575658546731,0.11073313595531767,0.035721164105813386,0.11635217644536486
2621.8435987541534,0.8398462524023063,139.3427733868644,0.10848976982328197,0.035658832940566605,0.11419974834907448
2622.8435391045555,0.8401665598975017,139.23096602322622,0.10706667001076883,0.03565126447622508,0.11284628698343874
2623.843479454957,0.840486867392697,139.1181233059119,0.10961372964341443,0.03552900932469514,0.11522794899647318
2624.843419805359,0.8408071748878924,139.00069700990701,0.11276617115824045,0.0357266279110101,0.11829032631445965
2625.8433601557613,0.8411274823830878,138.880907251447,0.11343826854723227,0.035604688931703134,0.11889463673739589
2626.8433005061634,0.8414477898782832,138.76276183310952,0.11074466335429602,0.03529719858992667,0.11623369859792416
2627.8432408565654,0.8417680973734786,138.6505602467946,0.10614387556005074,0.03491517807326331,0.11173894566710044
2628.8431812069675,0.842088404868674,138.54119278938913,0.10374771081497008,0.035128470343544396,0.10953354247911432
2629.8431215573696,0.8424087123638694,138.4319313726835,0.10357610345565418,0.03593198107181208,0.10963173113109836
2630.8430619077717,0.8427290198590648,138.32153681140278,0.10634094784072759,0.03678958868614025,0.11252497955280741
2631.843002258174,0.8430493273542602,138.20847881474506,0.10706023691154393,0.03751540256796439,0.11344293612822415
2632.842942608576,0.8433696348494556,138.09752269068753,0.10571719437813888,0.0380760090828355,0.11236506420975059
2633.8428829589775,0.8436899423446508,137.98709832465823,0.10704157496402926,0.03850382867894687,0.11375607057962923
2634.8428233093796,0.8440102498398462,137.87224489342591,0.10988710410723025,0.03835508018107141,0.11638852101805262
2635.8427636597817,0.8443305573350416,137.75486103338127,0.11169189232247978,0.03863526070865897,0.11818528749638199
2636.8427040101838,0.844650864830237,137.6369290213534,0.11083680575812557,0.03959787190650452,0.1176978715618443
2637.842644360586,0.8449711723254324,137.5230902077006,0.10785867391741741,0.040088911536614084,0.1150678685272924
2638.842584710988,0.8452914798206278,137.41185322219746,0.10704267297736245,0.04027627134124178,0.11436919109310818
2639.84252506139,0.8456117873158232,137.2973215296727,0.10929136695046741,0.04027393491594452,0.11647571731273199
2640.842465411792,0.8459320948110186,137.18047403721673,0.11086167092247437,0.04038954128173077,0.11798993653982374
2641.842405762194,0.846252402306214,137.06351978912207,0.10981336471264218,0.04066516264976607,0.11710094159674249
2642.8423461125963,0.8465727098014094,136.9494875342396,0.10701552767954087,0.040853861452751536,0.1145485100738163
2643.8422864629983,0.8468930172966048,136.83905050316554,0.10566043194661111,0.04026644840061567,0.1130730460629052
2644.8422268134,0.8472133247918001,136.7263013566445,0.10783537264980898,0.03684302894435215,0.11395558949133448
2645.842167163802,0.8475336322869955,136.60979152875095,0.11115453486641301,0.03438221006204753,0.11635062092708998
2646.842107514204,0.8478539397821909,136.49112165150314,0.1113933485943408,0.03237199586521297,0.11600182855178488
2647.8420478646062,0.8481742472773863,136.37528461389235,0.10782633120426924,0.03198689969688386,0.11247079377861292
2648.8419882150083,0.8484945547725817,136.26244503923104,0.10875709668709664,0.03232885608067299,0.11346039403814599
2649.8419285654104,0.8488148622677771,136.1462511648265,0.1129986604129771,0.03318143807822288,0.11776971209978505
2650.8418689158125,0.8491351697629725,136.02056775075212,0.11573478701858973,0.03604976778738992,0.12121933296204473
2651.8418092662146,0.849455477258168,135.90357033758545,0.11296579623817053,0.03489659103037237,0.11823300379024855
2652.8417496166167,0.8497757847533634,135.78850795285126,0.10597337378270834,0.034302365117819776,0.11138675057458959
2653.8416899670187,0.8500960922485588,135.67701946668544,0.10499072915702579,0.03400326084191227,0.11035975243179494
2654.841630317421,0.8504163997437542,135.56414229571007,0.10778336029155434,0.03384438982070056,0.11297210044110251
2655.8415706678225,0.8507367072389493,135.4466134659837,0.11192624448243853,0.03371556449863177,0.116894069539066
2656.8415110182245,0.8510570147341447,135.32622358941202,0.11345814078804513,0.033428511055928534,0.11828023952671134
2657.8414513686266,0.8513773222293401,135.20603012479594,0.11148206725686961,0.03290220998511172,0.11623599589528875
2658.8413917190287,0.8516976297245356,135.09058038270086,0.1083504711700827,0.03217933018008742,0.11302802260332616
2659.841332069431,0.852017937219731,134.97646974005673,0.10748329856344813,0.032140161533542023,0.11218578097727672
2660.841272419833,0.8523382447149264,134.85991152772556,0.11062754789138801,0.03288982297826837,0.11541314833242865
2661.841212770235,0.8526585522101218,134.74094116770902,0.112647138017552,0.03293350130357881,0.11736265680214569
2662.841153120637,0.8529788597053172,134.62170528902715,0.11075855690616197,0.03305442265998096,0.11558569455308984
2663.841093471039,0.8532991672005126,134.50601651762994,0.10726980530789246,0.03334134047887648,0.11233190159398851
2664.841033821441,0.853619474695708,134.3930051117394,0.1062324731357895,0.033518516484799324,0.11139492491082348
2665.840974171843,0.8539397821909033,134.2788646246869,0.10706885004323714,0.03389075334312645,0.11230459390312508
2666.840914522245,0.8542600896860987,134.16421479725008,0.10665924707251861,0.03585220642621478,0.1125236672514031
2667.840854872647,0.8545803971812941,134.05197310470294,0.10291636351520093,0.039981272677417364,0.11040960123150062
2668.840795223049,0.8549007046764895,133.94261073454655,0.1009697473758186,0.04442429493690379,0.11031050659741184
2669.840735573451,0.8552210121716849,133.83517566645344,0.1013894684629711,0.04716116442102675,0.11182128484662895
2670.8406759238533,0.8555413196668802,133.72448091401887,0.1041785149068521,0.04854550705927989,0.11493402117667248
2671.8406162742554,0.8558616271620756,133.6107332891222,0.10807716562572334,0.04880211264402755,0.11858465300455362
2672.8405566246574,0.856181934657271,133.49554817730424,0.10836102092120248,0.048114459274970135,0.11856269247283498
2673.8404969750595,0.8565022421524664,133.380694423167,0.1053423285139073,0.04606825025330415,0.11497517061580306
2674.8404373254616,0.8568225496476618,133.26909494470408,0.10385710854864019,0.044279041307460736,0.11290231394967884
2675.8403776758637,0.8571428571428572,133.1568214044582,0.10582532276797174,0.04386151796193707,0.11455492873233665
2676.8403180262653,0.8574631646380525,133.04050107731786,0.10975942941658025,0.043198943046326904,0.11795457187482415
2677.8402583766674,0.8577834721332479,132.9220910894065,0.11167716340749591,0.04307411641260083,0.1196961500277717
2678.8401987270695,0.8581037796284433,132.804104316796,0.10871135228537773,0.04306385341654218,0.11693012266647519
2679.8401390774716,0.8584240871236387,132.69057584851262,0.1059199791978402,0.04277823242912688,0.11423230350050419
2680.8400794278737,0.8587443946188341,132.5767780199092,0.10697733225788174,0.04267609607865787,0.1151755129944211
2681.8400197782757,0.8590647021140295,132.45662586617817,0.11379415229128112,0.0420338988507836,0.1213093473244712
2682.839960128678,0.8593850096092249,132.33432654795607,0.11864708602013144,0.040890929702250334,0.12549581328866252
2683.83990047908,0.8597053171044203,132.20414567196224,0.11829745102481458,0.037048098609917895,0.12396309341726917
2684.839840829482,0.8600256245996157,132.08527621553935,0.11175839660593699,0.034872482348237456,0.11707275189837318
2685.839781179884,0.8603459320948111,131.9714277791062,0.1047043731383699,0.033866817425124575,0.11004529556871442
2686.8397215302857,0.8606662395900063,131.8565141491022,0.10693722987487335,0.033911541994031555,0.11218539928941053
2687.839661880688,0.8609865470852017,131.73921489949925,0.10961004743242245,0.034197036325392005,0.11482072892809067
2688.83960223109,0.8613068545803971,131.62205092685926,0.10811246918499223,0.03464944694564134,0.11352924806812872
2689.839542581492,0.8616271620755925,131.50838484427064,0.103694802257146,0.03415845551453277,0.10917606009692292
2690.839482931894,0.8619474695707879,131.39935947433213,0.10101181399202162,0.03372308207977296,0.10649240738624458
2691.839423282296,0.8622677770659833,131.28863915095775,0.10324743308306666,0.03326178096756398,0.10847293907411439
2692.839363632698,0.8625880845611787,131.17445578359204,0.1063380725200277,0.033963174614053106,0.11163011644327588
2693.8393039831003,0.8629083920563742,131.05895194615098,0.10629759640606173,0.034722309017820197,0.11182494241105151
2694.8392443335024,0.8632286995515696,130.94514352336665,0.10467410376495376,0.034904663107835,0.1103403983392654
2695.8391846839045,0.863549007046765,130.8326229352768,0.10461920091730614,0.035023808624228284,0.1103260820074847
2696.8391250343066,0.8638693145419604,130.71708612333916,0.10754478210269659,0.0356637645815652,0.11330394636395413
2697.839065384708,0.8641896220371557,130.59695709116377,0.1106739231169134,0.03786270898502348,0.11697137252239558
2698.8390057351103,0.8645099295323511,130.47690456999817,0.11048968638073955,0.03750650910045605,0.11668208526340612
2699.8389460855124,0.8648302370275465,130.35933297436387,0.10702796693640429,0.03657377206621408,0.11310449376435683
2700.8388864359144,0.8651505445227419,130.24638571106132,0.10440860493629317,0.03567690589467762,0.1103358436726734
2701.8388267863165,0.8654708520179373,130.1330197576751,0.10508408193226373,0.03543571123977532,0.11089794365368304
2702.8387671367186,0.8657911595131327,130.0167649997455,0.10718706404231797,0.03529299274973064,0.11284795981870702
2703.8387074871207,0.8661114670083281,129.90019479837628,0.10660787302990712,0.03538516564970083,0.11232697156078573
2704.838647837523,0.8664317745035235,129.785799873299,0.1033499305270244,0.03477853804160359,0.10904473782925996
2705.838588187925,0.8667520819987189,129.67756585806444,0.09954355953049196,0.03418261063777912,0.1052490907989927
2706.838528538327,0.8670723894939143,129.56930057687953,0.09960328040151568,0.03491827911951616,0.10554667064105526
2707.8384688887286,0.8673926969891095,129.45780492303226,0.10378599569952801,0.03641275778159477,0.10998828043297858
2708.8384092391307,0.8677130044843049,129.3428912810888,0.10566922010708032,0.037527726343952995,0.11213525013386831
2709.8383495895328,0.8680333119795003,129.22773398919801,0.10444505911257586,0.038119601992953826,0.11118396660099276
2710.838289939935,0.8683536194746957,129.11632872048767,0.10166399315085237,0.03889525765889868,0.10885039536781055
2711.838230290337,0.8686739269698911,129.00668003459305,0.10139931609468372,0.03905460601570404,0.10866040472734974
2712.838170640739,0.8689942344650865,128.89332616447453,0.10401715038765282,0.03866005409219085,0.11096921806149085
2713.838110991141,0.8693145419602819,128.77728413561817,0.10630160060395513,0.03737837641347473,0.1126817346080109
2714.838051341543,0.8696348494554773,128.66060144537715,0.10517257170464989,0.036088999881054365,0.11119211191170202
2715.8379916919453,0.8699551569506727,128.54771378202923,0.10234460804255359,0.03511427372050095,0.10820088268725994
2716.8379320423473,0.8702754644458681,128.43696762254962,0.10146696476436,0.034036726486082074,0.10702356604215836
2717.8378723927494,0.8705957719410635,128.32036885901678,0.10705953347842644,0.03327162223687616,0.1121104123393171
2718.837812743151,0.8709160794362588,128.1987428445826,0.11197735582749203,0.032779280612833896,0.11667651629874656
2719.837753093553,0.8712363869314542,128.07745979098786,0.10854477297144212,0.031158499632984563,0.1129283836721336
2720.8376934439552,0.8715566944266496,127.96117352346384,0.10253655028273874,0.029951279248146438,0.10682145511312349
2721.8376337943573,0.871877001921845,127.84911394633605,0.1023844522880577,0.029180556831572033,0.10646164082582124
2722.8375741447594,0.8721973094170404,127.73396843334362,0.1059939344680989,0.028781990773079535,0.10983222267116914
2723.8375144951615,0.8725176169122358,127.61450620200434,0.10901273122134374,0.029054656819918662,0.11281821063667062
2724.8374548455636,0.8728379244074311,127.4937141531511,0.10857612726850309,0.029647723778915443,0.11255115698160124
2725.8373951959657,0.8731582319026265,127.37524527729187,0.10537487466658367,0.030124391343646105,0.10959627349879811
2726.8373355463677,0.8734785393978219,127.26120849232383,0.10316712667200392,0.03027434879719299,0.10751740426950143
2727.83727589677,0.8737988468930173,127.14629731518563,0.10474880447651568,0.0307316690522581,0.10916385629867072
2728.8372162471715,0.8741191543882126,127.02762890836878,0.10813007929703664,0.032298360521868984,0.1128507782037149
2729.8371565975735,0.874439461883408,126.90708370810054,0.10890315772106353,0.033467954919983854,0.1139298107088084
2730.8370969479756,0.8747597693786034,126.78723342520047,0.10627060393475882,0.034456826790057606,0.11171711674178854
2731.8370372983777,0.8750800768737989,126.67205031634295,0.10325399531353041,0.03527198310181777,0.10911232900154536
2732.83697764878,0.8754003843689943,126.5579857655298,0.10342564098071347,0.03641732392571948,0.10964982760671454
2733.836917999182,0.8757206918641897,126.44231801167979,0.1038354106252412,0.03765350111129021,0.11045170277388386
2734.836858349584,0.8760409993593851,126.32622845973826,0.10272513155334341,0.03928283672198339,0.10997997051089674
2735.836798699986,0.8763613068545805,126.21417041262322,0.09981929860671246,0.04147049185296206,0.10809113779058217
2736.836739050388,0.8766816143497759,126.10626335369521,0.09969858455295491,0.042822492049351506,0.10850609930865394
2737.83667940079,0.8770019218449713,125.99373816762673,0.10063168840473909,0.03967965554661255,0.1081721395530583
2738.8366197511923,0.8773222293401667,125.880123218612,0.10217089671592755,0.039186507570862845,0.10942794209587434
2739.836560101594,0.8776425368353619,125.76437537133961,0.10464442420544033,0.03974599115647232,0.11193837291250272
2740.836500451996,0.8779628443305573,125.64788857698171,0.1035211589184502,0.04015111568283024,0.11103487035339411
2741.836440802398,0.8782831518257527,125.53524739309869,0.09984619115300188,0.04115728280044851,0.10799622130092276
2742.8363811528,0.8786034593209481,125.42517917973272,0.09884500789526268,0.04160328961525175,0.10724350466403575
2743.8363215032023,0.8789237668161435,125.31223656736594,0.10234437697889726,0.04106807756439366,0.11027673596019102
2744.8362618536044,0.8792440743113389,125.19619607701068,0.10467536596047392,0.04030566882754486,0.11216719296922278
2745.8362022040064,0.8795643818065343,125.07932955111973,0.10370721714081901,0.04011016963485909,0.11119358162785367
2746.8361425544085,0.8798846893017297,124.9653361745684,0.1004067878793626,0.03979092566550718,0.10800389260378179
2747.8360829048106,0.8802049967969251,124.85441343345902,0.10147521776226433,0.03955561167229867,0.10891219506863617
2748.8360232552127,0.8805253042921205,124.7415726990383,0.10467189287776808,0.03826018914224434,0.11144526563212664
2749.835963605615,0.8808456117873159,124.62283201958772,0.10887019851208385,0.036476021239345256,0.11481820521813477
2750.8359039560164,0.8811659192825112,124.5006728934069,0.10748858032522728,0.036291618715663575,0.11344988536501895
2751.8358443064185,0.8814862267777066,124.38420901965891,0.10250930200135099,0.03635427039615878,0.10876483794334091
2752.8357846568206,0.881806534272902,124.27199780037739,0.10029300641669187,0.036344667811332915,0.10667531117561709
2753.8357250072227,0.8821268417680974,124.15831447708067,0.10287470672215196,0.03640662608252817,0.1091267506429189
2754.8356653576247,0.8824471492632928,124.04054084818029,0.10655368259035776,0.03614768715350462,0.11251818768587749
2755.835605708027,0.8827674567584882,123.92091617564853,0.10712956645472045,0.035755123199799684,0.11293880132093319
2756.835546058429,0.8830877642536836,123.80296283744998,0.10396734513550482,0.03521854313333023,0.10977046339958403
2757.835486408831,0.883408071748879,123.69022544740325,0.0996726607345527,0.03543708252149068,0.1057848104197393
2758.835426759233,0.8837283792440744,123.58001205847319,0.09933648145696627,0.03700273797314028,0.10600442993459792
2759.835367109635,0.8840486867392698,123.46541527064866,0.10347491067687377,0.03878944056980307,0.110506460622469
2760.835307460037,0.884368994234465,123.34789771344074,0.10609964634091061,0.04095962970302524,0.11373137746055506
2761.835247810439,0.8846893017296604,123.22951998693269,0.10458863663926818,0.042530451962141815,0.11290536859762215
2762.835188160841,0.8850096092248558,123.11510086107894,0.10167482153309264,0.04347976094505468,0.11058145841697577
2763.835128511243,0.8853299167200512,123.00308960933039,0.10094738773476282,0.04420741293693884,0.11020286043950751
2764.835068861645,0.8856502242152466,122.8888000715652,0.10236510680400211,0.04625618939385829,0.11233098480933587
2765.835009212047,0.885970531710442,122.77110186214553,0.10601040951319142,0.04688986482329702,0.11591749802467965
2766.8349495624493,0.8862908392056374,122.64910478851291,0.10752033071083052,0.04125205189385257,0.11516229114436491
2767.8348899128514,0.8866111467008329,122.52686280397877,0.10339730798354888,0.030143473903066445,0.10770158920456889
2768.8348302632535,0.8869314541960283,122.41518394198316,0.0993670108541482,0.027239541639688843,0.10303298246109714
2769.8347706136556,0.8872517616912237,122.30184120581777,0.10175477204032315,0.02694341744244119,0.10526149047232693
2770.8347109640576,0.8875720691864191,122.1839634329736,0.10665140343819758,0.02784127711725546,0.11022548964217395
2771.8346513144593,0.8878923766816144,122.06277810865907,0.10868543080002589,0.02996159720892397,0.1127396122731359
2772.8345916648614,0.8882126841768098,121.94245032312696,0.10562186384603903,0.03279751128302208,0.1105968121994082
2773.8345320152634,0.8885329916720052,121.82947827614052,0.10145808272781026,0.03280159872508993,0.10662873641624482
2774.8344723656655,0.8888532991672006,121.71618297936755,0.10123895271446602,0.03247149531405348,0.10631897081260937
2775.8344127160676,0.889173606662396,121.59999210640282,0.1039170886446611,0.032099870541287746,0.10876195566993903
2776.8343530664697,0.8894939141575914,121.4825270450228,0.10432263946486567,0.032074905143183424,0.10914216712554577
2777.834293416872,0.8898142216527868,121.36747133246044,0.10120943149081399,0.032053488150636626,0.1061639068860824
2778.834233767274,0.8901345291479821,121.25617259451157,0.09809846728271894,0.03295298557986162,0.10348530592236391
2779.834174117676,0.8904548366431775,121.14557191012136,0.09931441578284149,0.03386063536192521,0.10492805063185143
2780.834114468078,0.8907751441383729,121.02972410538112,0.1018864356540047,0.035388039102246624,0.10785712346331038
2781.8340548184797,0.8910954516335682,120.91489311789746,0.10186890430809269,0.03850486739784393,0.10890316101131725
2782.8339951688818,0.8914157591287636,120.80041809425249,0.09933248240770394,0.0407038260045619,0.10734870056356742
2783.833935519284,0.891736066623959,120.69101154102205,0.09653368317252908,0.042881743093130975,0.10562952180881778
2784.833875869686,0.8920563741191544,120.5816226630225,0.09752671910341519,0.04368830551946406,0.10686500352425242
2785.833816220088,0.8923766816143498,120.46871872372196,0.10065979604885887,0.04281415501660749,0.10938668296636461
2786.83375657049,0.8926969891095452,120.35257724953607,0.10286614450912528,0.04050347430699769,0.11055304209794439
2787.833696920892,0.8930172966047406,120.23551201481357,0.10297194565945741,0.036110758398156854,0.10912015608944256
2788.8336372712943,0.893337604099936,120.11941638273971,0.10157508043645871,0.033733761473424585,0.10703019961122638
2789.8335776216963,0.8936579115951314,120.0057823731236,0.09989660530141495,0.03197276356664042,0.10488846152382526
2790.8335179720984,0.8939782190903268,119.88929452568345,0.10384772732897957,0.031212026731155567,0.10843680686953329
2791.8334583225005,0.8942985265855222,119.7689043039773,0.10668583109018531,0.0306376926593103,0.11099790433557702
2792.833398672902,0.8946188340807174,119.64805043203343,0.10560076223112873,0.030172608790443135,0.1098267148967705
2793.8333390233042,0.8949391415759128,119.5312598459295,0.10167931389100378,0.029701175449962827,0.10592847915671569
2794.8332793737063,0.8952594490711082,119.41767614292033,0.10025493552917482,0.029405963177952122,0.10447852778624934
2795.8332197241084,0.8955797565663036,119.30174838668609,0.10309780693119296,0.02879227554188134,0.10704276213224861
2796.8331600745105,0.895900064061499,119.18245698722713,0.1055223012804279,0.028834668939029327,0.10939101517190897
2797.8331004249126,0.8962203715566944,119.06239826144294,0.10473994600686684,0.028958921061674442,0.10866956979107663
2798.8330407753147,0.8965406790518898,118.94486239910198,0.10195543870635064,0.028851052375233954,0.10595892933095782
2799.8329811257167,0.8968609865470852,118.83050378262969,0.10081110225176222,0.028806957736760536,0.1048461689870582
2800.832921476119,0.8971812940422806,118.71407943542602,0.10295193980091341,0.029208058561939924,0.10701501106727322
2801.832861826521,0.897501601537476,118.59480626717,0.10574753106816,0.0304078328365671,0.11003261618642025
2802.8328021769225,0.8978219090326713,118.47544517042884,0.10352431507955658,0.03299395940185413,0.10865489022452005
2803.8327425273246,0.8981422165278667,118.3597194179437,0.0982415606303545,0.03653310945410305,0.10481446618417274
2804.8326828777267,0.8984625240230621,118.25259189580899,0.09334229866661119,0.03882185339446267,0.10109362502822815
2805.832623228129,0.8987828315182576,118.14394915315987,0.09562112526611889,0.0408842476725919,0.10399481383661706
2806.832563578531,0.899103139013453,118.03114204134849,0.10063865310937699,0.04231553991546915,0.1091729976597106
2807.832503928933,0.8994234465086484,117.91604022490795,0.10183571214275147,0.04315762591298596,0.1106033134316806
2808.832444279335,0.8997437540038438,117.80104350372498,0.10004538669265152,0.04371378820726512,0.10917863654539657
2809.832384629737,0.9000640614990392,117.6888747562865,0.0975344097893565,0.04450386692622892,0.10720800000161189
2810.832324980139,0.9003843689942346,117.57801268331329,0.09800133922387981,0.04475164787900769,0.10773566019457373
2811.8322653305413,0.90070467648943,117.46318073544936,0.10112611153098196,0.04428738929892832,0.11039865617067733
2812.8322056809434,0.9010249839846254,117.34638281255114,0.1022902306931912,0.04340821066127075,0.11111959344813827
2813.832146031345,0.9013452914798206,117.23018259987556,0.10080887702210786,0.0424737997649552,0.10939128554383103
2814.832086381747,0.901665598975016,117.11765452991285,0.0974834038203842,0.041864321272936045,0.1060925794579984
2815.832026732149,0.9019859064702114,117.00756110848772,0.09714259486629956,0.04103020802042209,0.10545217734858356
2816.8319670825513,0.9023062139654068,116.8919817902422,0.1031422633131066,0.040770705516509825,0.11090796594322781
2817.8319074329534,0.9026265214606022,116.76914018495019,0.10874305764579402,0.04125524751161507,0.11630583834615141
2818.8318477833554,0.9029468289557976,116.64468457569761,0.10476049243202527,0.042149840349987096,0.11292196339122794
2819.8317881337575,0.903267136450993,116.52977880356092,0.09969047332680266,0.040634038423587614,0.10765368340531385
2820.8317284841596,0.9035874439461884,116.41798389625876,0.09839345290559746,0.039303453903280515,0.10595297571759522
2821.8316688345617,0.9039077514413838,116.30236902318596,0.10225027559573102,0.0382579413386562,0.10917320612162586
2822.831609184964,0.9042280589365792,116.18255447313422,0.10547410756672836,0.037564126299553434,0.111963614409533
2823.8315495353654,0.9045483664317745,116.0616425894744,0.10511209576034634,0.037233167870845615,0.11151170998971718
2824.8314898857675,0.9048686739269699,115.9434544114633,0.10159706492853465,0.03626226210754809,0.10787453478578438
2825.8314302361696,0.9051889814221653,115.83039533721681,0.09771027134394349,0.03448739477472175,0.10361794016701244
2826.8313705865717,0.9055092889173607,115.71835655169411,0.09782040212828254,0.0320580097667315,0.10293953109832372
2827.8313109369738,0.9058295964125561,115.60616286098598,0.09862472759704304,0.0339422857083941,0.1043020405011388
2828.831251287376,0.9061499039077515,115.49190852413776,0.10002932837519063,0.03637720131881743,0.10643856120307851
2829.831191637778,0.9064702114029469,115.37793974375448,0.09769070018428601,0.03828839749505369,0.10492604197831581
2830.83113198818,0.9067905188981423,115.26780720302645,0.095993174559796,0.03928669738964564,0.10372142572223472
2831.831072338582,0.9071108263933377,115.15640291669426,0.09914443975824441,0.0397846523744609,0.1068290152511613
2832.831012688984,0.907431133888533,115.03997500506016,0.10365291914703399,0.03973081286765091,0.11100659952825265
2833.8309530393863,0.9077514413837284,114.91936257815632,0.10430725785530807,0.03976800001503136,0.11163107930361178
2834.830893389788,0.9080717488789237,114.80185162661054,0.0995710069429575,0.040024521829063346,0.10731424775527086
2835.83083374019,0.9083920563741191,114.69130215217447,0.09567978503609637,0.040539149605978785,0.10391363681119789
2836.830774090592,0.9087123638693145,114.58140214554034,0.0973418346076787,0.04106017374781544,0.10564738819767135
2837.830714440994,0.9090326713645099,114.4665207368276,0.10084754980727845,0.04152968828258008,0.10906394138751715
2838.8306547913962,0.9093529788597053,114.34963473540965,0.1020967020157054,0.04239055673655772,0.11054725624328748
2839.8305951417983,0.9096732863549007,114.2335773844086,0.10000281428737286,0.04464989683158242,0.10951792616948944
2840.8305354922004,0.9099935938500961,114.11965816107367,0.09766445776370626,0.04282309348493434,0.10664034717637687
2841.8304758426025,0.9103139013452916,114.00724375851904,0.09834709286777697,0.038839158869154455,0.10573850262419346
2842.8304161930046,0.910634208840487,113.89225797426982,0.10130025745878937,0.03368437587184821,0.10675382587567042
2843.8303565434067,0.9109545163356824,113.77484384682764,0.10332049907046387,0.031328217206199556,0.10796565528670932
2844.8302968938087,0.9112748238308778,113.65644013256475,0.10174547080764952,0.03045226258605614,0.10620490161230967
2845.8302372442104,0.9115951313260731,113.54164904818005,0.09839729255900176,0.030389959593449034,0.10298338131481821
2846.8301775946125,0.9119154388212684,113.43037900343224,0.09721087485999354,0.031289918362282315,0.10212254002992491
2847.8301179450145,0.9122357463164638,113.31719270361583,0.10005459945777573,0.03201484010209249,0.10505176276207118
2848.8300582954166,0.9125560538116592,113.20044197565694,0.10208192355178386,0.03235194822488413,0.10708579583669268
2849.8299986458187,0.9128763613068546,113.08283988224753,0.10154076531920435,0.031813018145994944,0.1064076836754148
2850.829938996221,0.91319666880205,112.96756684913218,0.09881181314410475,0.031008821154889406,0.10356312763837035
2851.829879346623,0.9135169762972454,112.85586816564363,0.09682271996651108,0.030758463948694022,0.1015909553365679
2852.829819697025,0.9138372837924408,112.74288983655235,0.09924449654086237,0.030568119764950552,0.10384546229669164
2853.829760047427,0.9141575912876362,112.62299877911747,0.10872449151697343,0.029951193081507763,0.11277450519789561
2854.829700397829,0.9144778987828316,112.49998368514812,0.11095024437564004,0.02789034453377189,0.11440204563392538
2855.8296407482308,0.9147982062780269,112.37302268265508,0.10758060243697615,0.025738497844575093,0.11061670891867066
2856.829581098633,0.9151185137732223,112.2570275895446,0.10134242145442983,0.02477748529726044,0.1043274180831829
2857.829521449035,0.9154388212684177,112.14375473412636,0.09883111732152093,0.024352296383251516,0.10178715090893328
2858.829461799437,0.9157591287636131,112.02808466512205,0.10180928162775213,0.02433685628984583,0.10467765950589245
2859.829402149839,0.9160794362588085,111.90907263654265,0.10303737363099481,0.024767205933803278,0.1059722362439363
2860.829342500241,0.9163997437540039,111.79070170590045,0.10100053441390114,0.025268507984311857,0.10411342587604569
2861.8292828506433,0.9167200512491993,111.6765173254945,0.09788513691575217,0.025684576702399594,0.10119880191680627
2862.8292232010454,0.9170403587443947,111.56309138130482,0.09905334952626983,0.02553605561005624,0.10229201429482786
2863.8291635514474,0.9173606662395901,111.44515026892313,0.10303437838297037,0.025868229099868606,0.10623204980385346
2864.8291039018495,0.9176809737347855,111.32428884579487,0.10460875608317087,0.026618419827786195,0.10794226291585989
2865.8290442522516,0.9180012812299809,111.20328661731327,0.10239302396570285,0.027302109645142486,0.10597045129618153
2866.8289846026532,0.9183215887251761,111.08706377951428,0.098973790355984,0.027665848257892426,0.10276774949982607
2867.8289249530553,0.9186418962203715,110.97301515186123,0.09840451265308969,0.027846163066080964,0.10226855287914688
2868.8288653034574,0.9189622037155669,110.85672319511684,0.10140329584160743,0.02872623857046424,0.10539366769378408
2869.8288056538595,0.9192825112107623,110.73814916462204,0.10235717615491101,0.03057012727453879,0.10682473586201365
2870.8287460042616,0.9196028187059577,110.62023276812522,0.10110202491776056,0.03309247866927158,0.1063801277821552
2871.8286863546637,0.9199231262011531,110.50794267795487,0.09579967535528436,0.03615876414771887,0.10239645512842832
2872.8286267050657,0.9202434336963485,110.39929930135642,0.09240181205495834,0.03766059833806719,0.09978183972156995
2873.828567055468,0.9205637411915439,110.28984159099177,0.09426013085053507,0.039121799158024266,0.10205629543208386
2874.82850740587,0.9208840486867393,110.17658981171273,0.09940134011246216,0.0413604252581479,0.1076629518157858
2875.828447756272,0.9212043561819347,110.06057385489663,0.10002865812433913,0.04306417353492736,0.10890480011644231
2876.8283881066736,0.92152466367713,109.9455784257368,0.09757101065235473,0.044523841930090055,0.1072495903019567
2877.8283284570757,0.9218449711723254,109.83472440358064,0.0952061068291977,0.04542048042718835,0.10548565219881424
2878.828268807478,0.9221652786675208,109.72286799834576,0.09721937222326368,0.0453859211540447,0.10729160346684477
2879.82820915788,0.9224855861627163,109.60773362945922,0.0998146384700473,0.04462737916146837,0.10933693348419696
2880.828149508282,0.9228058936579117,109.49140023478427,0.09976279731203039,0.04342358687522157,0.10880360115653881
2881.828089858684,0.9231262011531071,109.37711054754078,0.09717158983830418,0.04205717887512951,0.10588259614610071
2882.828030209086,0.9234465086483025,109.266024553471,0.09517822968441685,0.04095083284703283,0.10361402471058265
2883.827970559488,0.9237668161434979,109.15450549181523,0.09715787929960717,0.03988500596522999,0.10502603111059404
2884.8279109098903,0.9240871236386933,109.03820513961652,0.10159972143629777,0.03946109659647445,0.1089939518529794
2885.8278512602924,0.9244074311338886,108.9180636583487,0.10319918133536717,0.03981643788256543,0.11061383165746581
2886.8277916106945,0.924727738629084,108.79857816686825,0.10009535572993333,0.0399721930602621,0.10778152187062848
2887.827731961096,0.9250480461242793,108.68530455611743,0.09546970875838529,0.039794671818567766,0.1034315290206928
2888.827672311498,0.9253683536194747,108.57422133467935,0.09644591054001403,0.03900389607461426,0.10403421345351585
2889.8276126619003,0.9256886611146701,108.45828976233648,0.10059526675875549,0.038496316296931905,0.10770967487973679
2890.8275530123024,0.9260089686098655,108.33961726597222,0.10139912692516068,0.038471967169415186,0.10845217931913312
2891.8274933627044,0.9263292761050609,108.22159323412048,0.09926324893964172,0.0390778211342427,0.10667834220052892
2892.8274337131065,0.9266495836002563,108.10710127404036,0.09689898024865888,0.042119438214117635,0.10565727352484
2893.8273740635086,0.9269698910954517,107.98958963346317,0.1014379103360242,0.0408219592613784,0.10934387047876494
2894.8273144139107,0.9272901985906471,107.86664418806312,0.10625380345715359,0.03515372783176974,0.111918074186351
2895.827254764313,0.9276105060858425,107.74543904250632,0.10384121198424288,0.03207449739284001,0.10868197039693277
2896.827195114715,0.9279308135810379,107.62654293628803,0.10005096754543591,0.029333949769165923,0.10426253745155938
2897.8271354651165,0.9282511210762332,107.51193451747088,0.09708677536125976,0.02865535566456805,0.10122732515635592
2898.8270758155186,0.9285714285714286,107.40099710426048,0.09522873322682615,0.029238844715606813,0.09961637251119614
2899.8270161659207,0.928891736066624,107.28830778489518,0.09770216680061344,0.029872195701026942,0.1021668315723618
2900.8269565163228,0.9292120435618193,107.17136951988596,0.10080716792653772,0.030281864329417128,0.10525719173830547
2901.826896866725,0.9295323510570147,107.0538234092738,0.09939132270774728,0.03065223441125772,0.10401054996488698
2902.826837217127,0.9298526585522101,106.94055208066344,0.09424101180407615,0.031824075331998526,0.0994692921287406
2903.826777567529,0.9301729660474055,106.83394462955147,0.09040978209786606,0.034404826237371774,0.09673479605295794
2904.826717917931,0.9304932735426009,106.72552343687998,0.09477745242716673,0.035822300054454755,0.10132128438672322
2905.826658268333,0.9308135810377963,106.61115765404014,0.09832799232111965,0.03675123600594474,0.1049716505627439
2906.8265986187353,0.9311338885329917,106.49369197212252,0.10008544860042562,0.037299302304466944,0.10680980748015817
2907.8265389691373,0.9314541960281871,106.37629979299042,0.0991572661764579,0.03730775967691391,0.1059435338645039
2908.826479319539,0.9317745035233824,106.26190077336818,0.09821277671434471,0.037493074722930654,0.10512602038563522
2909.826419669941,0.9320948110185778,106.14639555170696,0.09995243675093403,0.03785096607562489,0.10687930223063571
2910.826360020343,0.9324151185137732,106.02750093822164,0.10159297541529214,0.03821210177010917,0.1085416849667506
2911.8263003707452,0.9327354260089686,105.9087883411609,0.10073159961893692,0.03780773265804932,0.10759312157629938
2912.8262407211473,0.933055733504164,105.79202607276947,0.09798946509374325,0.037496935510828125,0.10491880404418041
2913.8261810715494,0.9333760409993594,105.67964576787413,0.0943498690581412,0.037736109220304195,0.1016164933973571
2914.8261214219515,0.9336963484945549,105.56843691982489,0.09518053118272161,0.037994140748609906,0.10248359989505745
2915.8260617723536,0.9340166559897503,105.45334491429581,0.09903424946962576,0.03891299461995523,0.10640490457824177
2916.8260021227557,0.9343369634849457,105.33648735272904,0.09885956151903393,0.03992976343968327,0.10661894255752455
2917.8259424731577,0.9346572709801411,105.22009453278706,0.09636052452331162,0.04089605247349571,0.10467969141300836
2918.8258828235594,0.9349775784753362,105.11020552912426,0.09104587640353486,0.042882620655367854,0.10063931023392363
2919.8258231739615,0.9352978859705317,105.00316623591087,0.09211476677417113,0.04398825615447179,0.10207887605852334
2920.8257635243635,0.935618193465727,104.8925883136546,0.09511996528300574,0.044307314966972045,0.10493305463495611
2921.8257038747656,0.9359385009609225,104.77934453418403,0.09659271085891728,0.043651202813392354,0.10599801553864256
2922.8256442251677,0.9362588084561179,104.6652532599605,0.09618304811974601,0.0413922063694779,0.1047114773734896
2923.82558457557,0.9365791159513133,104.5521529637708,0.09536482151380413,0.04028455036913834,0.10352436515527812
2924.825524925972,0.9368994234465087,104.43893260693163,0.09781437639413916,0.040221118973417874,0.10576100718529567
2925.825465276374,0.9372197309417041,104.32156731450156,0.10121891676530527,0.039767083675557695,0.10875058645911112
2926.825405626776,0.9375400384368995,104.20066887164701,0.10282879647773306,0.03911318193852842,0.11001637326514392
2927.825345977178,0.9378603459320949,104.07869502177174,0.10241521370826683,0.03848501925516018,0.1094073704371877
2928.82528632758,0.9381806534272903,103.95864236923545,0.09908867696697939,0.03793372285894034,0.1061015232360275
2929.825226677982,0.9385009609224856,103.84328488972177,0.09697635327833319,0.03738971175655359,0.10393461233103363
2930.825167028384,0.938821268417681,103.72719041308169,0.09956739724139338,0.03658917216633421,0.1060774910772454
2931.825107378786,0.9391415759128764,103.60746076596669,0.10221171227840364,0.03599440033094206,0.10836434368401487
2932.825047729188,0.9394618834080718,103.48648148563832,0.10175367533194549,0.035793122078485375,0.1078654626452987
2933.82498807959,0.9397821909032672,103.36784707378135,0.09798357138129546,0.03568022703398569,0.10427779659079005
2934.8249284299923,0.9401024983984626,103.2539506110733,0.09519853022577059,0.03517390281338315,0.10148873630246995
2935.8248687803944,0.940422805893658,103.13951289353213,0.09761194449127115,0.03479613833240431,0.10362848522590117
2936.8248091307964,0.9407431133888534,103.0210077300705,0.10152358761621866,0.03516118064772321,0.10743997145853051
2937.8247494811985,0.9410634208840488,102.9002379416325,0.10105462669461646,0.03608927997056322,0.10730551572580967
2938.8246898316006,0.9413837283792442,102.78049590675234,0.09886040054585424,0.03736379489065908,0.10568553337480953
2939.8246301820027,0.9417040358744395,102.66761026704962,0.09306551462244303,0.039358776115565784,0.10104604529250706
2940.8245705324043,0.9420243433696348,102.55828793478638,0.09176379550278765,0.03964852852115444,0.09996299304727839
2941.8245108828064,0.9423446508648302,102.44678737489403,0.0933965082838403,0.0397514732450422,0.10150412496428288
2942.8244512332085,0.9426649583600256,102.33310832293164,0.09619786975833997,0.041598735634114,0.10480689363013983
2943.8243915836106,0.942985265855221,102.21860123736933,0.09499064566375014,0.04276583508108941,0.10417360228867517
2944.8243319340127,0.9433055733504164,102.10719655762385,0.09176526284133711,0.04416979864805732,0.10184220430130925
2945.8242722844147,0.9436258808456118,101.99773361670852,0.09263480456480847,0.04575020174744422,0.10331644581910523
2946.824212634817,0.9439461883408072,101.88535736692263,0.09575094002257648,0.0464866321021075,0.10643894719229295
2947.824152985219,0.9442664958360026,101.76944489419705,0.0978731517681844,0.04661065110110918,0.10840528876907891
2948.824093335621,0.944586803331198,101.65259179045051,0.09694331088275099,0.046170573319669936,0.10737656804711504
2949.824033686023,0.9449071108263934,101.53908321895544,0.09310197732836896,0.045390420908551,0.10357735511542834
2950.8239740364247,0.9452274183215887,101.4294394536569,0.09232217079282684,0.04472634992876813,0.10258571829377862
2951.823914386827,0.9455477258167841,101.31790662496081,0.09549407335738087,0.044387075888283854,0.10530589039696264
2952.823854737229,0.9458680333119796,101.20138775688463,0.0986110218978747,0.044368343104556944,0.10813271248603176
2953.823795087631,0.9461883408071748,101.08250156937692,0.09918955273011885,0.04467695942911137,0.10878693889723844
2954.823735438033,0.9465086483023702,100.96639237500838,0.09591982184258396,0.045035557417386574,0.10596609672063877
2955.823675788435,0.9468289557975657,100.85497780653503,0.0928292408940351,0.044997679200834376,0.10316035623447604
2956.823616138837,0.9471492632927611,100.74296330182881,0.09602699098345856,0.044270486357671,0.10574052657180201
2957.8235564892393,0.9474695707879565,100.62503567844504,0.09972878752904046,0.043921531584487555,0.10897216157688915
2958.8234968396414,0.9477898782831519,100.50441682634417,0.10059084254434131,0.043898706923000436,0.10975251283361102
2959.8234371900435,0.9481101857783473,100.38605963454728,0.09742141467862785,0.04450570889876169,0.10710597631582694
2960.8233775404456,0.9484304932735427,100.2707947600597,0.09842380596273537,0.0451672212292296,0.10829276731970769
2961.823317890847,0.948750800768738,100.15164012450835,0.10634991053882263,0.04523793822715897,0.1155715126086867
2962.8232582412493,0.9490711082639334,100.01809547406125,0.11165186020517344,0.04236496885014696,0.11941912942635913
2963.8231985916514,0.9493914157591288,99.88928802616948,0.09927879195865623,0.03935501058013979,0.10679464120700562
2964.8231389420534,0.9497117232543242,99.7725774589435,0.09558617639128798,0.03746457461533834,0.10266601905311551
2965.8230792924555,0.9500320307495196,99.66034808913196,0.09331679630687774,0.036485987423766436,0.1001960665458807
2966.8230196428576,0.950352338244715,99.54886089606572,0.09466388422108929,0.03650284001524855,0.10145791395944738
2967.8229599932597,0.9506726457399104,99.43312907787357,0.09809911927940301,0.03683683662310599,0.10478735484681317
2968.822900343662,0.9509929532351058,99.31387664386654,0.09976381690166239,0.036927069072866456,0.10637869896318844
2969.822840694064,0.9513132607303012,99.19523243119325,0.0974370701732371,0.03629583373906085,0.10397773891924117
2970.822781044466,0.9516335682254966,99.08258299166641,0.09196161687904643,0.0349323439086062,0.09837279923819213
2971.8227213948676,0.9519538757206918,98.97559628321942,0.09010558236151628,0.034116973453527016,0.09634824259080527
2972.8226617452697,0.9522741832158872,98.86496153721582,0.09382532846190034,0.034458422464803025,0.09995286458999726
2973.8226020956718,0.9525944907110826,98.75092122573052,0.09500591916380845,0.035745500068174105,0.10150795757616217
2974.822542446074,0.952914798206278,98.63689221923862,0.09406651098685315,0.03808606821029062,0.10148427011590846
2975.822482796476,0.9532351057014734,98.52606795351223,0.09119414175092239,0.03991149438802211,0.09954546134290827
2976.822423146878,0.9535554131966688,98.41795927096935,0.09100504129847863,0.040527405219651015,0.09962122321862744
2977.82236349728,0.9538757206918642,98.30706634693915,0.09420249212701341,0.04109813749849041,0.10277726610873072
2978.822303847682,0.9541960281870596,98.19156324552256,0.0973263513947968,0.041133021369387,0.10566145996908197
2979.8222441980843,0.954516335682255,98.07412083908685,0.09767559703476998,0.04068656773150681,0.10581077000886657
2980.8221845484863,0.9548366431774504,97.95818994285699,0.09421137566582566,0.040366240980186915,0.10249495946493101
2981.8221248988884,0.9551569506726458,97.84661263837052,0.09194417373780295,0.04042631378387976,0.10043912549639208
2982.82206524929,0.9554772581678411,97.73425031851966,0.09450916094540701,0.0409464791669234,0.1029980371598029
2983.822005599692,0.9557975656630365,97.61818976458376,0.09761038285355783,0.04181742662527531,0.10619079061000733
2984.8219459500942,0.9561178731582319,97.50011422860636,0.09779960255224344,0.04226466513698401,0.10654137308350299
2985.8218863004963,0.9564381806534273,97.38314077757887,0.0950528964907638,0.042047320700941075,0.10393762701453042
2986.8218266508984,0.9567584881486227,97.2702989860375,0.09311043496373718,0.04104749166856607,0.10175681633884451
2987.8217670013005,0.9570787956438181,97.15782185483958,0.0952306263234825,0.04039270725931217,0.1034429455772565
2988.8217073517026,0.9573991031390136,97.04114944526096,0.09837043314168582,0.039645696391006284,0.1060590559962266
2989.8216477021047,0.957719410634209,96.92206318686601,0.09834792237455363,0.03802858957434384,0.10544423863068632
2990.8215880525067,0.9580397181294044,96.80246282383719,0.09768658365515143,0.035309846792834644,0.10387229614651036
2991.821528402909,0.9583600256245998,96.68278454410061,0.09742197292815556,0.03261825328202264,0.10273748710370745
2992.8214687533105,0.958680333119795,96.56573122812216,0.09743822106466635,0.03077159208171968,0.102181690157731
2993.8214091037125,0.9590006406149904,96.44820779583144,0.09712717202795766,0.030104705384902227,0.10168569630218521
2994.8213494541146,0.9593209481101858,96.33044536476604,0.09816735233833336,0.030408718258768463,0.10276925226574164
2995.8212898045167,0.9596412556053812,96.21187204361355,0.09674310097728576,0.031028343164131004,0.10159717351487878
2996.821230154919,0.9599615631005766,96.09598228815645,0.09304293948925002,0.03144790932880889,0.09821384622319414
2997.821170505321,0.960281870595772,95.98302010118522,0.0928752803338608,0.03149901241743291,0.09807143050025743
2998.821110855723,0.9606021780909674,95.86735854396984,0.09698148148001302,0.03160714582988338,0.10200205594775834
2999.821051206125,0.9609224855861628,95.74772305765055,0.09927079621086168,0.03229011467783046,0.10439033713062658
3000.820991556527,0.9612427930813582,95.62718033888117,0.09816519548638909,0.03277825991230154,0.1034930912078646
3001.820931906929,0.9615631005765536,95.51015820393071,0.09411038569837436,0.03304793870184176,0.09974432790258038
3002.8208722573313,0.961883408071749,95.39685060423332,0.09252106820082388,0.0333127658262035,0.09833559085098831
3003.820812607733,0.9622037155669443,95.28154136083796,0.09577761937331261,0.03381139062846279,0.10157048050024008
3004.820752958135,0.9625240230621397,95.16249013638605,0.09824698607015957,0.03482948896975087,0.10423801405324319
3005.820693308537,0.9628443305573351,95.04303618691492,0.09688283145049047,0.03593603907002428,0.10333286957162496
3006.820633658939,0.9631646380525305,94.92591548644732,0.09491785260318278,0.03714926090087648,0.10192873161322534
3007.8205740093413,0.9634849455477258,94.81282858439579,0.0936104955122401,0.03817916138648809,0.10109685076313023
3008.8205143597434,0.9638052530429212,94.69661878529647,0.09594680425419527,0.03822868295531306,0.10328224168312145
3009.8204547101454,0.9641255605381166,94.5802021487058,0.09197753570186544,0.03936225296064163,0.1000462594599392
3010.8203950605475,0.964445868033312,94.46563213710455,0.09429890342916795,0.041204229012085716,0.1029080739127108
3011.8203354109496,0.9647661755285074,94.35087758756136,0.09236753871458463,0.04230646319647792,0.10159527073828403
3012.8202757613517,0.9650864830237028,94.23977346228297,0.09000582137457386,0.04322103447026905,0.09984540901810098
3013.8202161117533,0.9654067905188981,94.12930245866681,0.0917609194037796,0.04400328001523371,0.10176617798623472
3014.8201564621554,0.9657270980140935,94.01493003151927,0.09452698160990129,0.04398406864320033,0.10425904539505612
3015.8200968125575,0.9660474055092889,93.89854648222703,0.0946127562476979,0.04386163134455265,0.10428526429458641
3016.8200371629596,0.9663677130044843,93.78317175477383,0.09226537010354159,0.0428417366317263,0.10172665785311982
3017.8199775133617,0.9666880204996797,93.67204220571128,0.08885346643562782,0.041556293826187404,0.09809110079000877
3018.8199178637637,0.9670083279948751,93.56272255819343,0.09063310501667085,0.040724399618944085,0.09936214797037321
3019.819858214166,0.9673286354900705,93.44910834950122,0.09424189647739675,0.040524817228068825,0.10258555387102392
3020.819798564568,0.9676489429852659,93.3318451084683,0.09558105520672365,0.04108943879461058,0.10403883935764952
3021.81973891497,0.9679692504804613,93.21415696567131,0.09378229810680579,0.04157331192144493,0.10258391541714297
3022.819679265372,0.9682895579756567,93.10076535038624,0.08996383158174848,0.041526569116430496,0.09908555361631122
3023.819619615774,0.9686098654708521,92.99100795704423,0.08973222672017389,0.0410456312188988,0.0986742942934913
3024.819559966176,0.9689301729660473,92.87817924290816,0.09330363113797412,0.03994178936232829,0.10149341910190894
3025.819500316578,0.9692504804612427,92.76125474982844,0.09490568846772167,0.03906627998308529,0.10263169069663156
3026.81944066698,0.9695707879564381,92.64373957743867,0.09397730613788034,0.03830985984116973,0.10148585827583542
3027.819381017382,0.9698910954516335,92.52941285324617,0.09074415353947422,0.03825327419421386,0.0984774816299309
3028.819321367784,0.970211402946829,92.41849151803285,0.09019405969474058,0.039440762556481386,0.09844055137622489
3029.819261718186,0.9705317104420244,92.30471774773983,0.09390753824875671,0.04148719120164955,0.10266359030222902
3030.8192020685883,0.9708520179372198,92.18624909750243,0.09610999129075797,0.04231893654681534,0.10501439337711262
3031.8191424189904,0.9711723254324152,92.0661830350278,0.09643934048585655,0.04198419217958387,0.10518183677003934
3032.8190827693925,0.9714926329276106,91.94827954368972,0.09383306596191326,0.04180848582616194,0.10272581834616432
3033.8190231197946,0.971812940422806,91.83489781839356,0.0917466759643408,0.04267455826894709,0.10118582150655056
3034.8189634701966,0.9721332479180014,91.7200072241025,0.09412747026132919,0.044119688843086945,0.10395444964698827
3035.8189038205983,0.9724535554131967,91.60092404770396,0.09610914582481815,0.045089829348129544,0.10616054173665282
3036.8188441710004,0.9727738629083921,91.47948336636603,0.09780750849347852,0.04301121605739296,0.10684696263552657
3037.8187845214024,0.9730941704035875,91.35711574884374,0.09757286042226906,0.040126195587565,0.10550153867747675
3038.8187248718045,0.9734144778987829,91.23930792801008,0.09444565157330011,0.039713297897701325,0.10245548853534774
3039.8186652222066,0.9737347853939783,91.1267891910909,0.09039244611558572,0.03997826449766212,0.09883853472711997
3040.8186055726087,0.9740550928891737,91.01371917950944,0.09172420604605563,0.03982458860965998,0.09999663910706164
3041.818545923011,0.9743754003843691,90.8979383791858,0.0939016213021364,0.03974761017081143,0.1019675781680659
3042.818486273413,0.9746957078795645,90.7809555479473,0.09207290865804799,0.0404198175911254,0.10055437416071514
3043.818426623815,0.9750160153747599,90.66857661962146,0.08859274177690955,0.04224371552134371,0.09814889401617519
3044.818366974217,0.9753363228699553,90.55766739687304,0.0897933025974906,0.044000807450596875,0.09999454108934655
3045.8183073246187,0.9756566303651505,90.44414493670561,0.09160424404070237,0.043648556125286744,0.1014718383498144
3046.8182476750208,0.9759769378603459,90.33014032800808,0.09100781448471398,0.041716412158614026,0.10011334247077898
3047.818188025423,0.9762972453555413,90.21735507039311,0.08942745341252589,0.04037879743815214,0.09812092899275267
3048.818128375825,0.9766175528507367,90.1070014236662,0.08662975288342406,0.040491049740221406,0.0956255153905494
3049.818068726227,0.9769378603459321,89.99856751301223,0.08719104292118351,0.04087539942990715,0.0962968132610738
3050.818009076629,0.9772581678411275,89.88663254212418,0.09151333971804332,0.041640215278800775,0.10054152811060153
3051.817949427031,0.9775784753363229,89.77069934701974,0.09425841614087875,0.04317254684725254,0.10367505878785546
3052.8178897774333,0.9778987828315183,89.65392364013023,0.09296675146565204,0.0460248325578453,0.10373573198302508
3053.8178301278354,0.9782190903267137,89.53957438888544,0.0890715279026134,0.047771673755413,0.10107358654119113
3054.8177704782374,0.9785393978219091,89.42849978594495,0.08797115340833755,0.04747476027087149,0.09996387694947599
3055.8177108286395,0.9788597053171045,89.31571515590687,0.09145147722641894,0.046955839126304466,0.10280186532816225
3056.817651179041,0.9791800128122998,89.19979567640078,0.09329988820463234,0.04642615585227962,0.1042125572386411
3057.8175915294432,0.9795003203074952,89.08354441799261,0.09202389810889323,0.04400577057809763,0.1020044394491148
3058.8175318798453,0.9798206278026906,88.9691311959878,0.09010293039435115,0.0392936776030968,0.0982981747807425
3059.8174722302474,0.980140935297886,88.85631903388376,0.09200665195033055,0.034761409346464475,0.09835435721340327
3060.8174125806495,0.9804612427930814,88.73702243470828,0.09667864500274306,0.031755119277699514,0.10176024764075282
3061.8173529310516,0.9807815502882767,88.61417471402744,0.09514469961152718,0.029842991601416832,0.09971518445999071
3062.8172932814537,0.9811018577834721,88.49412310314044,0.09535937867617074,0.029304333817083486,0.09976048858124337
3063.8172336318557,0.9814221652786675,88.37510560418212,0.09275022276373207,0.029145534649205593,0.09722173631811955
3064.817173982258,0.981742472773863,88.26008916835535,0.08947908068923056,0.02884094108509171,0.09401226390032082
3065.81711433266,0.9820627802690584,88.14609170998743,0.0916943911083206,0.02857516467361982,0.09604374730741275
3066.8170546830615,0.9823830877642536,88.02790809203415,0.09492919201838289,0.028479838127385193,0.09910929662259274
3067.8169950334636,0.982703395259449,87.90724053161154,0.09524929821653898,0.02841527934121405,0.09939746933791825
3068.8169353838657,0.9830237027546445,87.7885420264587,0.0927492016717739,0.028041029277824255,0.09689537519258173
3069.816875734268,0.9833440102498399,87.67354418441305,0.08894170608982849,0.027837420397097495,0.09319629314803338
3070.81681608467,0.9836643177450353,87.56045708275782,0.09068088582996683,0.028011035341663444,0.09490859368792373
3071.816756435072,0.9839846252402307,87.44324721520833,0.09495827346219306,0.02851206519269535,0.09914641476358663
3072.816696785474,0.9843049327354261,87.32272384550028,0.0961386743404955,0.029191194177074727,0.10047273521424371
3073.816637135876,0.9846252402306215,87.20239907139381,0.09386313933690216,0.030213421075492106,0.09860598226914886
3074.816577486278,0.9849455477258169,87.08625745367026,0.09048199557167026,0.031210158986301507,0.095713455410313
3075.8165178366803,0.9852658552210123,86.97499695511021,0.08996566102684876,0.03343220628669341,0.09597672937329067
3076.8164581870824,0.9855861627162077,86.85669356396245,0.09331874133989676,0.0308485113934772,0.09828539128708828
3077.816398537484,0.9859064702114029,86.74018795438741,0.08761514243688967,0.030922392652302257,0.09291182675838218
3078.816338887886,0.9862267777065983,86.62839107019434,0.08963716857318015,0.0347727408987928,0.09614554331549274
3079.816279238288,0.9865470852017937,86.51613803220523,0.08663155339661378,0.03628195400036054,0.09392234148483855
3080.8162195886903,0.9868673926969891,86.40579249181883,0.08741129506905279,0.036898515683014436,0.09488010837503652
3081.8161599390924,0.9871877001921845,86.29249868854804,0.09051015904670799,0.03674877088315547,0.09768603304507269
3082.8161002894944,0.9875080076873799,86.1755516628713,0.09317619938157008,0.0365988760526203,0.10010635274301609
3083.8160406398965,0.9878283151825753,86.05624508059736,0.09316317467463078,0.03609350502994358,0.09991055109848174
3084.8159809902986,0.9881486226777707,85.939128162656,0.08997970135444293,0.034908566780062815,0.09651401292285407
3085.8159213407007,0.9884689301729661,85.82760791754326,0.08727594394535432,0.033248365368196614,0.09339456189313018
3086.815861691103,0.9887892376681615,85.71530258545631,0.09051234291947234,0.03255037378548191,0.09618737471387159
3087.8158020415044,0.9891095451633568,85.59844640179051,0.09311734347614893,0.0326064431963826,0.09866113618833923
3088.8157423919065,0.9894298526585522,85.47945125492232,0.09276688458121535,0.033226124941218266,0.09853765906248217
3089.8156827423086,0.9897501601537476,85.36272979299719,0.08948061872095678,0.0334250885617844,0.09551972399482932
3090.8156230927107,0.990070467648943,85.25121903355529,0.0867541045276555,0.03289845833770703,0.09278245099906136
3091.8155634431128,0.9903907751441384,85.14019472085009,0.08886578387744284,0.03218192677960868,0.09451351202553249
3092.815503793515,0.9907110826393338,85.02512679960788,0.09223164051655891,0.03160786809928503,0.09749734785191622
3093.815444143917,0.9910313901345292,84.90684741011255,0.09297798726200952,0.03105428479245816,0.09802690813886512
3094.815384494319,0.9913516976297246,84.78875498212706,0.09064009257036351,0.030496701748020626,0.09563302357800778
3095.815324844721,0.99167200512492,84.67484044567121,0.08703860915116393,0.030216123611165283,0.09213432372929373
3096.815265195123,0.9919923126201154,84.56328805795553,0.08871987775820049,0.030975015766736447,0.09397163567364149
3097.8152055455253,0.9923126201153109,84.44742869589184,0.09288177173076291,0.03210431325335871,0.0982736508394561
3098.815145895927,0.992632927610506,84.32821442736763,0.0925924483459686,0.03224286956910889,0.0980457246836976
3099.815086246329,0.9929532351057014,84.21037989640283,0.09067662358230254,0.031434540737069444,0.09597072686833763
3100.815026596731,0.9932735426008968,84.09622649400407,0.08778524542305112,0.030665476478565528,0.09298720751610284
3101.814966947133,0.9935938500960922,83.9842924326214,0.08811587768674767,0.031163920518289662,0.09346442019600909
3102.8149072975352,0.9939141575912877,83.8693847951402,0.09147268838875088,0.03257277363621273,0.09709911587353139
3103.8148476479373,0.994234465086483,83.75080894417191,0.09357098629142693,0.034207176415663856,0.0996276085926123
3104.8147879983394,0.9945547725816785,83.63018279310614,0.09404295417010455,0.03318385304566626,0.09972585087125986
3105.8147283487415,0.9948750800768739,83.51203128926042,0.09067044496180172,0.029230480376189194,0.09526568412914431
3106.8146686991436,0.9951953875720693,83.3984946946231,0.0879871087338593,0.024126441089613555,0.0912349519811052
3107.8146090495457,0.9955156950672647,83.28480427562407,0.09037442087670951,0.02214271129258233,0.09304749116546496
3108.8145493999473,0.99583600256246,83.16791450773079,0.09183497117163911,0.021816351795069893,0.09439075768178808
3109.8144897503494,0.9961563100576554,83.05069292367162,0.09083217332318484,0.021774238962766073,0.09340557367213549
3110.8144301007515,0.9964766175528508,82.9357655108846,0.08790515828695207,0.02190980974061824,0.09059446239326215
3111.8143704511535,0.9967969250480462,82.82496914037075,0.0860109123216679,0.022591166108731225,0.0889282734823854
3112.8143108015556,0.9971172325432416,82.71127084868364,0.09195026615700737,0.02389659389758822,0.09500472959937703
3113.8142511519577,0.997437540038437,82.588280401472,0.09840252721109384,0.025839602206652407,0.10173859839671519
3114.81419150236,0.9977578475336323,82.46291790308429,0.09655851717164388,0.026840443068816257,0.10021954211887525
3115.814131852762,0.9980781550288277,82.3453484721462,0.08929055705166623,0.02674164334779058,0.09320900743778626
3116.814072203164,0.9983984625240231,82.23522742142237,0.08543975380626782,0.02657059430755032,0.08947596332162108
3117.814012553566,0.9987187700192185,82.12575910803301,0.08790948732663606,0.02615329148353694,0.09171735177955605
3118.813952903968,0.9990390775144139,82.01113238819319,0.09053602121500817,0.026254427009855676,0.09426593273850448
3119.8138932543698,0.9993593850096092,81.89409587416293,0.09091250611085938,0.026934721191877904,0.0948185792608244
3120.813833604772,0.9996796925048046,81.77664493063243,0.09009219576882317,0.028068230499479346,0.09436328365322956
