sample_in_period,phase_fraction,mean_angle_deg,mean_error_deg,statistical_std_deg,single_frame_std_deg,total_std_deg,outlier
0.0,0.0,0.22468870660147963,0.04980806977422642,0.016278842954855384,0.02314514349493286,0.028296614556336547,1
1.000311328324461,0.0006277463904582549,0.4567292481149519,0.054685948142877,0.01718110242980627,0.026802557002354007,0.031836572406085596,1
2.000622656648922,0.0012554927809165098,0.7453421210365971,0.04120993108768971,0.00304317141627865,0.028928616797813174,0.029088240959253175,1
3.0009339849733827,0.0018832391713747647,1.0228696814073794,0.19799117504210811,0.1560161206314838,0.029721198135824096,0.15882184835697705,0
4.001245313297844,0.0025109855618330196,1.3285876751909962,0.27789447093525155,0.12792939343146328,0.028053475929185768,0.1309691842207606,0
5.0015566416223045,0.0031387319522912746,1.5962988014747492,0.34904835161520964,0.006527874518775455,0.028858118427327356,0.029587229422481053,1
6.001867969946765,0.0037664783427495295,1.823205458223033,0.3208891219033546,0.05102139980082604,0.029536529219302634,0.0589541329845368,0
7.002179298271226,0.004394224733207785,2.0103099665518926,0.2821810271027232,0.08000168762664883,0.029891585491895,0.08540361178738967,0
8.002490626595687,0.005021971123666039,2.1881897598088296,0.2488817004114594,0.004190487125817121,0.03021047315851129,0.030499719192359297,1
9.002801954920148,0.005649717514124295,2.349563199227467,0.24892321866363837,0.02024410429381022,0.029659209227722277,0.035909503626094186,1
10.003113283244609,0.006277463904582549,2.502619860725186,0.27385687920651663,0.017793194984801756,0.02970169839939873,0.03462352777485304,1
11.00342461156907,0.0069052102950408045,2.617795386936951,-0.013582851109754301,0.2592962986918039,0.028457835230172313,0.2608532516593512,0
12.00373593989353,0.007532956685499059,2.7027221381141384,-0.1544679360035559,0.2354200983779004,0.027217679469810647,0.2369882376743235,0
13.004047268217992,0.008160703075957313,2.807507909095145,-0.27549387178526674,0.17907683794284085,0.026097603086643353,0.18096850216121715,0
14.004358596542453,0.00878844946641557,2.9429818203392166,-0.36583161442394496,0.1051507203114403,0.0252996556283112,0.1081514981723595,0
15.004669924866914,0.009416195856873824,3.1081839825899076,-0.42644127798270687,0.04268631779088169,0.024658911066282995,0.049296892615244996,0
16.004981253191374,0.010043942247332079,3.32532852176422,-0.45610486207468737,0.004690356029976164,0.02432927821075978,0.024777272205480656,1
17.005292581515835,0.010671688637790333,3.567612375949554,-0.44094931663448733,2.5310164559565e-05,0.024287226050834845,0.024287239238925055,1
18.005603909840296,0.01129943502824859,3.8092788949817997,-0.42423043549998357,0.0008650140065791,0.024343811127488714,0.0243591746461661,1
19.005915238164757,0.011927181418706844,4.054397840369953,-0.40634381162195155,0.001557783832232334,0.024357769158514037,0.024407531805723862,1
20.006226566489218,0.012554927809165098,4.29659148763807,-0.36709467745004076,0.03644987911417156,0.024664594263723073,0.0440106339153596,0
21.00653789481368,0.013182674199623353,4.540000025412634,-0.355692280834382,0.02614039585712909,0.025647835388462225,0.03662146577734249,1
22.00684922313814,0.013810420590081609,4.7815404211431645,-0.3523999757135243,0.003712613992179912,0.026293969470669937,0.02655477985560138,1
23.0071605514626,0.014438166980539863,5.018749181707875,-0.3409242651306954,0.0007554957217021609,0.026527048218371242,0.026537804373483936,1
24.00747187978706,0.015065913370998118,5.264231318024466,-0.3264559264875828,0.0006561698118177298,0.027137790049049332,0.027145721717578664,1
25.007783208111523,0.015693659761456372,5.525971710028771,-0.31508673391233516,0.002735605186664587,0.027327572527891187,0.02746415401945706,1
26.008094536435983,0.016321406151914627,5.784731022131708,-0.30089874015970014,0.010815161855171368,0.027031348743324517,0.02911462760944721,1
27.008405864760444,0.01694915254237288,6.0755030749072265,-0.2810358159624684,1.022947731968434e-05,0.025892347487216964,0.025892349507933746,1
28.008717193084905,0.01757689893283114,6.337989388618199,-0.13219423253044055,0.1477507739267192,0.024923876371158293,0.14983821545022907,0
29.009028521409366,0.018204645323289394,6.622775318392258,-0.02624368637609109,0.04280951420441439,0.023206691801836123,0.04869502080093369,1
30.009339849733827,0.018832391713747648,6.908905546417028,0.013800855398055015,0.007976506270671358,0.020515899331117603,0.022011968963511902,1
31.009651178058288,0.019460138104205903,7.1336365299629385,-0.013983694458249828,0.023296369969276,0.01893782224831663,0.030022690839666938,0
32.00996250638275,0.020087884494664157,7.358663637123148,-0.02757376961631053,0.00393091049304115,0.018084696212392132,0.018506979613076017,1
33.010273834707206,0.02071563088512241,7.590465052579757,-0.022803286998656143,0.004995317170573283,0.017405189891973993,0.018107838877411568,1
34.01058516303167,0.021343377275580666,7.822595739654162,-0.020521899084201323,0.0032433967015813763,0.020164911320333778,0.02042408555408918,1
35.010896491356135,0.021971123666038924,8.055875246229897,-0.008398180583519377,0.00970211414540252,0.021986490104208594,0.024031994632008433,1
36.01120781968059,0.02259887005649718,8.288359910111371,0.0039743163609549425,0.004540519805880667,0.02532846060587468,0.02573222176126539,1
37.01151914800505,0.02322661644695543,8.520620596305807,0.01812707843253065,0.01944748368782768,0.029150918686683278,0.035042555301603565,0
38.011830476329514,0.023854362837413687,8.746506073771782,0.01820043948156922,0.01813063627874234,0.03001660233554312,0.035067312238638716,0
39.01214180465398,0.024482109227871945,8.967779050830682,0.00905480757992589,0.012657230327755386,0.0301647482273193,0.03271265069032795,1
40.012453132978436,0.025109855618330196,9.192892905575462,0.011224082493058063,0.0010805460821889702,0.03066751354586007,0.03068654374349195,1
41.01276446130289,0.02573760200878845,9.416845626274075,0.0033801398651789327,0.008119652561543919,0.030767169786810464,0.0318205514473054,1
42.01307578962736,0.026365348399246705,9.639469871283195,0.0034640159230813574,0.013443644054188528,0.030228319738316953,0.03308296963178549,1
43.01338711795182,0.026993094789704963,9.865639051167038,0.008272534412515142,0.020279232710240097,0.02947241469776401,0.03577527788058463,0
44.01369844627628,0.027620841180163218,10.086520365155161,-0.001316316000946295,0.011619829737402892,0.028521803721275916,0.03079795010453165,1
45.01400977460074,0.02824858757062147,10.310930446262365,-0.0032920956815208533,0.01307657762060483,0.027359968866749122,0.030324326516135265,1
46.0143211029252,0.028876333961079727,10.536598821507756,-0.003195718208903347,0.013664652742642917,0.02617950247653503,0.02953115447279233,1
47.014632431249666,0.029504080351537985,10.758617644480905,-0.01034969142752118,0.00717948845553207,0.024626364647091215,0.025651567012847817,1
48.01494375957412,0.030131826741996236,10.984898006672502,-0.0015293981322940908,0.020840787154748703,0.02330145591763275,0.031261737909318486,0
49.01525508789858,0.03075957313245449,11.209839735779157,-0.007018033609458346,0.011049301894344346,0.022655738928887757,0.025206538413004704,1
50.015566416223045,0.031387319522912745,11.434487721311038,-0.008345988362520984,0.011728729393029564,0.023246223376322313,0.02603747288883446,1
51.01587774454751,0.032015065913371006,11.659275740587516,-0.009511120748426392,0.01191440080863293,0.022148146048053215,0.025149419873918527,1
52.01618907287197,0.032642812303829254,11.886086974224545,-0.014704128139804595,0.007526731146481356,0.0224641200980918,0.023691525352600336,1
53.016500401196424,0.03327055869428751,12.114923388962714,-0.012493284531799986,0.005834416238986859,0.023705586262945708,0.02441301359766372,1
54.01681172952089,0.03389830508474576,12.347353778507939,-0.0027638958353009,0.002292797399405159,0.025713971926811557,0.02581598869242803,1
55.01712305784535,0.034526051475204024,12.577366323300415,0.00478337147937206,0.011920992490837442,0.028657476580711362,0.031038057702450116,1
56.01743438616981,0.03515379786566228,12.80326445047944,0.004312537930458247,0.014292226164583456,0.029736951965198998,0.032993242352338706,1
57.01774571449427,0.035781544256120526,13.026349689951077,-0.0007203346846438308,0.008797715937809569,0.031870483231431504,0.03306247884123852,1
58.01805704281873,0.03640929064657879,13.249425910756191,-5.371037075166088e-05,0.014046354986986137,0.03297635933796417,0.03584327501229438,1
59.0183683711432,0.03703703703703704,13.474242188522588,0.0038808293181659794,0.022734629913775336,0.03502458599319712,0.04175625727135022,0
60.018679699467654,0.037664783427495296,13.693852288914904,-0.0023211410376291043,0.018064825882933493,0.03714392890299705,0.04130386650825324,0
61.01899102779211,0.03829252981795355,13.915893227645794,-0.011270608768528392,0.013068945131009311,0.03614261607806397,0.03843287686088123,1
62.019302356116576,0.038920276208411805,14.140385018248548,-0.007412723961493839,0.020571703393222052,0.034594079050729955,0.04024854389747357,0
63.01961368444104,0.03954802259887006,14.361677531372548,-0.018173752948118564,0.011631741907039476,0.03258179186985029,0.03459581739520286,1
64.0199250127655,0.040175768989328314,14.590104440983543,-0.015200440011110712,0.011899556278634368,0.03127631016711226,0.033463517706568094,1
65.02023634108996,0.04080351537978657,14.817075321141637,-0.014287567240141167,0.013760807921704164,0.03072733169211291,0.03366791867008061,1
66.02054766941441,0.04143126177024482,15.045958766791115,-0.012155437521338778,0.013554320221769008,0.030054573375824588,0.03296963720572431,1
67.02085899773888,0.042059008160703085,15.276264343421005,-0.009052769194842844,0.003672356671315134,0.0297157727190561,0.02994183280649252,1
68.02117032606334,0.04268675455116133,15.504634184886829,-0.008196493489549539,0.007038995856456179,0.028535652367689228,0.029391000641638847,1
69.0214816543878,0.04331450094161959,15.734165689032078,-0.0009063011712366157,0.013070601357039356,0.02786982742384399,0.030782590866746184,1
70.02179298271227,0.04394224733207785,15.961310537443532,0.0011343597798827432,0.012853310650582098,0.0275735515618835,0.03042216856859838,1
71.02210431103673,0.0445699937225361,16.18334838519697,-0.002600012846458968,0.012667997199209514,0.027226312035902988,0.030029156167224146,1
72.02241563936118,0.04519774011299436,16.408410457884305,-0.003577968376235832,0.015565481071807458,0.02697745492787919,0.031145903027245004,1
73.02272696768564,0.045825486503452605,16.630429810983788,-0.0013019263106514244,0.020748386383172144,0.027476568646338902,0.03443047141824197,0
74.0230382960101,0.04645323289391086,16.852044427799722,-0.010771182723904834,0.013226794902270592,0.028358071950596125,0.03129102663930856,1
75.02334962433457,0.04708097928436912,17.077114832723474,-0.006241223952895325,0.02391980082398452,0.030002830839200054,0.03837090994262117,0
76.02366095265903,0.047708725674827375,17.29809912344759,-0.017134620888953123,0.01193346042704668,0.030966403293008992,0.033186226219158566,1
77.02397228098349,0.04833647206528563,17.522485872281692,-0.01921438147717759,0.013345204071552964,0.03168726292387402,0.034382802435492583,1
78.02428360930796,0.04896421845574389,17.747917689449217,-0.022664335876314112,0.0102589092767037,0.031776738847861766,0.03339171081799859,1
79.02459493763241,0.04959196484620214,17.972074883607235,-0.02090232320629563,0.01393853880781488,0.03181569450463673,0.034735015199497656,1
80.02490626595687,0.05021971123666039,18.197413220585943,-0.02114044246060429,0.014249044833088977,0.03018469687324005,0.03337890357673193,1
81.02521759428133,0.05084745762711865,18.420886469743003,-0.022905348128814593,0.013498510308687902,0.02946018062394404,0.03240543199757043,1
82.02552892260579,0.0514752040175769,18.643003824079095,-0.021037479286451343,0.02472090147303283,0.026797094155635026,0.036458294321393664,0
83.02584025093026,0.05210295040803516,18.86639938528346,-0.029578875502434383,0.012961131643881667,0.025245844761568298,0.028378576624193755,1
84.02615157925472,0.05273069679849341,19.088813151701594,-0.033779749830058686,0.010750492021667621,0.025012051974354053,0.027224544489774804,1
85.02646290757917,0.053358443188951665,19.317940830545513,-0.04178555852804777,0.0007294881374095124,0.023084400645708995,0.023095924015164037,1
86.02677423590364,0.05398618957940993,19.542813200367767,-0.03227635608880876,0.005645358588514063,0.022385826295854568,0.02308669080966528,1
87.0270855642281,0.05461393596986818,19.767314510146676,-0.03263899076879776,0.013753362026843146,0.020762435434374456,0.024904491406330286,1
88.02739689255256,0.055241682360326436,19.99777662356198,-0.028219537908562922,0.015077994311936118,0.018492861550874144,0.023860675615132467,1
89.02770822087702,0.05586942875078468,20.22140378600336,-0.02982439102592909,0.013000366485518364,0.01755006514623817,0.0218406573938376,1
90.02801954920147,0.05649717514124294,20.445255611669833,-0.02528310500402995,0.024715695814103527,0.017125196414650472,0.030068887106370464,0
91.02833087752595,0.0571249215317012,20.6711476083017,-0.025203257445309647,0.024573589490133916,0.017191790653256045,0.029990314541448244,0
92.0286422058504,0.057752667922159454,20.892147421502223,-0.0364690384879446,0.012734467251031738,0.01735400425346087,0.021525057951065726,1
93.02895353417486,0.05838041431261771,21.11594783380893,-0.03899671079303365,0.014663290729052324,0.017080853505385817,0.02251150042705201,1
94.02926486249933,0.05900816070307597,21.339267300448693,-0.03452011710803617,0.025199809740325388,0.016782790042446656,0.030276929377951206,0
95.02957619082379,0.05963590709353422,21.560805425893456,-0.04474881008259343,0.013731861615556801,0.016099508402091716,0.021160297592846468,1
96.02988751914825,0.06026365348399247,21.78523218526527,-0.046600851231908616,0.015509690073728096,0.014797712705169892,0.021436482628636778,1
97.0301988474727,0.060891399874450726,22.008189889509396,-0.043033960984627126,0.02481077537917641,0.01294123341201762,0.027983032307815882,0
98.03051017579716,0.06151914626490898,22.230604427372935,-0.05394144350953588,0.013456915953527002,0.00985945618114298,0.016682249943223128,1
99.03082150412163,0.06214689265536724,22.456660933885846,-0.05282665872482539,0.013258266163884811,0.009091136545077764,0.01607577013252122,1
100.03113283244609,0.06277463904582549,22.68366490747822,-0.052363199566217294,0.014805137237336173,0.00892541108031075,0.0172874246656028,1
101.03144416077055,0.06340238543628375,22.91411204822521,-0.047904313933795746,0.014897978789823862,0.008335195254733805,0.017071181914459777,1
102.03175548909502,0.06403013182674201,23.14323065300155,-0.04575046567662058,0.013990223829816698,0.008258916307048102,0.016246109114960296,1
103.03206681741948,0.06465787821720026,23.377141222482837,-0.03793851888838162,0.01610925307878931,0.008005706163239128,0.01798886783342987,1
104.03237814574393,0.06528562460765851,23.609864021693515,-0.03543950523586403,0.01401201492337988,0.007359424513117128,0.015827118859011887,1
105.03268947406839,0.06591337099811677,23.840219552761788,-0.025669755538583812,0.018136514754883055,0.007514679245201944,0.01963169813369082,1
106.03300080239285,0.06654111738857502,24.072998167690482,-0.018637554970515186,0.014926365644864641,0.00968566105301281,0.01779349379402608,1
107.03331213071732,0.06716886377903328,24.30246591248031,-0.014428707484992427,0.014040769362940478,0.01181213775771197,0.018348564050367885,1
108.03362345904178,0.06779661016949153,24.52793002296474,-0.014538802414449492,0.013081970014261996,0.015651243254604666,0.020398513545571356,1
109.03393478736623,0.06842435655994979,24.75630284328632,-0.012222799559399138,0.014139648926613414,0.017670679920521234,0.022631451580077497,1
110.0342461156907,0.06905210295040805,24.982751174498148,-0.011032301321121294,0.013011301596189675,0.021131360689935094,0.024815889543498983,1
111.03455744401516,0.0696798493408663,25.206858231170788,-0.012849444589859458,0.01341879753069199,0.022567487954238,0.02625558302027176,1
112.03486877233962,0.07030759573132456,25.43444379365152,-0.011183603672040791,0.014181262521650542,0.021971419470426048,0.026150554109872836,1
113.03518010066408,0.0709353421217828,25.660060481817062,-0.011091252588023003,0.01292846091390016,0.021847751752531765,0.025386401049429966,1
114.03549142898854,0.07156308851224105,25.88573626097656,-0.011553727119014133,0.014395385027324844,0.021133344464845688,0.025570400042915876,1
115.03580275731301,0.07219083490269931,26.111435296450956,-0.004407744412378634,0.025481733325645947,0.020362589204506662,0.03261830425375952,0
116.03611408563746,0.07281858129315757,26.33399342600891,-0.007661799676202463,0.02462951708501854,0.02106209985373573,0.032407177632277004,0
117.03642541396192,0.07344632768361582,26.558062738509534,-0.016002589188569043,0.017964081817493083,0.02108818347522391,0.02770234137812709,1
118.0367367422864,0.07407407407407408,26.78005808435479,-0.013221488296716188,0.022580844515857852,0.021977129655938694,0.03151013752688629,0
119.03704807061085,0.07470182046453233,27.000742661720984,-0.02423340927577379,0.01627013791858197,0.022785643178517234,0.027998266427555613,1
120.03735939893531,0.07532956685499059,27.225479296691844,-0.025878902324399808,0.014475101858761968,0.0244431460517194,0.028407674363228323,1
121.03767072725977,0.07595731324544884,27.446909283370562,-0.03109599843915905,0.012901471167298279,0.02554125815913868,0.028614748411132273,1
122.03798205558422,0.0765850596359071,27.67306778902989,-0.030566568445016803,0.01312960222416526,0.027825192996843186,0.03076731739811543,1
123.0382933839087,0.07721280602636536,27.90082633194288,-0.028667451100015267,0.015386704290523322,0.02763574003757229,0.03163044097619072,1
124.03860471223315,0.07784055241682361,28.12866406240711,-0.02664434564165832,0.013225026372566074,0.030881040507037327,0.03359374920059308,1
125.03891604055761,0.07846829880728186,28.356791996593618,-0.024870401363639556,0.014611510617163533,0.031583679883010966,0.03479978559514403,1
126.03922736888208,0.07909604519774012,28.584560217486153,-0.02180939166586566,0.014461916120878467,0.03014731449892344,0.03343662048389945,1
127.03953869720654,0.07972379158819838,28.80808457489474,-0.023727800620854902,0.014902082070278908,0.02917102836321842,0.03275699842471867,1
128.039850025531,0.08035153797865663,29.03316280528407,-0.024286278756278534,0.016216788777410656,0.02835210971331001,0.0326623079932622,1
129.04016135385547,0.08097928436911489,29.254261287871575,-0.028786406504025308,0.015846314719370886,0.027668441380132257,0.03188492337439696,1
130.0404726821799,0.08160703075957314,29.47575243386984,-0.033036383161654866,0.015705677521681186,0.02631551722874898,0.03064595819078963,1
131.04078401050438,0.0822347771500314,29.69771174197891,-0.03112604722203969,0.02309348146422155,0.024399952967054255,0.03359563350991917,0
132.04109533882882,0.08286252354048965,29.91856107349309,-0.04232569357656581,0.013565162947360026,0.02171971151701636,0.025607801822312714,1
133.0414066671533,0.08349026993094791,30.142500596212965,-0.04469005618447378,0.014322967410467858,0.01920925729214008,0.023961280457374584,1
134.04171799547777,0.08411801632140617,30.367087315418146,-0.04480611572746637,0.012860614223871877,0.018350375179192316,0.02240829461231651,1
135.0420293238022,0.0847457627118644,30.593509818471667,-0.04540129087742647,0.015543871985980375,0.018017888060409708,0.02379613931867941,1
136.04234065212668,0.08537350910232266,30.8214529285459,-0.04328517655488895,0.013705693707037392,0.018844466636339787,0.0233015012992564,1
137.04265198045115,0.08600125549278093,31.04605099302026,-0.04525665076316601,0.014731717659860588,0.01990927019367199,0.024766964788897415,1
138.0429633087756,0.08662900188323917,31.279188462291685,-0.03754580412608751,0.014272878648764862,0.02051196939217936,0.024989116696435488,1
139.04327463710007,0.08725674827369743,31.50651036330617,-0.031683215747108306,0.011165263500325862,0.022982268297069713,0.02555088579893473,1
140.04358596542454,0.0878844946641557,31.7306825308002,-0.03696993312267852,0.014143127223313358,0.024126802528008646,0.02796659878999146,1
141.04389729374898,0.08851224105461394,31.95924952831526,-0.0346172213113189,0.015152885969463516,0.025131719330411934,0.02934643538329937,1
142.04420862207346,0.0891399874450722,32.18274279508354,-0.03623713269501473,0.012815672752285744,0.02477645399354362,0.02789469735609015,1
143.0445199503979,0.08976773383553045,32.408868856301176,-0.036071834235365766,0.01448259188705559,0.02379176464205177,0.02785307043307422,1
144.04483127872237,0.09039548022598871,32.636063711950904,-0.028332324129382868,0.024502915413179806,0.022276714823961145,0.03311562904571699,0
145.04514260704684,0.09102322661644698,32.857635984221496,-0.033046245869318876,0.005785235342826858,0.02086483745720035,0.021652029699020917,1
146.04545393537128,0.09165097300690521,33.084553629186914,-0.03878445348167108,0.01288661433849166,0.019745326675566884,0.023578438341711097,1
147.04576526369576,0.09227871939736347,33.31365355351443,-0.035128139263551676,0.011934338586119553,0.01830777152703063,0.021854128575033497,1
148.0460765920202,0.09290646578782172,33.53822268500828,-0.03317219693861754,0.004126517588031443,0.017389778098865532,0.017872675505701884,1
149.04638792034467,0.09353421217827998,33.76768193872765,-0.033490058127332155,0.014803729888737707,0.017083501767928985,0.022605230617570325,1
150.04669924866914,0.09416195856873824,33.9971022575962,-0.029088952674139062,0.013347218783059648,0.017425788542864425,0.021950087826327375,1
151.04701057699359,0.09478970495919649,34.2236070643555,-0.02860525951950245,0.013853414603755927,0.018354371762473884,0.02299565304527481,1
152.04732190531806,0.09541745134965475,34.451602536015585,-0.025955843797697123,0.01420934692935657,0.019391069201064846,0.02403994810558668,1
153.04763323364253,0.09604519774011301,34.675036309647425,-0.02755102439606895,0.01416755971043285,0.020729756135656353,0.02510861480831753,1
154.04794456196697,0.09667294413057126,34.90047568094572,-0.028227179502146607,0.015554766985478625,0.021239781878727153,0.026326395693836293,1
155.04825589029144,0.09730069052102952,35.12469820747283,-0.023631738883460686,0.023102334196492658,0.02049035364006693,0.030879968225719374,0
156.04856721861591,0.09792843691148778,35.346141761259844,-0.02357167340603894,0.00027247277689495305,0.019998947829441727,0.020000803876316593,1
157.04887854694036,0.09855618330194602,35.57195194599252,-0.03492066884220119,0.013902448710437162,0.020316886892170028,0.024618163480153554,1
158.04918987526483,0.09918392969240428,35.796749137443925,-0.035321618073965055,0.013579483784148702,0.02044101346381969,0.02454052589640278,1
159.04950120358927,0.09981167608286252,36.02176487896255,-0.03603016956361671,0.013919534285665714,0.02092870106063785,0.025134915214007927,1
160.04981253191374,0.10043942247332079,36.24823837004759,-0.03599013155041399,0.012730661684783817,0.02126236387041096,0.024782208624135584,1
161.05012386023822,0.10106716886377905,36.4736738445738,-0.03647578046614323,0.012514238417572772,0.02195003139358465,0.025266777423154026,1
162.05043518856266,0.1016949152542373,36.70218737505564,-0.034143750036959214,0.015094699005087609,0.023011698836115223,0.02752068715309012,1
163.05074651688713,0.10232266164469556,36.92961545653113,-0.0319018759195223,0.012705196023521966,0.023738317547812127,0.026924519048571387,1
164.05105784521157,0.1029504080351538,37.15607862234378,-0.03142006193723369,0.014023398076378493,0.024738866502444033,0.028437074558300184,1
165.05136917353605,0.10357815442561207,37.38501047177033,-0.0283311853717881,0.014836588019605627,0.026494890992964863,0.030366158676931727,1
166.05168050186052,0.10420590081607033,37.609737660110724,-0.028656545823682537,0.014034299620018596,0.028387499944888806,0.03166720257530677,1
167.05199183018496,0.10483364720652856,37.83482982620525,-0.02963027586349022,0.015202068072593604,0.029386971872329602,0.03308620542626279,1
168.05230315850943,0.10546139359698682,38.05988227268412,-0.029871785592370595,0.015752357031025115,0.030831461726625427,0.03462247513152771,1
169.0526144868339,0.10608913998744508,38.28109329332476,-0.034283917986000584,0.014649562328922028,0.030356599772662113,0.03370656948113469,1
170.05292581515835,0.10671688637790333,38.50750329585955,-0.0341788903320182,0.015370276847226515,0.029300758558963205,0.033087457782232876,1
171.05323714348282,0.10734463276836159,38.732206115735266,-0.03502191785902495,0.013585526630650296,0.02693950169379734,0.03017123274482198,1
172.0535484718073,0.10797237915881985,38.956081978194725,-0.03069077046091349,0.007226753116295618,0.02476207902910485,0.02579508709904897,1
173.05385980013173,0.1086001255492781,39.18552020922348,-0.035035657910624546,0.013914565207312489,0.024086611077841547,0.027816900584424396,1
174.0541711284562,0.10922787193973636,39.41334820142248,-0.028265378478479875,0.008751599678036655,0.023207891352078115,0.02480315943452514,1
175.05448245678065,0.10985561833019461,39.642809619984405,-0.0285867287741755,0.01612341649320798,0.023683687386958623,0.028651031528666365,1
176.05479378510512,0.11048336472065287,39.86890569718277,-0.02147996543104682,0.022806237678845185,0.02344097663178261,0.032704798768923134,0
177.0551051134296,0.11111111111111113,40.09137290464679,-0.030395894934966035,0.016159257107072257,0.023761524532145358,0.02873554659901584,1
178.05541644175403,0.11173885750156937,40.31779468636061,-0.030343150241353416,0.0170377152940473,0.024923262108636907,0.030190275529991928,1
179.0557277700785,0.11236660389202763,40.53971949836379,-0.02810262124224323,0.023163813278445078,0.02558820531420603,0.0345154819870827,0
180.05603909840295,0.11299435028248588,40.76132194888097,-0.03105414476420622,0.006136433258926147,0.027798505863861813,0.028467749145382297,1
181.05635042672742,0.11362209667294414,40.98859290523892,-0.03742517420768839,0.014424837018268967,0.02895701682669389,0.032350962064597956,1
182.0566617550519,0.1142498430634024,41.21426181989359,-0.03378574374222865,0.007833544316418839,0.02872903029809384,0.029777870951867794,1
183.05697308337633,0.11487758945386065,41.44066696607003,-0.033268345710403935,0.008819857829102534,0.02939201663931703,0.03068681368685042,1
184.0572844117008,0.11550533584431891,41.66956971436579,-0.03380331171939588,0.014516299059400955,0.028900890650721697,0.0323416823740964,1
185.05759574002528,0.11613308223477717,41.89427152891773,-0.03430545724887679,0.015548474206961621,0.02856623067764614,0.03252360043557666,1
186.05790706834972,0.11676082862523542,42.12131505074021,-0.027192379970864523,0.025151020910360807,0.02845805449428269,0.03797939860546728,0
187.0582183966742,0.11738857501569368,42.34481033284461,-0.029509241439473043,0.023336587023521926,0.0282403920013644,0.03663490186007243,0
188.05852972499866,0.11801632140615194,42.56481752451895,-0.04052679839084147,0.016096312344447417,0.02737493608725745,0.03175654888163133,1
189.0588410533231,0.11864406779661017,42.78843813535005,-0.043190388761319004,0.016669990970714685,0.02606266189714489,0.03093785616568474,1
190.05915238164758,0.11927181418706843,43.01045853638561,-0.0470912677348565,0.014817747447131121,0.02369859926020037,0.027949762902438554,1
191.05946370997202,0.11989956057752668,43.233645860011436,-0.04026931941611641,0.0037050934042835346,0.020562379981850443,0.02089352023122167,1
192.0597750382965,0.12052730696798494,43.460752357913876,-0.048742853168410726,0.013419007442927166,0.019263528605571525,0.023476654256750624,1
193.06008636662096,0.1211550533584432,43.68595810643002,-0.04583021295202627,0.008578230024398495,0.0186123828256946,0.02049406803935478,1
194.0603976949454,0.12178279974890145,43.91208507576527,-0.04989211900714155,0.014093409479935504,0.01830471550469521,0.02310166228817669,1
195.06070902326988,0.12241054613935971,44.13813167362562,-0.04425113927837998,0.008246851114323906,0.017786940553277248,0.019605759550388353,1
196.06102035159432,0.12303829252981796,44.36566028981898,-0.04289357984664122,0.011384564274206688,0.01675655138113937,0.02025809265213058,1
197.0613316799188,0.12366603892027622,44.59375715456993,-0.044491849449299375,0.01478997220624675,0.017081899077551414,0.0225950117051796,1
198.06164300824327,0.12429378531073448,44.81890559721587,-0.03747623778813087,0.004208115870320868,0.018751954862760125,0.01921832589881438,1
199.0619543365677,0.12492153170119272,45.04798504041505,-0.03601003748223418,0.007781647125404919,0.021414799235296832,0.022784812008713008,1
200.06226566489218,0.12554927809165098,45.27598938384116,-0.04070913330797664,0.003774532308425962,0.02360528426971799,0.023905157175838587,1
201.06257699321665,0.12617702448210924,45.502815310962255,-0.03937435656875879,0.018816686926355203,0.026265584309102117,0.03231019384007187,1
202.0628883215411,0.1268047708725675,45.73656945786524,-0.024932715803799965,0.02544165177003137,0.02983075068630698,0.039206521540378264,0
203.06319964986557,0.12743251726302576,45.960378638483675,-0.03235129109656833,0.015897863787637904,0.029229296845732684,0.033273020107983095,1
204.06351097819004,0.12806026365348402,46.18209672721642,-0.029988278866150204,0.0093525725192784,0.028927288401211518,0.03040162211092079,1
205.06382230651448,0.12868801004394226,46.40727638986169,-0.03729789565613828,0.016360890382200063,0.029166958414123964,0.03344234138378477,1
206.06413363483895,0.12931575643440052,46.62973883558706,-0.03713709813445121,0.011215020212808373,0.028744257148940962,0.030854643044737107,1
207.0644449631634,0.12994350282485875,46.854256221776325,-0.036021726525362396,0.000904807700145554,0.029704900026764205,0.029718676999057322,1
208.06475629148787,0.13057124921531701,47.08055259202524,-0.03222352937164032,0.0022051102641179672,0.03028869238887445,0.03036885572267713,1
209.06506761981234,0.13119899560577528,47.30587172310464,-0.03638691801486565,0.0032153854364165633,0.03005405578129285,0.030225568190023856,1
210.06537894813678,0.13182674199623354,47.53466641694756,-0.035945076104241025,0.008719509266579524,0.03074648887708891,0.031958980273452384,1
211.06569027646125,0.1324544883866918,47.75997170641253,-0.029794373368721,0.002902006270689449,0.029783237396975845,0.029924285626222416,1
212.0660016047857,0.13308223477715003,47.984480598945716,-0.032750038102993324,0.010522984273977272,0.028988020202071783,0.030838912323006704,1
213.06631293311017,0.1337099811676083,48.210354560835455,-0.03508150051205235,0.023165988411072452,0.028033772127013093,0.03636695476296083,0
214.06662426143464,0.13433772755806656,48.43180889876129,-0.044975714440309074,0.015588281994085329,0.027673997353264514,0.03176231517121534,1
215.06693558975908,0.1349654739485248,48.65692319838753,-0.038706808054054624,0.003363229600295884,0.028679651598414877,0.02887617926857304,1
216.06724691808355,0.13559322033898305,48.88520696400846,-0.039842622980692965,0.009616418048046227,0.028281582413908553,0.029871782670431484,1
217.06755824640803,0.1362209667294413,49.110914120921954,-0.03763063040163063,0.004973041938909599,0.028997176299692385,0.029420526499054966,1
218.06786957473247,0.13684871311989957,49.340065979620356,-0.03604199981423761,0.008975507761278057,0.02951961913332909,0.03085397305614905,1
219.06818090305694,0.13747645951035783,49.56993963881206,-0.026610196299041416,0.003515034417021787,0.02886669089447706,0.029079912485255734,1
220.0684922313814,0.1381042059008161,49.794685354912616,-0.027888105095826177,0.000236392732482593,0.028617553769673117,0.028618530103485446,1
221.06880355970586,0.13873195229127433,50.02078589641765,-0.033069397114850574,0.011343844629167583,0.028112429899470243,0.03031487301347843,1
222.06911488803033,0.1393596986817326,50.2443953468306,-0.028921850073487576,0.0021390510397253887,0.028627444008051846,0.028707248035725993,1
223.06942621635477,0.13998744507219085,50.46980478734006,-0.028765094952111287,0.0031012247231455912,0.029241268068932715,0.029405260635856186,1
224.06973754467924,0.14061519146264911,50.694603870106484,-0.03611444919988571,0.010649015650007946,0.02967090158060231,0.031524021553727924,1
225.0700488730037,0.14124293785310738,50.91774904830716,-0.03623604053056321,0.0020572857162158517,0.029980738926177985,0.030051241756003856,1
226.07036020132816,0.1418706842435656,51.14393661255206,-0.039316263920866845,0.009322453517786756,0.03056876792868176,0.03195868758677204,1
227.07067152965263,0.14249843063402387,51.369503672117766,-0.03692526101168271,0.004132923206132308,0.032777307624391405,0.033036842302674355,1
228.07098285797707,0.1431261770244821,51.59684556202003,-0.03665376770925377,0.009810501381147578,0.036402031823929204,0.03770084691701041,1
229.07129418630154,0.14375392341494037,51.82544110767335,-0.035271822034403044,0.00885555897271881,0.040209793689194626,0.041173394725804384,1
230.07160551462601,0.14438166980539863,52.05014325537855,-0.03536777628220733,0.007235819945353772,0.04324654623880678,0.043847700645151644,1
231.07191684295046,0.1450094161958569,52.28127384263955,-0.03128581989177803,0.0065299223157050485,0.04380632083312713,0.04429033337404462,1
232.07222817127493,0.14563716258631515,52.51134515600172,-0.028216149780705888,0.005362991632669933,0.043982455012513445,0.04430821626041672,1
233.0725394995994,0.1462649089767734,52.73355390034868,-0.03359760089061739,0.018915025739762392,0.04082397084706397,0.04499305273548131,1
234.07285082792384,0.14689265536723164,52.95769427974515,-0.02979753727350385,0.027655838116431283,0.03587754475451858,0.045299487850689185,0
235.07316215624832,0.1475204017576899,53.18544025894149,-0.02786362448886166,0.02137001615485235,0.03397901046678313,0.040140387924886924,0
236.0734734845728,0.14814814814814817,53.407215676169365,-0.026373923554975438,0.0039827990657770665,0.031904831781697826,0.03215246459319706,1
237.07378481289723,0.1487758945386064,53.628999494100434,-0.0375391090535544,0.011910986707508757,0.030563157373826647,0.032802106533022304,1
238.0740961412217,0.14940364092906466,53.84899513777786,-0.035848207008086774,0.0020853125501766848,0.028188380397637675,0.02826540850357285,1
239.07440746954614,0.15003138731952292,54.073928077763796,-0.036399109873978354,0.0037008586739095198,0.026451206613806077,0.02670885033561927,1
240.07471879787062,0.15065913370998119,54.29911664333563,-0.038081117525280206,0.003931134481812803,0.026061678650613016,0.026356496588164288,1
241.0750301261951,0.15128688010043945,54.521120967881316,-0.04493517922272921,0.004292311194394204,0.02562520934061745,0.025982211013306576,1
242.07534145451953,0.15191462649089768,54.74758519841836,-0.047620883191989094,0.007470431720114988,0.027581847261173416,0.02857561282673741,1
243.075652782844,0.15254237288135594,54.97433233282882,-0.04621789538006027,0.007857869718017671,0.027683449358328397,0.028777065258300264,1
244.07596411116845,0.1531701192718142,55.20262795371083,-0.04362847119718083,0.007691525562373439,0.02863086757912619,0.02964601396157843,1
245.07627543949292,0.15379786566227246,55.431575269976335,-0.04069360431197566,0.009036621291648405,0.02919983761986248,0.03056617479167142,1
246.0765867678174,0.15442561205273073,55.6575110744482,-0.034308758354143265,0.0038636372537521127,0.027340589532223333,0.027612235128618278,1
247.07689809614183,0.15505335844318896,55.88376418378109,-0.03343776041803418,0.004091881389447694,0.026213970816802698,0.026531410804732793,1
248.0772094244663,0.15568110483364722,56.10931691640178,-0.040509756286766674,0.010403652402904359,0.024723978713216226,0.026823704194835332,1
249.07752075279078,0.15630885122410548,56.33128644299513,-0.04058769908279406,0.005181554067841654,0.02389632361836731,0.02445164176556874,1
250.07783208111522,0.15693659761456372,56.55804038265039,-0.03997775274872798,0.0038924994927720825,0.02462284319548229,0.02492861727674721,1
251.0781434094397,0.15756434400502198,56.78539417779322,-0.03847241685048987,0.005250439571806986,0.024724109774456764,0.025275456867019937,1
252.07845473776416,0.15819209039548024,57.014328037947955,-0.03850335933635307,0.007487581745806937,0.02451283012410856,0.02563089388011166,1
253.0787660660886,0.1588198367859385,57.24429026971543,-0.03385148175421904,0.008293356037741343,0.025744939314922312,0.027047766168350636,1
254.07907739441308,0.15944758317639676,57.47270554194974,-0.03099758698882482,0.00800834557457225,0.025914135611253823,0.027123348305845733,1
255.07938872273752,0.160075329566855,57.70221218098904,-0.02099036575473292,0.0016719074370054943,0.025879682594043756,0.025933631555306046,1
256.079700051062,0.16070307595731326,57.92887513674088,-0.02179786284857717,0.004835146090266965,0.026022700014731268,0.02646808557056816,1
257.08001137938646,0.16133082234777152,58.15248972789321,-0.023895359347411233,0.0032172591527355335,0.02618634234499574,0.026383238653834323,1
258.08032270771093,0.16195856873822978,58.378424898019105,-0.02372734302928355,0.004057746382847408,0.026149513547879727,0.026462470869105487,1
259.08063403603535,0.162586315128688,58.60138806721597,-0.025802084644415874,0.0004999426746562343,0.026039343051139887,0.026044141936583158,1
260.0809453643598,0.16321406151914628,58.825344116178925,-0.03325410418643315,0.01189605948686322,0.025782327801339287,0.02839444766447661,1
261.0812566926843,0.16384180790960454,59.04915095976404,-0.03526942981630441,0.021315939729509455,0.0248803748706839,0.03276281947967602,0
262.08156802100876,0.1644695543000628,59.27101670020853,-0.036422121163712164,0.007797029755962395,0.02472005801779503,0.025920550561639607,1
263.08187934933324,0.16509730069052106,59.49592353725038,-0.035283317770762324,0.004420850388643638,0.024776161795749492,0.0251674812305071,1
264.08219067765765,0.1657250470809793,59.719314905272014,-0.04254199733867949,0.020768974962471955,0.02422285188556157,0.03190763034858027,0
265.0825020059821,0.16635279347143755,59.94138378921163,-0.04624653778751053,0.01202089815914352,0.023332492179451974,0.02624704143054389,1
266.0828133343066,0.16698053986189582,60.166508052905925,-0.041220651284855116,0.005886187150567506,0.02272976528560195,0.02347955342654671,1
267.08312466263106,0.16760828625235408,60.39004552975343,-0.04924786068590379,0.02052405973683321,0.021935548622018755,0.030040061941181927,0
268.08343599095554,0.16823603264281234,60.61423031670617,-0.05156435619790756,0.009509194387135066,0.020772545303919702,0.022845643267277845,1
269.08374731928,0.1688637790332706,60.838924528443385,-0.05257328192905675,0.009033730852325691,0.020040419872799486,0.02198241847000365,1
270.0840586476044,0.1694915254237288,61.06269951134829,-0.054207041455420324,0.009913716522864376,0.02030092772972547,0.02259224296043336,1
271.0843699759289,0.17011927181418707,61.29018296089007,-0.05295343545352438,0.010492321733474055,0.019001203036589007,0.021705633651114893,1
272.08468130425337,0.17074701820464533,61.515092836983165,-0.05326142912563796,0.020570484116612043,0.01814877459141568,0.02743214967810222,0
273.08499263257784,0.1713747645951036,61.73869018798984,-0.05582459568142184,0.009819320807907768,0.016501660215561893,0.019202183495594157,1
274.0853039609023,0.17200251098556185,61.96491769013743,-0.05606822733423655,0.009395389577035167,0.015263865115152766,0.01792369726250247,1
275.0856152892267,0.17263025737602009,62.18899667115729,-0.05713186408681281,0.008969352522068296,0.014839182980098089,0.01733928015178155,1
276.0859266175512,0.17325800376647835,62.41511906485473,-0.05677127461466824,0.009807168205837938,0.014093595725542932,0.017170031703309125,1
277.08623794587567,0.1738857501569366,62.641347905929365,-0.05606725079043713,0.022107716626630688,0.01434001759521286,0.02635122841680094,0
278.08654927420014,0.17451349654739487,62.86658799686137,-0.05636348037752725,0.009983759052809144,0.014706471609752166,0.017775144219752338,1
279.0868606025246,0.17514124293785313,63.097533372870224,-0.05331788221252509,0.005865044221090775,0.01535028050634222,0.01643258516907003,1
280.0871719308491,0.1757689893283114,63.33258103605098,-0.0502191634410249,0.02802275935075919,0.015929526717137533,0.03223390859114917,1
281.0874832591735,0.17639673571876963,63.565328058062235,-0.03533567604731047,0.03931614976128911,0.015355252457076723,0.042208333419748695,0
282.08779458749797,0.1770244821092279,63.807682059279145,-0.009481475848171309,0.02835567157698182,0.01670438321304787,0.03291018883431102,1
283.08810591582244,0.17765222849968615,64.04842731405232,-0.004376333321403081,0.003951656630025966,0.01799417668843229,0.018422974374843717,1
284.0884172441469,0.1782799748901444,64.27700015184641,-0.001227349344858908,0.007651937717862607,0.01751073971159556,0.019109635163584316,1
285.0887285724714,0.17890772128060267,64.50798287303601,0.003177721681730361,0.007392782998914708,0.01789827729328388,0.019364957282068135,1
286.0890399007958,0.1795354676710609,64.73763269250719,0.007631330097531475,0.00822020332175008,0.019109165861931673,0.020802210521714416,1
287.08935122912027,0.18016321406151917,64.96694581241833,0.010698300563440455,0.00710278107153861,0.021433674432663908,0.022579900323864092,1
288.08966255744474,0.18079096045197743,65.1962221040428,0.015243720275343264,0.009521114187306527,0.022010385086364576,0.02398142337347368,1
289.0899738857692,0.1814187068424357,65.42252306102145,0.015361803116257988,0.02378481159682073,0.022000982922701265,0.032400007905265246,0
290.0902852140937,0.18204645323289395,65.6468963595755,0.013922917681503577,0.02259138269764338,0.023983260921266552,0.0329479495053779,0
291.0905965424181,0.18267419962335216,65.86719680350488,0.008411215917902837,0.0217913092554021,0.02684336069732858,0.03457495007359314,0
292.09090787074257,0.18330194601381042,66.0886028503137,0.004005056023072484,0.024523647350904714,0.029950948070814637,0.03871005773351637,0
293.09121919906704,0.18392969240426868,66.30931494317784,-0.0010949932084599822,0.021536503092583096,0.03308919862752574,0.039480577899375945,0
294.0915305273915,0.18455743879472694,66.52976766540492,-0.006454404325381802,0.02277498644678423,0.03489531167150644,0.04166992661743933,0
295.091841855716,0.1851851851851852,66.7537772929282,-0.013830481396540664,0.01794840458669491,0.03640198211365405,0.04058632194484344,1
296.0921531840404,0.18581293157564344,66.976051077166,-0.01179535809042136,0.022497764312885242,0.03587383588599318,0.04234479307132466,0
297.09246451236487,0.1864406779661017,67.20065580293868,-0.012742007762568619,0.011330351502268536,0.033790588456458895,0.03563959502293386,1
298.09277584068934,0.18706842435655996,67.42816647210381,-0.011306522390647444,0.010921865517260338,0.03049000374550692,0.032387149840301575,1
299.0930871690138,0.18769617074701822,67.65031165931894,-0.014971310548088469,0.023625211504513636,0.028011345571324463,0.03664404589219321,0
300.0933984973383,0.18832391713747648,67.87330972293437,-0.017785453480354364,0.023129637422462657,0.024925098893033168,0.034003539258760526,0
301.09370982566276,0.18895166352793474,68.09610097236587,-0.020806354074687762,0.022701014820514547,0.02315320714051489,0.03242540785823381,0
302.09402115398717,0.18957940991839298,68.31637872085548,-0.02634076929600724,0.02332711697266305,0.023251187149273267,0.03293587846265581,0
303.09433248231164,0.19020715630885124,68.53920025358146,-0.02933141087450508,0.023959121814982873,0.023708476382578562,0.03370654788803614,0
304.0946438106361,0.1908349026993095,68.76064345893856,-0.03370034704198588,0.022214251351190362,0.025291273965659982,0.03366187014858107,0
305.0949551389606,0.19146264908976776,68.98311450549384,-0.03714630984487144,0.012908879444505394,0.02566668649154977,0.028730088130186397,1
306.09526646728506,0.19209039548022602,69.2073287389667,-0.038639445019452975,0.023858255950537418,0.024297231906411244,0.034052486771384005,0
307.0955777956095,0.19271814187068426,69.4202342551334,-0.040136696515895035,0.025243114089139537,0.02248700422637168,0.03380651073379465,1
308.09588912393394,0.19334588826114252,69.6290004678957,-0.04151111660468132,0.02488821794998958,0.020739149455134092,0.03239653859363022,1
309.0962004522584,0.19397363465160078,69.84060659375604,-0.05044934893467712,0.020362556205991207,0.020541534812396192,0.02892383701535873,1
310.0965117805829,0.19460138104205904,70.01679246684384,-0.04829752014286441,0.009026684517940047,0.02406182816618788,0.02569927252055145,1
311.09682310890736,0.1952291274325173,70.13740132445012,-0.2376278771417617,0.13651293074368648,0.028693066468080307,0.13949577887367134,0
312.09713443723183,0.19585687382297556,70.3259687754183,-0.3433212357837192,0.03042813982927613,0.03089515718307069,0.043363376607877584,1
313.09744576555624,0.19648462021343377,70.53733479511897,-0.30765380262226927,0.05169316358410343,0.035814515491004645,0.06288769896560288,1
314.0977570938807,0.19711236660389203,70.7224655242181,-0.33821074379233096,0.019865264223606394,0.04032885143971742,0.04495603386777457,1
315.0980684222052,0.1977401129943503,70.9557821466503,-0.3224955085806016,0.042843028382479484,0.0410893271941327,0.059362091356760974,0
316.09837975052966,0.19836785938480855,71.19785414866254,-0.3062356920614775,0.041167446592314076,0.039810065058977336,0.057267791461964375,0
317.09869107885413,0.19899560577526682,71.4375925585744,-0.2908063553674225,0.016158681904081172,0.03615404440215837,0.039600731401206714,1
318.09900240717855,0.19962335216572505,71.68130149875718,-0.2845767019583231,0.011367677518027322,0.031056303981758817,0.033071409240630685,1
319.099313735503,0.2002510985561833,71.93304126361312,-0.2707495706484906,0.014712843187630198,0.02090805139648384,0.025565882888369144,1
320.0996250638275,0.20087884494664157,72.18890869319016,-0.2593631997829462,0.03656937862788617,0.018320011047176347,0.04090161681398868,1
321.09993639215196,0.20150659133709983,72.46622393346692,-0.1669263993297136,0.10632525940150055,0.016820637228095056,0.10764754815394337,0
322.10024772047643,0.2021343377275581,72.74851494507321,-0.0438730745813416,0.005618420823253745,0.01533025658445781,0.016327382505854495,1
323.10055904880085,0.20276208411801633,73.00107778079901,-0.04710706215864017,0.01019184832109906,0.016720440306212708,0.019581800127514128,1
324.1008703771253,0.2033898305084746,73.26319251914167,-0.04030524233517748,0.007737487276833813,0.01878200564456281,0.020313356330049312,1
325.1011817054498,0.20401757689893285,73.49741357131364,-0.03828434379013146,0.008424525333095834,0.02059092440836803,0.0222476694302819,1
326.10149303377426,0.2046453232893911,73.72607393938085,-0.03460386758167999,0.010184378453365903,0.023154223300089222,0.025295051316646472,1
327.10180436209873,0.20527306967984937,73.95682709935055,-0.02986895780802712,0.008271896806720804,0.025542225896142707,0.02684826959993178,1
328.10211569042315,0.2059008160703076,74.18396887792801,-0.028810522925454052,0.008934165950510293,0.025988918613628027,0.02748168866603795,1
329.1024270187476,0.20652856246076587,74.40994192194103,-0.0305156191364091,0.0008240768629061073,0.0254751665412637,0.025488491775330663,1
330.1027383470721,0.20715630885122413,74.63515359715404,-0.029267293612164735,0.009563824582886245,0.026638411188369432,0.02830320991147232,1
331.10304967539656,0.2077840552416824,74.85956123948615,-0.027372720300710234,0.00564576953165336,0.027268531780005635,0.027846858692529806,1
332.10336100372103,0.20841180163214065,75.08731136408291,-0.02660919459827125,0.004653496464410084,0.02736565914210676,0.02775850013286468,1
333.1036723320455,0.20903954802259891,75.31277563911175,-0.029598973035170673,0.008543180171608917,0.028055829890431386,0.02932772610151348,1
334.1039836603699,0.20966729441305712,75.53667846550962,-0.03072146960086286,0.010314183424133835,0.029037395601767397,0.030814813370199368,1
335.1042949886944,0.21029504080351538,75.76395233317363,-0.029431685765224813,0.010247703752844707,0.027993360756677042,0.02981012711578959,1
336.10460631701886,0.21092278719397364,75.98865306409732,-0.02583110746737955,0.01749533507205076,0.02680470754781318,0.03200904709620582,1
337.10491764534333,0.2115505335844319,76.21232616828996,-0.032560997792899116,0.011972326698892281,0.025298625660166614,0.027988516696642745,1
338.1052289736678,0.21217827997489017,76.43572254578669,-0.030006251589033656,0.0061923408154668695,0.02367940099455414,0.024475684183200855,1
339.1055403019922,0.2128060263653484,76.65740871969693,-0.0343260088952838,0.01768610471335476,0.02306439221506935,0.029064832498782802,1
340.1058516303167,0.21343377275580666,76.8818365223294,-0.0354389597282155,0.018323812234563926,0.02303334706379058,0.029432926659926036,1
341.10616295864116,0.21406151914626492,77.10457624675469,-0.04320352318914189,0.011570036329192509,0.02319301110106795,0.025918748129357936,1
342.10647428696564,0.21468926553672318,77.32605130601924,-0.04763106600441347,0.011593381907421924,0.023624507328720092,0.02631584789772291,1
343.1067856152901,0.21531701192718145,77.55023653892123,-0.04917073696085339,0.010040714762521882,0.02449299852552895,0.026471171672479633,1
344.1070969436146,0.2159447583176397,77.7729035107505,-0.04776343535568609,0.016290422905667533,0.025569920272283175,0.030318289878824227,1
345.107408271939,0.21657250470809794,77.9950510358769,-0.05106037617734829,0.018205758364326287,0.0259467530093144,0.03169674477523839,1
346.10771960026347,0.2172002510985562,78.21664610620557,-0.05212907036001724,0.01657225846887024,0.02560994819614821,0.03050424884124237,1
347.10803092858794,0.21782799748901446,78.43640256064675,-0.06218967206264855,0.017526525838395913,0.025362240229143712,0.030828920470959652,1
348.1083422569124,0.21845574387947272,78.65835013404549,-0.0657974995402305,0.018503431156283983,0.024919103223454645,0.031037697563068824,1
349.1086535852369,0.21908349026993099,78.88213407885046,-0.073757433375539,0.02668296492905761,0.024180347982710907,0.03600930221443217,0
350.1089649135613,0.21971123666038922,79.1058431272014,-0.07410720182808461,0.009929824464932612,0.02291533167355434,0.024974263544965184,1
351.10927624188577,0.22033898305084748,79.33488816126142,-0.07064957175922615,0.010189523517760651,0.022871185361321253,0.025038320817317463,1
352.10958757021024,0.22096672944130574,79.567565375189,-0.06252090468125004,0.011627101687575648,0.02372686418383837,0.02642259596730678,1
353.1098988985347,0.221594475831764,79.80118025622696,-0.05537333509286668,0.009970943922993983,0.024153645948153328,0.02613079285640285,1
354.1102102268592,0.22222222222222227,80.03094766125442,-0.05162922416220539,0.0077504771490290725,0.02492847929011705,0.02610553534703735,1
355.1105215551836,0.22284996861268047,80.25962170022298,-0.04895273115322851,0.009861795882973706,0.027124875024577843,0.028861979542928167,1
356.11083288350807,0.22347771500313873,80.49035457063817,-0.043587315628791146,0.007718682761072202,0.029081759856346062,0.030088649353340116,1
357.11114421183254,0.224105461393597,80.71834217010904,-0.041668266432346,0.008861855922345315,0.02979956768472704,0.03108933457932213,1
358.111455540157,0.22473320778405526,80.94134838577594,-0.03935190168122441,0.015201567737246804,0.03021969639520694,0.03382776539898233,1
359.1117668684815,0.22536095417451352,81.1668235465837,-0.04039249787883313,0.016097514311877285,0.031112891191654057,0.03503058614018325,1
360.1120781968059,0.22598870056497175,81.39065956553809,-0.04307287170704891,0.014884958294161277,0.03033161380445249,0.03378710966332239,1
361.11238952513037,0.22661644695543,81.61222542157476,-0.047270742205032294,0.01676350166249589,0.028761758361575553,0.03329044505617436,1
362.11270085345484,0.22724419334588827,81.83191881239975,-0.05294459788603313,0.01396954622535934,0.028273744130156344,0.03153653165584322,1
363.1130121817793,0.22787193973634653,82.05794466253971,-0.052293724715834995,0.018290409600959054,0.02749496052952499,0.033022900204115815,1
364.1133235101038,0.2284996861268048,82.28709494227375,-0.05410015607810692,0.006484084268379044,0.026600627086230223,0.027379494337553524,1
365.11363483842825,0.22912743251726306,82.51072281289312,-0.05072732042958705,0.01898011983617443,0.02667160403845745,0.032735598527899284,1
366.11394616675267,0.2297551789077213,82.73551429908078,-0.04985693111543318,0.01729199934480711,0.026148634264896616,0.03134907199998326,1
367.11425749507714,0.23038292529817955,82.96732587811042,-0.049842104941987486,0.008230004831161928,0.02438354962992024,0.025735004800382922,1
368.1145688234016,0.23101067168863781,83.19312589347221,-0.050464182913955824,0.008199313114716727,0.02423601842709299,0.025585412342808873,1
369.1148801517261,0.23163841807909608,83.41996105674079,-0.04924918650347365,0.0080463398574077,0.026173982387467567,0.027382858490675697,1
370.11519148005056,0.23226616446955434,83.64777541911486,-0.04731628946805699,0.007223792073973034,0.028692739804887776,0.029588113989218495,1
371.11550280837497,0.23289391086001257,83.87557984671722,-0.03997932881937535,0.015266619426637994,0.03220900357359939,0.03564392767249337,1
372.11581413669944,0.23352165725047083,84.10631029374217,-0.03966274673813075,0.006660257141606192,0.034642803336053914,0.03527722846501443,1
373.1161254650239,0.2341494036409291,84.33280013103737,-0.03924574388483393,0.006945206833405042,0.03390493221937104,0.0346089630985807,1
374.1164367933484,0.23477715003138735,84.55730548487567,-0.03696822375896147,0.0010567415987314934,0.03353186163442593,0.03354850887113726,1
375.11674812167286,0.23540489642184562,84.78426322102281,-0.039236697242905905,0.006236460331570977,0.03391699115706531,0.03448558723025758,1
376.1170594499973,0.23603264281230388,85.00949748991025,-0.03962524063782524,0.00777363574629304,0.0336293893680946,0.034516159143029794,1
377.11737077832174,0.23666038920276208,85.23461139400493,-0.03822943452489978,0.004224279540188991,0.033261351533720236,0.03352852581733013,1
378.1176821066462,0.23728813559322035,85.45849667829238,-0.04243937441281531,0.007378727070153177,0.03383526390764212,0.03463048796762184,1
379.1179934349707,0.2379158819836786,85.68166549940229,-0.045063495865115044,0.0072743243414888255,0.03422959729015185,0.034994015563680994,1
380.11830476329516,0.23854362837413687,85.90791702973993,-0.04494317309059426,0.0056843916170418,0.03401927895162384,0.03449092124667435,1
381.11861609161963,0.23917137476459513,86.13108929803376,-0.043842110687465824,0.013736634051411838,0.032957546913392526,0.035705672008952256,1
382.11892741994404,0.23979912115505336,86.35275087814173,-0.04467458962034243,0.009598983737180662,0.031765342707850364,0.03318399442704029,1
383.1192387482685,0.24042686754551162,86.57573917730605,-0.05105567590439048,0.013866801368711228,0.030379446973630677,0.03339459505103977,1
384.119550076593,0.24105461393596989,86.79905038538698,-0.06026719312197315,0.026247106140471762,0.028900991279923207,0.03904072076321578,0
385.11986140491746,0.24168236032642815,87.02557602209941,-0.05935611485115747,0.006434558056243787,0.026669599428994006,0.027434851395299543,1
386.12017273324193,0.2423101067168864,87.25427097539021,-0.04764542519884824,0.01992820863584726,0.026515706281306985,0.033169506764955066,1
387.12048406156634,0.24293785310734464,87.48549463937233,-0.04107144446768669,0.016361275483812283,0.02778252891382044,0.03224221221170262,1
388.1207953898908,0.2435655994978029,87.71992727777211,-0.03798943025422119,0.007382397644439216,0.028286975921961603,0.029234445467466237,1
389.1211067182153,0.24419334588826117,87.94985245704936,-0.03431147066803675,0.009137980232820348,0.028289803146160312,0.02972903706452527,1
390.12141804653976,0.24482109227871943,88.18034177369057,-0.03372768660243862,0.0067428463152215045,0.029741393161588255,0.030496170966579802,1
391.12172937486423,0.2454488386691777,88.41309412561158,-0.022885526980154225,0.011844636354552684,0.03136597159511091,0.033527892633997976,1
392.12204070318865,0.24607658505963592,88.64201190981566,-0.014842635999248918,0.01796934128082849,0.03286990968464576,0.037461022259725585,1
393.1223520315131,0.24670433145009418,88.87273238677318,-0.009162390666890334,0.01489595053149267,0.03714936002152815,0.040024546121671264,1
394.1226633598376,0.24733207784055244,89.10138465114206,-0.008109373934581122,0.011231790905099365,0.04249827811843154,0.04395744271414603,1
395.12297468816206,0.2479598242310107,89.3256653303368,-0.010167621773234714,0.004182286894829189,0.04517520633016612,0.04536838977353881,1
396.12328601648653,0.24858757062146897,89.55055995331482,-0.010722265918635307,0.00045074787795418097,0.04738385767155732,0.04738600153513568,1
397.123597344811,0.24921531701192723,89.77048976486203,-0.017730768233642873,0.011262338539710462,0.05012835531877195,0.051377935695667065,1
398.1239086731354,0.24984306340238543,89.99091075030377,-0.022553716773232837,0.012650592239895392,0.05086803972488777,0.05241750613557327,1
399.1242200014599,0.2504708097928437,90.21363083422867,-0.030750927631459035,0.002181200884587621,0.049925870099778946,0.049973494399720805,1
400.12453132978436,0.25109855618330196,90.43576342669323,-0.02970288681919126,0.01165101944873236,0.04740849420929627,0.048819172231692104,1
401.12484265810883,0.2517263025737602,90.65841017370846,-0.03135086088363031,0.006978482329219051,0.04607397931446663,0.046599471944316295,1
402.1251539864333,0.2523540489642185,90.88441573945806,-0.03159617298054071,0.0138301507022425,0.043534452647046196,0.04567845920917918,1
403.1254653147577,0.25298179535467674,91.10973766413187,-0.03161238314407279,0.012183181833976663,0.039375543072904674,0.04121726958309964,1
404.1257766430822,0.253609541745135,91.3391253465658,-0.025959102234492094,0.0013619446827422737,0.037393096055909,0.03741789045316808,1
405.12608797140666,0.25423728813559326,91.56709534404463,-0.02666474820628966,0.01052632914666237,0.03760887151273266,0.03905420363757412,1
406.12639929973113,0.2548650345260515,91.7920638419954,-0.028553772346845106,0.0018000452134416078,0.04003942201167226,0.040079863744768636,1
407.1267106280556,0.2554927809165098,92.01913140195002,-0.02878039994737236,0.008513864652975999,0.040459856933106074,0.04134592984051279,1
408.1270219563801,0.25612052730696805,92.24578666619794,-0.02441471391381987,0.011486709128890245,0.04071964380145563,0.042308791969626766,1
409.1273332847045,0.25674827369742625,92.47369653040279,-0.024798031334881898,0.006111998254809389,0.04181946665020025,0.04226374703660341,1
410.12764461302896,0.2573760200878845,92.6996916897243,-0.022743978283510085,0.009349111292698598,0.04247119186936665,0.0434880215779911,1
411.12795594135343,0.2580037664783428,92.92310815944269,-0.023495215656756347,0.0017805013410554036,0.04294231947253325,0.04297921575257753,1
412.1282672696779,0.25863151286880104,93.14881494687086,-0.025475665664123424,0.0011007126795485255,0.04366484363691513,0.04367871493346807,1
413.1285785980024,0.2592592592592593,93.37184247014491,-0.028697703113272785,0.008539730704260949,0.04491542858978766,0.045720047308654574,1
414.1288899263268,0.2598870056497175,93.59382575408473,-0.031579442825805666,0.003803080587117694,0.0460205125713983,0.04617738623272587,1
415.12920125465126,0.26051475204017577,93.81613177540166,-0.035899991335169384,0.010344521218327497,0.04615715627727121,0.04730213731789363,1
416.12951258297574,0.26114249843063403,94.03636453328625,-0.042069126676772664,0.01059484736294062,0.04509369465871319,0.04632161578159022,1
417.1298239113002,0.2617702448210923,94.25669206978581,-0.04478334377191828,0.008196488972572082,0.04359398224502915,0.044357837181916486,1
418.1301352396247,0.26239799121155055,94.47719361345891,-0.05306879657549896,0.01093534017794944,0.04175312091946145,0.04316138055394712,1
419.1304465679491,0.2630257376020088,94.70049118352502,-0.05484545897675414,0.014758202024931789,0.038918464005984046,0.0416227265756795,1
420.13075789627356,0.2636534839924671,94.92693916123369,-0.05953480232334414,0.002490733034448431,0.03549166321566142,0.03557895317266693,1
421.13106922459804,0.26428123038292534,95.15770874992884,-0.047068051721958507,0.0135559643079273,0.03411638404762772,0.03671092247278766,1
422.1313805529225,0.2649089767733836,95.38825708694898,-0.044118922315668385,0.010263449551431342,0.032422469198725726,0.034008159397960584,1
423.131691881247,0.26553672316384186,95.61926498090475,-0.04217293019322597,0.0007194817383154158,0.030232113561509493,0.03024067367582567,1
424.1320032095714,0.26616446955430006,95.84775309852883,-0.03494690536474031,0.012977625849673376,0.029291427087137188,0.032037579082932977,1
425.13231453789587,0.2667922159447583,96.07981436505352,-0.034957469415733806,0.005520043968888148,0.0294852434709711,0.029997507695822035,1
426.13262586622034,0.2674199623352166,96.31032423961504,-0.0287127218263322,0.001941677971829816,0.029466125390590053,0.029530029781228886,1
427.1329371945448,0.26804770872567485,96.5367488910135,-0.023251818887318778,0.01534055555337592,0.029894777333983047,0.03360104695593039,1
428.1332485228693,0.2686754551161331,96.76605574999203,-0.019172521529172728,0.011711135206398332,0.032243977842440576,0.034304880045357124,1
429.13355985119375,0.26930320150659137,96.99600689107608,-0.012525698895293166,0.00023156489739750813,0.03473919245295188,0.03473996422831975,1
430.13387117951817,0.2699309478970496,97.22134745089365,-0.016564379928449096,0.009680417220398262,0.03677767282523487,0.038030352299196525,1
431.13418250784264,0.27055869428750784,97.4469743877977,-0.0169148886776169,0.00876712539627561,0.03889567338368057,0.0398714922680852,1
432.1344938361671,0.2711864406779661,97.67242037560814,-0.01577498656303078,0.004212457844437019,0.0406894255280991,0.0409068961288666,1
433.1348051644916,0.27181418706842436,97.8991116571866,-0.016065903625171057,0.00913648374463042,0.04157190140161912,0.04256404963536526,1
434.13511649281605,0.2724419334588826,98.12318277377618,-0.018423646904081024,0.007911125980120975,0.04151590802041308,0.042262945153322476,1
435.13542782114047,0.2730696798493409,98.34431897986946,-0.02319774139378852,0.00906768477223661,0.04017297234514545,0.04118362070256175,1
436.13573914946494,0.27369742623979915,98.5665572590333,-0.024378634668117627,0.006279216380930741,0.03961487166168926,0.04010943299438001,1
437.1360504777894,0.2743251726302574,98.78751636909085,-0.030240403241755587,0.007569362925012854,0.03901078857956194,0.03973835528415638,1
438.1363618061139,0.27495291902071567,99.00783480037325,-0.038004838053300065,0.010212544164610036,0.03750112783484811,0.03886683222491551,1
439.13667313443835,0.27558066541117393,99.23042007597678,-0.04075327787768401,0.009341780777401608,0.035727034283383634,0.036928171451875325,1
440.1369844627628,0.2762084118016322,99.45489836973896,-0.04129849378649118,0.010937898077862936,0.03509530277930351,0.03676027599913671,1
441.13729579108724,0.2768361581920904,99.68669487330708,-0.04015736530093201,0.006055775115208816,0.0340569402799061,0.034591149062658685,1
442.1376071194117,0.27746390458254866,99.91732271390978,-0.04076727189781574,0.007454454069828201,0.03580456191615052,0.03657233297845018,1
443.1379184477362,0.2780916509730069,100.14979491892619,-0.021479808023394123,0.020299879831831184,0.036736195978647225,0.04197181454462462,1
444.13822977606065,0.2787193973634652,100.38349316608482,-0.014017313768615876,0.017044146792432303,0.037576839414837485,0.041261626243889904,1
445.1385411043851,0.27934714375392344,100.61398362628407,-0.009700697769820485,0.013542525762270318,0.04007677677119293,0.04230305001285113,1
446.13885243270954,0.2799748901443817,100.84558479629388,-0.00437285245727834,0.010140084120608144,0.04356700237783238,0.04473147663740894,1
447.139163761034,0.28060263653483997,101.07295074938895,-0.0038467878800550657,0.007139356356226106,0.04495323975765602,0.04551663623215683,1
448.1394750893585,0.28123038292529823,101.29686485434866,-0.006037790157310812,0.008666401755044954,0.04642096823610492,0.047223011460063705,1
449.13978641768296,0.2818581293157565,101.52243254586116,-0.006255783704735525,0.0017149057256462465,0.04678477747733021,0.04681619703960541,1
450.1400977460074,0.28248587570621475,101.74439931309189,-0.005766435512981616,0.0023287211753465734,0.046641881945851255,0.046699979590608315,1
451.14040907433184,0.28311362209667296,101.9609516693012,-0.02012043270195818,0.012521649154493731,0.04552122321846251,0.047212005473749194,1
452.1407204026563,0.2837413684871312,102.18157804621269,-0.022047244140765088,0.01013606925097755,0.04365355014759749,0.04481486740301059,1
453.1410317309808,0.2843691148775895,102.40443330056043,-0.02640469784176247,0.007255388347160092,0.04205194629016478,0.04267325681101701,1
454.14134305930526,0.28499686126804774,102.62600705767555,-0.03255799501058871,0.010325092878753345,0.03949256088287957,0.040819969476260425,1
455.1416543876297,0.285624607658506,102.8480383662883,-0.03450232348622725,0.011565962518366005,0.036734802852285926,0.03851255937447629,1
456.14196571595414,0.2862523540489642,103.07720688404444,-0.030582922901670726,0.01297704791151697,0.036369753656557965,0.03861557656615421,1
457.1422770442786,0.28688010043942247,103.30975708482906,-0.023502098470468507,0.012694220608345732,0.03655671053663686,0.038698014446645786,1
458.1425883726031,0.28750784682988073,103.54023445315136,-0.019556099903215655,0.011103423160857752,0.035875499015697795,0.0375544595955581,1
459.14289970092756,0.288135593220339,103.77027112960543,-0.01488380634261451,0.01498998251949939,0.0363552809907611,0.03932436943998076,1
460.14321102925203,0.28876333961079725,104.00320489941099,-0.007066683685625069,0.01609765878369781,0.03748559899021619,0.040795891336893965,1
461.1435223575765,0.2893910860012555,104.2353486154907,-0.0014441254366109508,0.01407870997327657,0.03752650957746682,0.040080531378455374,1
462.1438336859009,0.2900188323917138,104.46510228807662,0.0030636591365325533,0.011824000272987597,0.03868542367234132,0.040452057885405,1
463.1441450142254,0.29064657878217204,104.68938698250005,0.00036689649632156335,0.007843337318077296,0.040749718522652176,0.041497680657604535,1
464.14445634254986,0.2912743251726303,104.91380008871178,8.988116423817398e-05,0.0018479454221743093,0.040992550882436446,0.041034182459657655,1
465.14476767087433,0.29190207156308856,105.13742251091116,-0.004907085935586666,0.007028960584911539,0.04132705137263993,0.04192053747342775,1
466.1450789991988,0.2925298179535468,105.35800642136778,-0.007186179179516979,0.0034563393669893227,0.04156432131687889,0.04170778210780997,1
467.1453903275232,0.29315756434400503,105.58010526997693,-0.012545231588212068,0.008349822110470317,0.040161529501350574,0.04102033619028922,1
468.1457016558477,0.2937853107344633,105.80744074311764,-0.011038163831724686,0.006037568967614122,0.038979914989668935,0.0394447209603581,1
469.14601298417216,0.29441305712492155,106.03212887082347,-0.012888363674291112,0.0073746815181752945,0.03838103981991578,0.039083118416427275,1
470.14632431249663,0.2950408035153798,106.2576193505519,-0.011972632280945718,0.00773767151944232,0.03654564800064851,0.03735580207049627,1
471.1466356408211,0.2956685499058381,106.48033979334457,-0.01606832567244333,0.0066965806766739406,0.035440552450704293,0.03606767182353645,1
472.1469469691456,0.29629629629629634,106.70297557284428,-0.017644492116176025,0.0018904779764084975,0.034553109886287854,0.034604787382574234,1
473.14725829747,0.29692404268675454,106.92670373399358,-0.021819324066661414,0.006461689797816888,0.03325886190241889,0.03388075161632902,1
474.14756962579446,0.2975517890772128,107.1482171208631,-0.026615545066205313,0.006412835995215001,0.031881677980510614,0.03252023764295858,1
475.14788095411893,0.29817953546767106,107.37205936516202,-0.029510394211456514,0.005847778226312312,0.030505376787197204,0.03106081974309439,1
476.1481922824434,0.2988072818581293,107.60052001875161,-0.024008452316694375,0.010424973574161693,0.028744650053012414,0.03057670650498703,1
477.1485036107679,0.2994350282485876,107.82631291575902,-0.02423075497875339,0.012343245063693867,0.03043787574087335,0.03284539508544918,1
478.1488149390923,0.30006277463904585,108.05799587479505,-0.016718755490993924,0.013737847848316121,0.03220206289097012,0.035010017394132766,1
479.14912626741676,0.3006905210295041,108.28857847755661,-0.013005068341878237,0.007559992733351934,0.035410770752252005,0.0362087858868104,1
480.14943759574123,0.30131826741996237,108.51504320610385,-0.012602672953114001,0.009380631579626902,0.0369731406208058,0.038144585149121404,1
481.1497489240657,0.30194601381042063,108.74473727622726,-0.008210024893723281,0.008966462897612848,0.03941324029217027,0.04042030389819727,1
482.1500602523902,0.3025737602008789,108.97069726730011,-0.008863598905571103,0.007346609324610624,0.04089406976452381,0.04154873777233427,1
483.1503715807146,0.3032015065913371,109.19525129311148,-0.009713010533106272,0.008762619150306704,0.04202924709478172,0.04293298389033238,1
484.15068290903906,0.30382925298179536,109.42084885674149,-0.009273447340003063,0.0014054590208444698,0.04306081468707392,0.04308374492281044,1
485.15099423736353,0.3044569993722536,109.64306942162361,-0.0133456309305231,0.004539165333588819,0.04289893050756516,0.043138408183642556,1
486.151305565688,0.3050847457627119,109.86239597296574,-0.017088113340469134,0.001756570521014103,0.040802977590251206,0.040840770318712624,1
487.1516168940125,0.30571249215317015,110.08108924199394,-0.029023847109202607,0.009511162751199972,0.038264591704365095,0.03942893855002414,1
488.1519282223369,0.3063402385436284,110.301754711761,-0.03423944073155857,0.008604417587676834,0.035690290275004116,0.03671284273843658,1
489.15223955066136,0.30696798493408667,110.52841840417716,-0.03270912739410884,0.007731169340269136,0.03229313166384984,0.03320568222498461,1
490.15255087898583,0.30759573132454493,110.75157099619406,-0.0339973682672318,0.011148255360348962,0.028872797913839742,0.030950315942700455,1
491.1528622073103,0.3082234777150032,110.97987268258478,-0.030438770520990803,0.014020794087049263,0.0273705368066166,0.030752706416082954,1
492.1531735356348,0.30885122410546145,111.21172688013077,-0.024481435878050836,0.012013274886020855,0.02676173393659833,0.029334436704671493,1
493.15348486395925,0.3094789704959197,111.44152259095155,-0.021016710404050325,0.011417082887939732,0.025505720582811534,0.02794443708716535,1
494.15379619228366,0.3101067168863779,111.67129709984638,-0.016315731749165882,0.010512232504317508,0.025336410611208632,0.027430653198285214,1
495.15410752060814,0.3107344632768362,111.90182999889308,-0.015204796785425856,0.007452476349231866,0.025714170045527954,0.026772335439146647,1
496.1544188489326,0.31136220966729444,112.13380200934245,-0.005838918720302091,0.014586858942570164,0.02646967719294662,0.030222843421975332,1
497.1547301772571,0.3119899560577527,112.36436822332018,-0.0004463060425400221,0.016335999818692395,0.027579729527200645,0.03205474022465104,1
498.15504150558155,0.31261770244821097,112.59306711319073,0.002752058350608877,0.011436574435471494,0.029488840116104215,0.03162889385057969,1
499.15535283390597,0.31324544883866917,112.82264432716366,0.005544845979203374,0.0070848798150560345,0.031125514442425267,0.031921672438946745,1
500.15566416223044,0.31387319522912743,113.04869455440543,0.004839297988477635,0.003963067579238538,0.03187723852506572,0.03212264373649133,1
501.1559754905549,0.3145009416195857,113.27272766080704,0.002404818724237935,0.0066037481940385105,0.032613642161506404,0.0332755036813728,1
502.1562868188794,0.31512868801004396,113.49887146206497,0.0035564033996327757,0.006663680038335797,0.0327925980121897,0.033462801975363374,1
503.15659814720385,0.3157564344005022,113.72358765915598,0.0021884471396763023,0.006181843127194004,0.032970479147784476,0.033545009758289335,1
504.1569094755283,0.3163841807909605,113.94861093791233,0.00170470374561344,0.009406085641536107,0.03479945290782148,0.03604825057862859,1
505.15722080385274,0.31701192718141874,114.17672312906737,0.0045135603426666015,0.006491138714754644,0.03659264905649231,0.03716391861450827,1
506.1575321321772,0.317639673571877,114.40248889736289,0.0036336774390659026,0.005907098369848763,0.03955501978417023,0.03999366701463081,1
507.1578434605017,0.31826741996233526,114.62632122608653,0.002310811045024113,0.007102100567676701,0.03986003072033879,0.04048779916838832,1
508.15815478882615,0.3188951663527935,114.85204676454136,0.0017241059130949704,0.0051175486251451244,0.04013574451855231,0.040460688229307554,1
509.1584661171506,0.3195229127432518,115.07401805242648,-0.003175252860336918,0.00660442170075007,0.03857268053377658,0.03913400145093937,1
510.15877744547504,0.32015065913371,115.29581328035573,-0.006229635844369518,0.008768188769130625,0.03587216084748676,0.0369282149332874,1
511.1590887737995,0.32077840552416825,115.5192462627114,-0.009176242612688333,0.006803762500719091,0.03459980442626092,0.03526241129732475,1
512.159400102124,0.3214061519146265,115.7410526607389,-0.01360071102740474,0.0073964786810992176,0.03436221799985961,0.03514925209374776,1
513.1597114304484,0.3220338983050847,115.9672985755782,-0.012045657400114528,0.009907573664881103,0.033584548480123565,0.0350154524822801,1
514.1600227587729,0.32266164469554304,116.19581609738682,-0.008598995346978376,0.011945326857214361,0.03601798829261844,0.037947151597621735,1
515.1603340870973,0.32328939108600124,116.42638084796384,-0.0025685937486185947,0.013715032275103806,0.03814560739335243,0.04053627355486593,1
516.1606454154219,0.32391713747645956,116.65604869133263,0.0010218043843982134,0.011992329734889203,0.03971783154377487,0.041488819156611165,1
517.1609567437463,0.32454488386691777,116.88296052949275,0.0015281992436939618,0.010231358352541197,0.0418981201334425,0.04312926111649137,1
518.1612680720707,0.325172630257376,117.11355052222441,0.006227929886651711,0.00587801301485841,0.04297876570067546,0.043378858193322725,1
519.1615794003952,0.3258003766478343,117.33938806829572,0.005259717275344479,0.0037952395368306413,0.043634833045105306,0.04379957189306919,1
520.1618907287196,0.32642812303829255,117.56120253319163,0.0008364585039102065,0.005172625754775934,0.04364930639938901,0.04395472678048077,1
521.1622020570442,0.3270558694287508,117.7805076675393,0.0005375277508126904,0.0016433676378305982,0.04117539446361177,0.04120817596578499,1
522.1625133853686,0.3276836158192091,117.99952285521518,-0.01387509051976268,0.012254206312674536,0.03796651625827796,0.03989513666029579,1
523.162824713693,0.3283113622096673,118.22167881118658,-0.017049007745116442,0.009190891631820903,0.03514071238445236,0.036322749839111566,1
524.1631360420175,0.3289391086001256,118.44558357407146,-0.01879131249223873,0.008726554226726631,0.03121570378556865,0.03241254250287017,1
525.1634473703419,0.3295668549905838,118.67053385636193,-0.012208993553076652,0.0015993922254914869,0.029451151056243196,0.02949454786954052,1
526.1637586986665,0.3301946013810421,118.90159573359315,-0.01084928504687039,0.011034201668150983,0.02921528255204085,0.031229574781751486,1
527.1640700269909,0.3308223477715003,119.13256069606932,-0.0064744756887636055,0.008716187582800364,0.028851201166900414,0.030139073223168607,1
528.1643813553153,0.3314500941619586,119.36192146141342,-0.0030503651466536517,0.011042043583342213,0.029586632457683837,0.031579986489587035,1
529.1646926836398,0.33207784055241685,119.59387124534848,0.0034471876697542334,0.010874467350918496,0.03067174099187236,0.03254242977466028,1
530.1650040119642,0.3327055869428751,119.82554017721966,0.008950779490065643,0.011397868265575364,0.03388305953642082,0.03574874997182486,1
531.1653153402888,0.33333333333333337,120.0540907804479,0.018450806599939067,0.002041597544173864,0.035303285885367866,0.03536226965052428,1
532.1656266686132,0.33396107972379163,120.28050174307133,0.008448318250022643,0.001958267014739727,0.03855999200941899,0.038609685228805916,1
533.1659379969377,0.3345888261142499,120.50300714364353,0.007526311553666194,0.01034271294115504,0.0394216306229076,0.04075581764548593,1
534.1662493252621,0.33521657250470815,120.72613476523688,0.0042251548146307666,0.007797994221991585,0.039456766604602615,0.04021995953225585,1
535.1665606535865,0.33584431889516636,120.94581388458049,-0.0030535828145540713,0.007459012206497409,0.038464775813570225,0.0391813200579676,1
536.1668719819111,0.3364720652856247,121.16586333529543,-0.007899349009733214,0.006451805379676681,0.036767898481887246,0.037329668514890293,1
537.1671833102355,0.3370998116760829,121.39215193495546,-0.008791088034238706,0.0012676199931700631,0.03533617638411918,0.03535890583568256,1
538.16749463856,0.3377275580665412,121.61750743959423,-0.007168347499127019,0.004893763635117446,0.03443679099504776,0.034782775860373774,1
539.1678059668844,0.3383553044569994,121.84149535433083,-0.007992504251837495,0.006862849972580624,0.03357771027554181,0.03427187384860034,1
540.1681172952088,0.3389830508474576,122.06847755136566,-0.006352749635172788,0.005375723096039414,0.03208982264739758,0.03253698075032043,1
541.1684286235334,0.33961079723791593,122.2953084014748,-0.006643836006503534,0.005660756892796784,0.031941138360244065,0.0324388731053901,1
542.1687399518578,0.34023854362837413,122.52333224377927,-0.006888990334760235,0.0021312804025149347,0.03494436990615952,0.03500930368191649,1
543.1690512801823,0.34086629001883245,122.75065037523056,-0.0021290128940260424,0.007676095356412212,0.03735185386425347,0.03813244585674095,1
544.1693626085067,0.34149403640929066,122.9762664776538,-0.002076695535511893,0.012045021356348697,0.03769436482319729,0.039572056793894216,1
545.1696739368311,0.3421217827997489,123.20253041648748,0.0009585687933224563,0.003585807165667104,0.036989550548381996,0.037162950135863224,1
546.1699852651557,0.3427495291902072,123.43142686663761,0.0005954541277585829,0.0044834273987188695,0.03780449654141118,0.03806942447672611,1
547.1702965934801,0.34337727558066544,123.65801822894393,0.002055258189891952,0.005948721406558425,0.03500157088737698,0.0355034822370556,1
548.1706079218046,0.3440050219711237,123.8847690895117,0.0030886025415005256,0.007993966257306001,0.03399775599335835,0.034924932485358946,1
549.170919250129,0.34463276836158196,124.11400924037748,0.006816011235634455,0.011272770611846923,0.03483209182159996,0.03661079045767368,1
550.1712305784534,0.34526051475204017,124.34594760700311,0.014108855122553146,0.011617527473349036,0.03655385261874335,0.03835558741391963,1
551.171541906778,0.3458882611424985,124.57299733114976,0.014535434634107483,0.011606840233863977,0.038261878225786305,0.039983622466946936,1
552.1718532351024,0.3465160075329567,124.79803326737402,0.013691878158113013,0.009128383253433792,0.03948101419492975,0.04052255992261366,1
553.1721645634269,0.347143753923415,125.02582630402051,0.014814608413941086,0.0023269546094612423,0.04147152634247363,0.0415367573954561,1
554.1724758917513,0.3477715003138732,125.2483476545142,0.010047055138689606,0.005904201632363578,0.04150086242513567,0.04191874495909488,1
555.1727872200757,0.3483992467043314,125.46982080539202,0.006768091162168983,0.005394594925881845,0.04214024853474514,0.04248414058192116,1
556.1730985484003,0.34902699309478974,125.688096973582,0.0036649114619048567,0.005482305502474009,0.041680691967004496,0.042039692630545834,1
557.1734098767247,0.34965473948524795,125.90725416626236,-0.008980058788741493,0.010435281850723977,0.04024443218032357,0.041575346406502886,1
558.1737212050492,0.35028248587570626,126.13183638346665,-0.009010439261790756,0.0077972497055057224,0.04017144704493252,0.04092117130109825,1
559.1740325333736,0.35091023226616447,126.35540892774792,-0.011677087790404685,0.0072915191559209,0.03755178847191402,0.038253144564081736,1
560.1743438616982,0.3515379786566228,126.57990058728029,-0.008809452048851085,0.008336074586156116,0.03741483806875335,0.03833223509289529,1
561.1746551900226,0.352165725047081,126.8100867654881,-0.0054682723427327395,0.00867321372229252,0.03649964510539684,0.03751597964991029,1
562.174966518347,0.35279347143753925,127.03940566356866,-0.0029416895626342113,0.00855478218164694,0.03467058429627052,0.035710414638032754,1
563.1752778466715,0.3534212178279975,127.27026204559482,0.0028732674000416913,0.008722689804734883,0.033337496724215876,0.03445974470692913,1
564.1755891749959,0.3540489642184558,127.49963264273357,0.006084258529035146,0.00819628410875376,0.03232434561709812,0.03334729963227937,1
565.1759005033205,0.35467671060891404,127.7290104461897,0.00911388529167804,0.01125772834233276,0.031385433846833205,0.033343393726249664,1
566.1762118316449,0.3553044569993723,127.96065567889784,0.016063174475366142,0.00969747289159712,0.031161836838095768,0.03263588600922861,1
567.1765231599693,0.3559322033898305,128.1892628667883,0.018133251011426585,0.00820069621398286,0.03156644120670589,0.03261428565598904,1
568.1768344882938,0.3565599497802888,128.41479401520525,0.017877606731689057,0.00748610217930316,0.03321722386779344,0.03405034048760854,1
569.1771458166182,0.357187696170747,128.64175407413407,0.0163969537244526,0.0028013370202549853,0.03469645682548092,0.03480936088674299,1
570.1774571449428,0.35781544256120534,128.86343476366505,0.011228110265824398,0.000793365112808379,0.035777998794799815,0.035786794016269725,1
571.1777684732672,0.35844318895166355,129.0855084815295,0.009640590914759488,0.005515191865977743,0.036224610878568535,0.0366420492688694,1
572.1780798015916,0.3590709353421218,129.30551124179806,0.003194304151204758,0.008826682367069147,0.035996496914733354,0.037062894001164255,1
573.1783911299161,0.3596986817325801,129.52653853385314,-0.0021664785405227528,0.0077352625889657465,0.03596297724507756,0.03678545935081169,1
574.1787024582405,0.36032642812303833,129.74802472330813,-0.0060269885256869,0.006366202195265761,0.03490296853349642,0.03547880695346516,1
575.1790137865651,0.3609541745134966,129.96953569335608,-0.009154666544830548,0.003922630519302401,0.03455734464230789,0.03477926248381654,1
576.1793251148895,0.36158192090395486,130.1927283927301,-0.012083918314184908,0.005611268463106558,0.0347272411515779,0.03517765784933528,1
577.1796364432139,0.36220966729441306,130.41912070041104,-0.011101349960477415,0.0055382585886652866,0.03414475357673767,0.034590988783367624,1
578.1799477715384,0.3628374136848714,130.64383896937792,-0.012543343649377271,0.006692347176647975,0.034302357751039576,0.03494909523883405,1
579.1802590998628,0.3634651600753296,130.86827659354051,-0.013247999484797724,0.00647126460884764,0.034184190368399175,0.0347913227224933,1
580.1805704281874,0.3640929064657879,131.09307609145088,-0.015203155876684428,0.0066314150432295145,0.034141789470102844,0.03477984263472732,1
581.1808817565118,0.3647206528562461,131.31617724927128,-0.018618580411005798,0.005628798113684362,0.034681113824391215,0.035134925989746955,1
582.1811930848362,0.3653483992467043,131.54099037301242,-0.019270722253003844,0.004398102937759456,0.03432126664201905,0.03460191690302285,1
583.1815044131607,0.36597614563716263,131.76334753197693,-0.022503414979572273,0.005759484626375067,0.035445564918644194,0.03591044048133176,1
584.1818157414851,0.36660389202762084,131.99055361840266,-0.02052630632724433,0.009704079245814078,0.036270171143479225,0.03754589816193392,1
585.1821270698097,0.36723163841807915,132.2277478370657,-0.02379147445153649,0.0038662460704556737,0.03972318822481111,0.03991089502154876,1
586.1824383981341,0.36785938480853736,132.4544295328805,-0.007674779525353238,0.01852247311430012,0.04037587703111169,0.04442176782053392,1
587.1827497264585,0.3684871311989956,132.68958008467163,0.007220216990170059,0.01311478380586101,0.042744987880719294,0.04471164885348463,1
588.183061054783,0.3691148775894539,132.92039400552719,0.007808954809513579,0.0008583270337451366,0.043986436375164736,0.043994810038040545,1
589.1833723831074,0.36974262397991214,133.14808155047746,0.007180376053826067,0.006507720544305179,0.04474547290495002,0.045216233502696664,1
590.183683711432,0.3703703703703704,133.37208646652942,0.005413218285847658,0.005181543770041389,0.04501855374235736,0.04531576521360279,1
591.1839950397564,0.37099811676082867,133.59114399302428,0.004080032840249714,0.005940147414883681,0.042746518062483974,0.043157272362567334,1
592.1843063680808,0.3716258631512869,133.81113591665687,-0.008765400808404896,0.012778835948657887,0.040713091050268484,0.042671470926957306,1
593.1846176964053,0.3722536095417452,134.03327528270177,-0.012952580948864225,0.011117194830366798,0.039279823225160757,0.04082274529592801,1
594.1849290247297,0.3728813559322034,134.25358447355535,-0.019107461084742126,0.005864098434419757,0.0356130179256007,0.03609258505867543,1
595.1852403530543,0.3735091023226617,134.4784951277312,-0.01695669457600641,0.008047492312318398,0.03298393834605664,0.03395147009090018,1
596.1855516813787,0.3741368487131199,134.70648325003248,-0.01459484756347567,0.0079333552569493,0.032405983210533305,0.03336294161902292,1
597.1858630097032,0.37476459510357824,134.93472889640879,-0.012649144931439574,0.009678604076025747,0.032522702725088455,0.03393230863653309,1
598.1861743380276,0.37539234149403644,135.16581673683643,-0.006665048352905008,0.009067123700949302,0.03284075564045848,0.03406945792413818,1
599.186485666352,0.37602008788449465,135.3940713761732,-0.00493949353157556,0.009050761041538716,0.03276764703137752,0.033994631449744815,1
600.1867969946766,0.37664783427495296,135.6239414908857,-0.0005322204018954027,0.010431877316142386,0.03342967922775397,0.0350195305166927,1
601.187108323001,0.37727558066541117,135.85454508519862,0.004196204294834792,0.008971217028414934,0.03285252821632017,0.03405541579800538,1
602.1874196513255,0.3779033270558695,136.08256871190838,0.005401295481356606,0.008681602376376912,0.03286416857121831,0.033991525351166084,1
603.1877309796499,0.3785310734463277,136.30954289813513,0.014162253780182255,0.0013406570812720716,0.033986175391770415,0.03401260765024855,1
604.1880423079743,0.37915881983678595,136.53732555570812,0.007911954839111482,0.007922253978187938,0.03569546755431903,0.03656403303816959,1
605.1883536362989,0.3797865662272442,136.75973346233158,0.004331811012112515,0.007114673325922145,0.03804732628210689,0.03870681611488718,1
606.1886649646233,0.3804143126177025,136.985141283627,0.004190185081433305,0.006592595487094731,0.03921755404264774,0.039767811862666744,1
607.1889762929478,0.38104205900816074,137.21033061688732,0.0013658609087769946,0.0010167346592163432,0.039786222412839245,0.0397992115908238,1
608.1892876212722,0.381669805398619,137.43392001488476,0.0011584813611623052,0.006963209461518285,0.0410264479048681,0.04161316755181987,1
609.1895989495966,0.3822975517890772,137.6592827287109,0.0006042939020731966,0.006784922629793227,0.03979574740397171,0.040369997356118334,1
610.1899102779212,0.3829252981795355,137.8813521996024,-0.001802237661387096,0.0055200018519965316,0.03854198507517755,0.03893526722627256,1
611.1902216062456,0.38355304456999373,138.09981154228052,-0.010817325207685573,0.014328654283125903,0.03735750395545298,0.04001116638323641,1
612.1905329345701,0.38418079096045205,138.32332831233512,-0.014660959838869935,0.014687790200460465,0.03656751876150833,0.03940703756115151,1
613.1908442628945,0.38480853735091025,138.541523214768,-0.02284312169510056,0.010976126575362448,0.036199827805144864,0.037827277032857085,1
614.191155591219,0.3854362837413685,138.76441327778684,-0.02513076015466393,0.007265271339559573,0.03624492995298345,0.036965918288798166,1
615.1914669195435,0.3860640301318268,138.98792226393826,-0.026502989473802547,0.007929171555040878,0.0367594403686654,0.03760489619406942,1
616.1917782478679,0.38669177652228504,139.21190063355152,-0.027518698385929637,0.00801834072162524,0.037240970955235604,0.03809440517473367,1
617.1920895761924,0.3873195229127433,139.43785732465915,-0.027842680586944526,0.007592811354101662,0.03717563994825585,0.03794310200578402,1
618.1924009045168,0.38794726930320156,139.6624591848617,-0.02972328941029269,0.008099887860534363,0.037450333606564114,0.038316258567299824,1
619.1927122328412,0.38857501569365976,139.8926771377699,-0.023997942300809427,0.011726292373185234,0.03803612160636923,0.03980266925315349,1
620.1930235611658,0.3892027620841181,140.12573868002906,-0.016071214877437495,0.01631598758758643,0.04166808702731637,0.04474864162714087,1
621.1933348894902,0.3898305084745763,140.35327567842458,-0.014079960932324158,0.01591956424383545,0.041597559431042014,0.04453975164201835,1
622.1936462178147,0.3904582548650346,140.58593153179874,-0.006352987503520226,0.011146604541505229,0.0454157155204903,0.04676359704987212,1
623.1939575461391,0.3910860012554928,140.81581988421624,-0.0036084178502038514,0.00749090468912075,0.04622866109501342,0.04683164271834908,1
624.1942688744637,0.3917137476459511,141.04388612129162,-0.0024165924307213674,0.008226701824175214,0.04698449683911354,0.047699282658427454,1
625.1945802027881,0.39234149403640933,141.26750109916662,-0.005170509066886098,0.00826696690505133,0.04763410524715616,0.04834615521948321,1
626.1948915311125,0.39296924042686754,141.48593860981998,-0.007032530107794953,0.006946181074176396,0.04576477959181896,0.04628892397326833,1
627.195202859437,0.39359698681732586,141.70805979932663,-0.023615984958064475,0.023660920172247496,0.04234557411715338,0.04850759518579332,0
628.1955141877614,0.39422473320778406,141.92973521753044,-0.027752666378142977,0.02060633814621808,0.0413868246339718,0.046233001471669755,0
629.195825516086,0.3948524795982424,142.1511458601012,-0.027049189843631263,0.009160729543457386,0.037673856716597336,0.03877161907466696,1
630.1961368444104,0.3954802259887006,142.377883742383,-0.028604502524233664,0.004886687319362436,0.034014888382124735,0.034364114197889956,1
631.1964481727348,0.39610797237915885,142.60690039005604,-0.019935865824480616,0.011320449732042213,0.033851019354966885,0.03569375426466145,1
632.1967595010593,0.3967357187696171,142.83846570753678,-0.018765063475473198,0.002113802830253477,0.033536974073123865,0.033603523511479716,1
633.1970708293837,0.39736346516007537,143.07092264331254,-0.007224370288244902,0.009167928193579174,0.03320772876395279,0.03445002404967058,1
634.1973821577083,0.39799121155053363,143.29942208184798,-0.0054706222399040095,0.011539605165132645,0.03272191062273725,0.03469705927264674,1
635.1976934860327,0.3986189579409919,143.53356864683283,0.0037220304733599128,0.016276286077121938,0.03272559093753031,0.036549716697600806,1
636.1980048143571,0.3992467043314501,143.7644043944958,0.008318714807892825,0.012408037410766539,0.03328932474829222,0.0355265891211673,1
637.1983161426816,0.3998744507219084,143.99499730477746,0.013397824825467019,0.011443029808831218,0.03420719416246405,0.03607041812447306,1
638.198627471006,0.4005021971123666,144.2239097473269,0.017353775684834243,0.007491108135163636,0.03540864215150186,0.036192383730639086,1
639.1989387993306,0.40112994350282494,144.45017561231515,0.014562972334235584,0.00923290409164862,0.03639094600119159,0.037543940507453716,1
640.199250127655,0.40175768989328314,144.67560238616215,0.014322497539618931,0.008294103402126461,0.03669619632577731,0.0376218417415357,1
641.1995614559794,0.40238543628374135,144.89947502624554,0.01246384993224107,0.008226788046096545,0.036925554421529096,0.03783089492587644,1
642.1998727843039,0.40301318267419967,145.12332045986722,0.009916514085704067,0.008386873230461781,0.037664649672024396,0.0385871154337839,1
643.2001841126283,0.40364092906465787,145.35026811087275,0.011845986079025452,0.008332687388552206,0.039487584769191744,0.04035719303940056,1
644.2004954409529,0.4042686754551162,145.57609347557963,0.011503915436833267,0.008519405256331256,0.04008863226405074,0.040983883450984665,1
645.2008067692773,0.4048964218455744,145.80231744852085,0.01222637966894682,0.008511485120492341,0.042615234344977486,0.043456916333694355,1
646.2011180976017,0.40552416823603266,146.03089133508766,0.015394633001202843,0.008191942817228659,0.04409954172191713,0.04485395754227105,1
647.2014294259262,0.4061519146264909,146.25763698582617,0.015578432251440214,0.007897586024395286,0.044114229403715566,0.04481558993136615,1
648.2017407542506,0.4067796610169492,146.48369479902115,0.016376504734776316,0.008167180599845574,0.043821714039688146,0.04457628809498044,1
649.2020520825752,0.40740740740740744,146.70933141399678,0.015343979586816658,0.009845311250219913,0.04425863614594751,0.045340456847203,1
650.2023634108996,0.4080351537978657,146.932504070329,0.011694381045888096,0.009984272179421197,0.0449331464789618,0.04602904890884236,1
651.202674739224,0.4086629001883239,147.1568139856533,0.016930086664226945,0.0032251709259559914,0.0441332556200206,0.044250943256881115,1
652.2029860675485,0.4092906465787822,147.38001654014272,0.007363348576152223,0.010968163231046785,0.04405470582609145,0.04539953424966321,1
653.2032973958729,0.40991839296924043,147.59983595199705,0.005023345309936644,0.007475117032140645,0.04392201554028965,0.04455357251406047,1
654.2036087241975,0.41054613935969875,147.82231967066133,0.002889999630519924,0.0031192790276048646,0.04399973164798214,0.04411016081070774,1
655.2039200525219,0.41117388575015695,148.04604635763738,-0.00493580581957076,0.011032744746070628,0.0444906767495726,0.045838213035271226,1
656.2042313808463,0.4118016321406152,148.27050183632863,-0.005121561646875408,0.009165461249911121,0.043969804098316675,0.04491491236068449,1
657.2045427091708,0.4124293785310735,148.49616255627336,-0.004442022749849962,0.010718039532730768,0.043453436265528216,0.04475575376091327,1
658.2048540374952,0.41305712492153174,148.72457683698627,-0.00224409163025838,0.010172863693929392,0.04422503219444284,0.045379958443510865,1
659.2051653658198,0.41368487131199,148.95337817042525,0.0015264887366647094,0.009038086488309257,0.04450874884455294,0.045417130370353116,1
660.2054766941442,0.41431261770244826,149.17857166709592,0.0005448527145891344,0.003561411260939402,0.043849514045651454,0.0439939033527298,1
661.2057880224687,0.4149403640929065,149.39869899383584,-0.010590668184323703,0.020171870556720786,0.04257084817027343,0.04710818905130584,0
662.2060993507931,0.4155681104833648,149.62186612067828,-0.013235625809750217,0.017462453325724978,0.04231445267839702,0.04577608744339586,0
663.2064106791175,0.416195856873823,149.8405155566095,-0.020398313769482,0.01291878867780667,0.041322383134038944,0.04329473927370544,0
664.2067220074421,0.4168236032642813,150.06333394582845,-0.023392128350997153,0.013328976280727647,0.04025970408577173,0.04240878896839787,0
665.2070333357665,0.4174513496547395,150.29057723317723,-0.017290269268376807,0.009807727634774138,0.03989919403982389,0.041086946910003315,1
666.207344664091,0.41807909604519783,150.51759312243288,-0.01584197248504577,0.009645613776618692,0.04025207991729563,0.04139163928616564,1
667.2076559924154,0.41870684243565603,150.74909794739858,-0.009325227803881515,0.010144576281665168,0.0408129581215185,0.042054844888114215,1
668.2079673207398,0.41933458882611424,150.97933708860208,-0.005752487966402795,0.00998308413419181,0.040513125299528406,0.0417249959900015,1
669.2082786490644,0.41996233521657256,151.2091937553623,-0.0059314216096140624,0.001485799918891975,0.04089677974879775,0.04092376076585158,1
670.2085899773888,0.42059008160703076,151.44228679352702,0.006277817082390256,0.010128366542201716,0.04169441518457988,0.04290696990463573,1
671.2089013057133,0.4212178279974891,151.66898866312056,0.005880170226520123,0.009125073538567261,0.04246361548224333,0.04343300135735586,1
672.2092126340377,0.4218455743879473,151.8940198307433,0.008363066467403257,0.007434520962507368,0.04218504597440884,0.04283515152074227,1
673.2095239623621,0.42247332077840555,152.11898215515552,-5.348019230382306e-05,0.01415475468566498,0.041415479539439706,0.04376755677089028,0
674.2098352906867,0.4231010671688638,152.34040252211165,-0.004445267610094561,0.010885706158791239,0.041479228028127986,0.04288385426223935,0
675.2101466190111,0.42372881355932207,152.563348593855,-0.0013925743071305468,0.005441065730274509,0.04113104694847189,0.041489374776665006,1
676.2104579473356,0.42435655994978033,152.7855144495909,-0.0055476153989530985,0.0052686857025198925,0.04040451587493956,0.04074658209126479,1
677.21076927566,0.4249843063402386,153.01191124670726,-0.010373069030652004,0.012203159335008727,0.040003938715417985,0.04182382348019521,0
678.2110806039844,0.4256120527306968,153.24141462581287,-0.00668187748069613,0.01569397892250236,0.03776940663725265,0.04090023291070716,0
679.211391932309,0.4262397991211551,153.46624922121288,-0.007659495645043535,0.015129255211354529,0.03725691129590632,0.040211587913950006,0
680.2117032606334,0.4268675455116133,153.6931252030656,-0.002121651194127278,0.010504088741011835,0.03571225019628536,0.037225000931647205,1
681.2120145889579,0.42749529190207164,153.9210668816527,-0.0044661231669579134,0.012959417218241188,0.035542207236502026,0.03783113783484318,0
682.2123259172823,0.42812303829252984,154.14672757937618,-0.004617596269281421,0.0119732615532966,0.03824320722029573,0.04007370572729867,0
683.2126372456067,0.42875078468298805,154.3730692391703,-0.0007494438632799453,0.009653391437535883,0.03768118713915622,0.03889806975239778,1
684.2129485739313,0.42937853107344637,154.60083050362704,-0.0021390608172737304,0.013088374850530424,0.039889320362792344,0.041981703577076014,0
685.2132599022557,0.4300062774639046,154.82851878185704,-0.0002629370595286673,0.011826185988277855,0.04199193413261832,0.04362546512333702,0
686.2135712305802,0.4306340238543629,155.0557519693117,0.0011580927267573315,0.011694216725230626,0.040814884751263596,0.04245714924574651,0
687.2138825589046,0.4312617702448211,155.27827876040988,-0.002127301835992057,0.010427259337442022,0.04065104132176687,0.041967069207108916,0
688.2141938872292,0.4318895166352794,155.50231859033238,-0.003899658868192546,0.012419383124828912,0.03958891859478578,0.04149124669982646,0
689.2145052155536,0.4325172630257376,155.72634446937266,-0.0031042258024045724,0.007222067758693451,0.03902925722986539,0.03969182765540231,1
690.214816543878,0.4331450094161959,155.9485201423372,-0.009322401766610255,0.009681577937333914,0.0402494140223762,0.04139744292225457,0
691.2151278722025,0.43377275580665414,156.17483274780224,-0.008821966933805925,0.009491429701109113,0.03978686171030094,0.0409033201895116,0
692.2154392005269,0.4344005021971124,156.40041481371625,-0.009052094954995482,0.011859130711557316,0.04048213016282784,0.04218343091492129,0
693.2157505288515,0.43502824858757067,156.6296876281854,-0.005591460300206563,0.014051744058818032,0.04165854448928744,0.04396459757646451,0
694.2160618571759,0.4356559949780289,156.85786405090673,-0.003227214061803352,0.01292971129420559,0.042293786374767016,0.044226030797098845,0
695.2163731855003,0.43628374136848713,157.08058674165994,-0.006316734368260768,0.01186206917029711,0.042611688979021844,0.04423194233408482,0
696.2166845138248,0.43691148775894545,157.30122610981087,-0.011489503927475653,0.016372578220142264,0.03990648473130935,0.04313454347950032,0
697.2169958421492,0.43753923414940366,157.52429289261076,-0.014234829782674296,0.01565423224746979,0.0411297660672315,0.04400809748220106,0
698.2173071704738,0.43816698053986197,157.74290636955337,-0.021433486151022408,0.010130504045286762,0.040965990269798754,0.04219999373218932,0
699.2176184987982,0.4387947269303202,157.9666225550399,-0.023529532458621816,0.012449201898021584,0.03869824135790034,0.04065140233856653,0
700.2179298271226,0.43942247332077844,158.1949634544879,-0.021000835629763515,0.012732644569268528,0.03976621403965616,0.041754904104488975,0
701.2182411554471,0.4400502197112367,158.42468058693754,-0.017095892788017864,0.014172110169398127,0.03943063040884824,0.04190015896261905,0
702.2185524837715,0.44067796610169496,158.65592940942312,-0.011659211508765565,0.012402174186468908,0.03936325391506121,0.04127080909472332,0
703.2188638120961,0.4413057124921532,158.88400569919037,-0.009395095052343549,0.010819765333365278,0.039137355147375985,0.04060541700070239,0
704.2191751404205,0.4419334588826115,159.11562322305613,-0.003589745726867477,0.014471621257451587,0.039333475557124915,0.04191121712885546,0
705.2194864687449,0.4425612052730697,159.34973997155973,0.004714830217312738,0.015293664202719015,0.03890494063456839,0.041802997147630694,0
706.2197977970694,0.443188951663528,159.5752117899475,0.004374433354678331,0.013103909397757331,0.039466272780495984,0.04158484253534154,0
707.2201091253938,0.4438166980539862,159.80370162323484,0.007052109854771516,0.010554991276363987,0.040966309829011255,0.042304212341688435,0
708.2204204537184,0.44444444444444453,160.03003898710054,0.010168288321185374,0.004602594480079112,0.0419426530964745,0.04219443120506848,1
709.2207317820428,0.44507219083490274,160.25372539891478,0.005451611018315816,0.007760069038851159,0.04314617727664321,0.04383846809681263,0
710.2210431103672,0.44569993722536094,160.47800354818315,0.003917578537038935,0.007877177441361728,0.04373842986895613,0.04444209909358796,0
711.2213544386917,0.44632768361581926,160.69933948962338,0.001659451623563005,0.0016053044568199602,0.04416336799783994,0.04419253415806474,1
712.2216657670161,0.44695543000627747,160.92378327335365,-0.001927048926631869,0.00866846179659498,0.04423426716009226,0.04507563223194372,0
713.2219770953407,0.4475831763967358,161.14869953233438,-0.0005819353744098205,0.005483507066594671,0.04380135846719692,0.04414326509583627,1
714.2222884236651,0.448210922787194,161.36988235875964,-0.007452300095587816,0.007173277682456764,0.04217429171011561,0.04277998122906973,0
715.2225997519895,0.44883866917765225,161.5965777359319,-0.00656910255394223,0.009721809901830919,0.04163767845955255,0.042757570736285104,0
716.222911080314,0.4494664155681105,161.8237140822999,-0.005244899877834541,0.010057550789321638,0.04177894052704344,0.04297248188599324,0
717.2232224086384,0.4500941619585688,162.05069929237726,-0.004071891047203735,0.010449334239441686,0.04058848329399668,0.041911973971105396,0
718.223533736963,0.45072190834902703,162.2802180971129,-0.00036527980348637356,0.010441671569375316,0.039864093895300746,0.0412089127162566,0
719.2238450652874,0.4513496547394853,162.5051384153809,-0.0012571450700647802,0.010446949378022374,0.041276752019006796,0.042578269205611724,0
720.2241563936118,0.4519774011299435,162.73410107887193,0.0018933826908209995,0.0077779372805059895,0.04105671456832622,0.041786961118086774,0
721.2244677219363,0.4526051475204018,162.959610754026,0.007546041526609315,0.0018903050518372837,0.04056727349471926,0.040611290695868725,1
722.2247790502607,0.45323289391086,163.18032281481572,-0.0022890831513819876,0.0030902355491995606,0.040255701941079025,0.04037413893222406,1
723.2250903785853,0.45386064030131834,163.40342815908076,-0.003299212336906344,0.005919354112040237,0.039877905847833066,0.04031483756524844,1
724.2254017069097,0.45448838669177655,163.6266448290952,-0.006368906061311463,0.0015260186318477532,0.04137210934179011,0.0414002435289188,1
725.2257130352342,0.45511613308223486,163.84972563066827,-0.011542889841314264,0.008643690517317362,0.04275513460468199,0.0436201205961611,0
726.2260243635586,0.45574387947269307,164.07542410297253,-0.011656605813357146,0.009511042088445833,0.043187041162038156,0.04422194529800522,0
727.226335691883,0.4563716258631513,164.30103445417092,-0.011858455615868024,0.008502618821841775,0.04358485978736322,0.0444064694556283,0
728.2266470202076,0.4569993722536096,164.53161891309097,-0.007086164830445796,0.009118504989161348,0.043650603204680026,0.04459285024944899,0
729.226958348532,0.4576271186440678,164.75887373756586,-0.005643521152830999,0.011212209018311508,0.04309956968462428,0.044534105335911824,0
730.2272696768565,0.4582548650345261,164.97852556071436,-0.00805364515463225,0.002416054017464763,0.040863829736080395,0.04093519143371233,1
731.2275810051809,0.4588826114249843,165.20114414644553,-0.014997426725801687,0.015807531325791255,0.03681779747175888,0.04006779576277346,0
732.2278923335053,0.4595103578154426,165.4229052022637,-0.01904850603067416,0.018371330077236327,0.03587932744627602,0.0403092037480755,0
733.2282036618299,0.46013810420590084,165.64384869408957,-0.023917173029917648,0.013470181896133077,0.03430912923104639,0.036858678067824856,0
734.2285149901543,0.4607658505963591,165.86641918570749,-0.02715889072645723,0.011011177320043905,0.030884592425505026,0.03278877971597924,0
735.2288263184788,0.46139359698681737,166.09197576719941,-0.027414499547853667,0.010448612472670734,0.031623044716338124,0.03330451110188484,0
736.2291376468032,0.46202134337727563,166.32357999267512,-0.021622445993330075,0.011263242402169898,0.03203857666550411,0.03396072767420366,0
737.2294489751276,0.46264908976773383,166.55475355433467,-0.01626106765191935,0.01337056568442242,0.03160498968850602,0.034316867571677144,0
738.2297603034522,0.46327683615819215,166.7831746294024,-0.013652190349978355,0.012158713551628482,0.03231044197919253,0.03452244163035576,0
739.2300716317766,0.46390458254865036,167.01764424666254,-0.009218872517453746,0.0011586548851309764,0.03296965237062422,0.03299000543471682,1
740.2303829601011,0.4645323289391087,167.2517040992771,0.003252963345471471,0.013459322336735536,0.03366245330675987,0.03625347045999785,0
741.2306942884255,0.4651600753295669,167.4800987021231,0.005835357551416109,0.014268972695551128,0.03472512232856284,0.03754247864113446,0
742.2310056167499,0.46578782172002514,167.7092722501516,0.009196731607084984,0.011807525026285232,0.036332975390987295,0.03820343895526213,0
743.2313169450745,0.4664155681104834,167.93692460534754,0.012520037852851829,0.004966428478879773,0.037968960866078226,0.038292393514712655,1
744.2316282733989,0.46704331450094166,168.16161741569587,0.012750720182377032,0.007121756987537531,0.038488540003790664,0.03914188465330884,1
745.2319396017234,0.4676710608913999,168.38534490198867,0.007329979654173258,9.878646749190452e-05,0.03874924549403035,0.03874937141584094,1
746.2322509300478,0.4682988072818582,168.60687382642357,0.006253656322984271,0.007944138637333693,0.03928189045723935,0.04007712884655948,1
747.2325622583722,0.4689265536723164,168.83349127719117,0.004354982393556384,0.009656058755981894,0.04095122657545473,0.04207424899785146,0
748.2328735866968,0.4695543000627747,169.05909222853387,0.004143733215073553,0.011676665664690413,0.04161793316144245,0.04322495669951853,0
749.2331849150212,0.4701820464532329,169.28356306612915,0.002802371076927557,0.009633200638534163,0.04169444390255684,0.04279281723473829,0
750.2334962433457,0.47080979284369123,169.5082339382324,0.0050449590155242025,0.0066645119525349785,0.040941624839852815,0.04148050583217055,1
751.2338075716701,0.47143753923414944,169.7334730630654,0.0014154931235736967,0.006053512710524541,0.04136872902067863,0.041809290318334996,1
752.2341188999947,0.47206528562460776,169.96209482558064,0.003897683186937684,0.01054161001054407,0.04050735058185837,0.04185655256678439,0
753.2344302283191,0.47269303201506596,170.18812818191847,0.004118816438074191,0.012785944183452257,0.0391461078063503,0.041181283674125026,0
754.2347415566435,0.47332077840552417,170.41670688679238,0.006885335288370697,0.01053692761457014,0.03925811190275403,0.04064758533694035,0
755.235052884968,0.4739485247959825,170.64952031762817,0.013886622223344603,0.00975896436838577,0.039208698689851676,0.040404943243308726,0
756.2353642132924,0.4745762711864407,170.87552977337458,0.014083886076286944,0.012738929572677637,0.03835696957539222,0.04041704395011101,0
757.235675541617,0.475204017576899,171.0994184646945,0.014888636084922129,0.007209273089287221,0.0386623661154324,0.0393287702848647,1
758.2359868699414,0.4758317639673572,171.32367287555076,0.011319708239270199,0.007879957022178407,0.03684898886457932,0.037682113834195514,1
759.2362981982658,0.4764595103578155,171.54408495797787,0.005112880058803171,0.00651021378760141,0.0369555005040751,0.037524550644437715,1
760.2366095265903,0.47708725674827374,171.76752049399622,0.0021810008266953673,0.006263998200841278,0.03784235467553076,0.038357287193554336,1
761.2369208549147,0.477715003138732,171.99105917281992,0.0006251716079788139,0.005642364360604651,0.037270845325961276,0.03769551945376998,1
762.2372321832393,0.47834274952919026,172.2179721041987,0.0016532293297245814,0.010668127280803201,0.038429060106890525,0.03988234697680695,0
763.2375435115637,0.4789704959196485,172.44905786524401,0.006926813679172028,0.011299186267128272,0.03856023085535751,0.04018162532697906,0
764.2378548398881,0.4795982423101067,172.6758046357942,0.007861365261328501,0.01292201196084417,0.03845463909290656,0.04056769232877189,0
765.2381661682126,0.48022598870056504,172.9000629680813,0.007398304513685616,0.00576114505083368,0.03811250043322425,0.03854547290628647,1
766.238477496537,0.48085373509102325,173.12363402944078,0.00828144574288419,0.014687348573840046,0.03617788654949245,0.039045584684025775,1
767.2387888248616,0.48148148148148157,173.34542157735703,4.188888726730511e-05,0.01803021928531362,0.036700321636730385,0.04089012613964349,0
768.239100153186,0.48210922787193977,173.57027542366853,-0.004671566127828757,0.008513770192886716,0.03714589531961497,0.03810907794729597,1
769.2394114815104,0.482736974262398,173.7959635871722,-0.0010405067731085182,0.013189866263103188,0.0369869546071615,0.03926840184105756,0
770.2397228098349,0.4833647206528563,174.02479207353565,0.0019757912749810203,0.011289382318861178,0.03864716407466111,0.040262307983462545,0
771.2400341381593,0.4839924670433145,174.25604991558347,0.007421479757101679,0.01073966082584722,0.03963349801866983,0.04106281139729893,0
772.2403454664839,0.4846202134337728,174.4853901006247,0.010949492307906894,0.012246782252373994,0.04065429710366128,0.04245886890309049,0
773.2406567948083,0.485247959824231,174.71726476967265,0.017011993766197976,0.012517033884857743,0.04200084105708476,0.04382632527120171,0
774.2409681231327,0.4858757062146893,174.94956728910523,0.023502345651479573,0.014126749764436545,0.042674601357738866,0.044952048451087696,0
775.2412794514572,0.48650345260514755,175.1769504886564,0.025073331567557488,0.013239676727493394,0.04372564924475869,0.045686118698398934,0
776.2415907797816,0.4871311989956058,175.40370584660937,0.023456210481564693,0.0026213618349766685,0.04333348727847538,0.043412701569744076,1
777.2419021081062,0.48775894538606407,175.62673244081554,0.018274205109277217,0.01717367109590281,0.04090056187899024,0.04435978968533729,1
778.2422134364306,0.48838669177652233,175.84912304033844,0.019809472864426424,0.020526610924147714,0.04000035967666315,0.04495965447257974,0
779.242524764755,0.48901443816698054,176.07101396575044,0.010473935695949876,0.0013715057288507513,0.03853116479451147,0.03855556624387808,1
780.2428360930795,0.48964218455743885,176.29055079473108,0.009236103385958927,0.004993510371800899,0.036831227981547476,0.03716819205264105,1
781.2431474214039,0.49026993094789706,176.51917049644075,0.012420363758576514,0.011911966552273995,0.0366965944881062,0.03858153695962618,0
782.2434587497285,0.4908976773383554,176.74738602074584,0.014088530848241021,0.005077600133824922,0.03704116576303674,0.037387564566360616,1
783.2437700780529,0.4915254237288136,176.9703141495754,0.008645023291529065,0.010231230754471087,0.0366348959873835,0.038036741274163365,1
784.2440814063773,0.49215317011927184,177.19697818020128,0.012902589542591159,0.005170190541498764,0.035401550631154535,0.035777096826400005,1
785.2443927347018,0.4927809165097301,177.42204067805702,0.010999183537691692,0.004325141248373736,0.035146653975155484,0.03541177957216633,1
786.2447040630262,0.49340866290018837,177.64614677728153,0.009420719198274696,0.0067923440819254825,0.03371338455325869,0.03439081616017813,1
787.2450153913508,0.4940364092906466,177.87173219967684,0.008474951894342553,0.005147890316473314,0.032250852384051315,0.03265912206732306,1
788.2453267196752,0.4946641556811049,178.09435019997295,0.008040348557187826,3.746216111972273e-05,0.03244807315488535,0.03244809478040748,1
789.2456380479997,0.49529190207156315,178.32411315174176,0.007353873483440212,0.008853719917238611,0.03146864008629413,0.03269042161327421,1
790.2459493763241,0.4959196484620214,178.55746908343272,0.009900746185020839,0.004490844621858492,0.030651362373508677,0.030978600690957925,1
791.2462607046485,0.4965473948524796,178.7888343547867,0.02396246527983976,0.016155518161899477,0.032437260098828205,0.036237778764688325,0
792.2465720329731,0.49717514124293793,179.02021252323254,0.02952844634420444,0.013855271544486415,0.031330391808206105,0.03425729120095696,0
793.2468833612975,0.49780288763339614,179.25022180704534,0.03350149921851653,0.006973318482176449,0.030944830687835365,0.0317208088949929,1
794.247194689622,0.49843063402385446,179.47904361462102,0.032521812839667694,0.009995267760479138,0.03156491603609517,0.03310965572109458,1
795.2475060179464,0.49905838041431266,179.70722259787922,0.034513586614985395,0.010094737777742214,0.0302441120263086,0.03188432284150442,1
796.2478173462708,0.49968612680477087,179.93232778251854,0.03839506448618977,0.01660421331146498,0.03084879030122808,0.03503352341317919,0
797.2481286745954,0.5003138731952291,180.16439176510107,0.04464689153114705,0.014659458503553602,0.031495623024689584,0.03474009201672855,0
798.2484400029198,0.5009416195856874,180.39391414607573,0.044004917533091735,0.010598596663047695,0.032367578906057015,0.034058632025755126,1
799.2487513312443,0.5015693659761457,180.6147325168216,0.042461061181995774,0.006992252383523156,0.034557230866785034,0.03525753534459216,1
800.2490626595687,0.5021971123666039,180.83718764888144,0.03419643295847487,0.018089727929652,0.03614668343649724,0.040420551456247795,1
801.2493739878931,0.5028248587570622,181.05814790431592,0.027667940626921943,0.018642425692202994,0.03697395870384363,0.041407893666822085,1
802.2496853162177,0.5034526051475204,181.2773239192861,0.021952036555388885,0.012583037323570214,0.038547918038084064,0.0405496586096259,1
803.2499966445421,0.5040803515379787,181.50116146250608,0.020106955556419354,0.010537591248844597,0.0384833069678844,0.0398999466730489,1
804.2503079728666,0.504708097928437,181.72519052795934,0.02261708736607204,0.006965013023269763,0.03800095938536795,0.038633978834993185,1
805.250619301191,0.5053358443188952,181.95610178930352,0.02566735014777856,0.01005637555590878,0.03679825821273328,0.03814764077649458,1
806.2509306295154,0.5059635907093535,182.18501966739709,0.0310519290425475,0.007912180710092719,0.03555276913688066,0.03642254791869313,1
807.25124195784,0.5065913370998117,182.41136719682757,0.0291771205838687,0.010678286857680184,0.0350399688957405,0.03663093269941904,1
808.2515532861644,0.50721908349027,182.64399390746257,0.035857688853841156,0.008888965712953811,0.03380714861602541,0.034956215598833024,1
809.2518646144889,0.5078468298807283,182.8741391361388,0.03959098630943774,0.011838136728956797,0.03258446785230955,0.03466827117742779,1
810.2521759428133,0.5084745762711865,183.10135577098498,0.046052672020698536,0.017530910014588928,0.032468467365644016,0.03689897260105632,0
811.2524872711377,0.5091023226616447,183.32915652063113,0.04635515171064242,0.006071318470380012,0.03266209031154237,0.03322157509041568,1
812.2527985994623,0.509730069052103,183.5546369862476,0.04541679687331168,0.005077754537268417,0.03287559440845804,0.03326542197012068,1
813.2531099277867,0.5103578154425612,183.7809808018141,0.044824292529867193,0.00768749249350064,0.034204309270104837,0.035057557152240494,1
814.2534212561112,0.5109855618330196,184.00362559372525,0.03939598174643303,0.0019343134809074603,0.035459116539683,0.0355118362580315,1
815.2537325844356,0.5116133082234777,184.2219916055797,0.03587163673597615,0.004868453487817365,0.03664307666857968,0.036965076857791726,1
816.2540439127602,0.5122410546139361,184.44465395670133,0.030854772778909023,0.009407719213163286,0.038506991599971556,0.03963954569459647,1
817.2543552410846,0.5128688010043942,184.667826613705,0.02423028313175261,0.012957189852184393,0.03948753781991778,0.04155904729351946,1
818.254666569409,0.5134965473948525,184.890181850315,0.02401894938216742,0.005741383730747507,0.03960997643902425,0.04002391435933957,1
819.2549778977335,0.5141242937853108,185.11587623485383,0.02518345230315333,0.00522541372821993,0.041884235385723605,0.04220893415472334,1
820.2552892260579,0.514752040175769,185.34229861164295,0.025144252262649047,0.006050424614444815,0.04387492786724546,0.0442901448786417,1
821.2556005543825,0.5153797865662273,185.57306393755766,0.028202796664345442,0.008639797505913031,0.04481841613250967,0.0456435814279509,1
822.2559118827069,0.5160075329566856,185.7986655279037,0.033331785351473776,0.002324874316953885,0.046505993243566975,0.04656406820887033,1
823.2562232110313,0.5166352793471438,186.0235534137023,0.030282227280764573,0.007010004161059478,0.04680177397891307,0.04732384394690836,1
824.2565345393558,0.5172630257376021,186.2543004779938,0.030977541836237934,0.010682169228876265,0.04438703321618106,0.04565432572241881,1
825.2568458676802,0.5178907721280603,186.4801206188063,0.03355788293464457,0.0055023199151614756,0.04356655727571573,0.043912645528446606,1
826.2571571960048,0.5185185185185186,186.70789290765836,0.03381782038473426,0.009716260030904093,0.042967741571147015,0.04405261087283045,1
827.2574685243292,0.5191462649089769,186.93338936640777,0.03351276625181754,0.00011374651233982408,0.03971715274193612,0.03971731562172037,1
828.2577798526536,0.519774011299435,187.15474648072956,0.03142994556311862,0.00782202327826379,0.04054332466717591,0.04129098234764747,1
829.2580911809781,0.5204017576898934,187.38115280712339,0.027529022259664596,0.011042321510510067,0.04054643686023809,0.042023165116430096,1
830.2584025093025,0.5210295040803515,187.6053771972823,0.02901641515761355,0.005678389905148456,0.039605343450497384,0.04001034043527683,1
831.258713837627,0.5216572504708099,187.8318276571354,0.026173561493592956,0.006392275051685003,0.039552694101916044,0.04006590559386046,1
832.2590251659515,0.5222849968612681,188.0642516042476,0.03233931886539665,0.006918609565123345,0.039680677378638264,0.040279316224859016,1
833.2593364942759,0.5229127432517263,188.29100073515883,0.035301550045712955,0.010268978334414255,0.03990682631298874,0.04120687688247824,1
834.2596478226004,0.5235404896421846,188.513865082461,0.03714993095445607,0.005555211782394695,0.0390878290720696,0.039480612451108024,1
835.2599591509248,0.5241682360326428,188.73403275908657,0.02388549147633512,0.01940772750872383,0.03829111956867442,0.04292865854968446,1
836.2602704792494,0.5247959824231011,188.95439589059293,0.018590853837104585,0.018622462185067034,0.03810338960523722,0.04241066372084681,1
837.2605818075738,0.5254237288135594,189.1769272970578,0.014880639363455985,0.01244535138290968,0.03609608488855284,0.038181332026603065,1
838.2608931358982,0.5260514752040176,189.39679973982726,0.013559200051957987,0.0055683274516508275,0.03416823774811425,0.03461899394003915,1
839.2612044642227,0.5266792215944759,189.6217976630264,0.010734191343746917,0.00932638712455276,0.03407206077622834,0.03532544157312151,1
840.2615157925471,0.5273069679849341,189.85219355905932,0.015081913244090275,0.009341863670735279,0.03331760368190199,0.0346025018162978,1
841.2618271208717,0.5279347143753924,190.0795013120305,0.01634741800260794,0.00510161694078802,0.03210708145395969,0.032509862732742166,1
842.2621384491961,0.5285624607658507,190.30932922006042,0.018796261923824886,0.007226820596071005,0.03176775053965849,0.03257939395197167,1
843.2624497775205,0.5291902071563088,190.543213329693,0.02359074397684578,0.003306146264244928,0.031500234032521494,0.031673259182221934,1
844.262761105845,0.5298179535467672,190.77725800852846,0.038287570039415186,0.014853299218279081,0.029964514651298877,0.033443872920994586,1
845.2630724341694,0.5304456999372253,191.00990831405568,0.05117923278519356,0.023471394693713097,0.02930364223397082,0.03754477083489286,0
846.263383762494,0.5310734463276837,191.24035914016847,0.05535211311887776,0.0035730949727526594,0.02848968867911835,0.02871287809881473,1
847.2636950908184,0.5317011927181419,191.4692208799005,0.053620463045135125,0.0056139358160220585,0.028172787958500818,0.02872668196470076,1
848.2640064191428,0.5323289391086001,191.69526380051676,0.05327095101148416,0.005106578303863114,0.02794667469366406,0.028409395776872282,1
849.2643177474673,0.5329566854990584,191.91523093463536,0.047930818677528464,0.0033413432904051605,0.027761722161845158,0.02796207775498488,1
850.2646290757917,0.5335844318895167,192.13819560881262,0.044629302103416535,0.0071512989979638075,0.028110083316829647,0.029005479851872518,1
851.2649404041163,0.5342121782799749,192.36087171080754,0.041221841655129765,0.006870743892933133,0.028216030576183798,0.02904051485629029,1
852.2652517324407,0.5348399246704332,192.58069038860123,0.035406850808300305,0.005570548291405335,0.029811131210994327,0.03032712568553108,1
853.2655630607652,0.5354676710608914,192.80802262949982,0.03396404950518041,0.01008809512332137,0.03174620770513331,0.033310529369474845,1
854.2658743890896,0.5360954174513497,193.03157954188723,0.03482128814145824,0.004497070880672834,0.03221387329279753,0.032526255226050994,1
855.266185717414,0.536723163841808,193.25521960905684,0.03298257249826975,0.0057576813266737034,0.03407971962614546,0.03456267038375668,1
856.2664970457386,0.5373509102322662,193.48473365129618,0.035804591323952195,0.005481495776635015,0.03602401709363187,0.0364386690688827,1
857.266808374063,0.5379786566227245,193.7044962221042,0.03128445624155063,0.0016257719666633742,0.03430057099846435,0.03433907839922734,1
858.2671197023875,0.5386064030131827,193.9261977820188,0.025469399141329063,0.008721158217184199,0.03374028185721498,0.03484917818906882,1
859.2674310307119,0.539234149403641,194.15173589311667,0.025208973813320767,0.007914563954992926,0.033846024194029434,0.03475908048755748,1
860.2677423590363,0.5398618957940992,194.3716921411487,0.018358128097133886,0.005929330574781986,0.033616721890787966,0.03413562584379591,1
861.2680536873609,0.5404896421845575,194.59650166225634,0.015684361542386997,0.009117230227075186,0.03409283265851549,0.03529086462096152,1
862.2683650156853,0.5411173885750157,194.8232775287909,0.019226665033016843,0.005137803671308119,0.03420201586239308,0.03458576174694285,1
863.2686763440098,0.541745134965474,195.0494115823657,0.01950174284404227,0.007354622780929975,0.035032452578838864,0.035796134008274805,1
864.2689876723342,0.5423728813559322,195.27978859928592,0.0214354831210686,0.010638217023201658,0.03513687134847356,0.03671200606874977,1
865.2692990006586,0.5430006277463905,195.5057524288869,0.024734766021353494,0.005135612218410331,0.03485331071858826,0.03522964349669671,1
866.2696103289832,0.5436283741368487,195.73626934151815,0.026474316780056344,0.009573175849350881,0.03454894833054456,0.035850739554285804,1
867.2699216573076,0.544256120527307,195.9659884516595,0.029706485953574377,0.012254716737183284,0.03357206720944338,0.0357387993506215,1
868.2702329856321,0.5448838669177652,196.189820372292,0.031052495771461963,0.005904169180677263,0.03286790791629755,0.0333939902453761,1
869.2705443139565,0.5455116133082235,196.4165255639123,0.031253684485780774,0.0010886716999812247,0.031756427445190256,0.03177508285043444,1
870.2708556422809,0.5461393596986818,196.63642419350023,0.02073911501026436,0.01729245795147548,0.03272414625407188,0.03701214462931639,1
871.2711669706055,0.54676710608914,196.85872422083415,0.017549170115279997,0.01691788914409291,0.032780295890754485,0.036888518156429545,1
872.2714782989299,0.5473948524795983,197.0819029495029,0.01754537900747266,0.005596899660054329,0.03401174873162185,0.034469179531687384,1
873.2717896272544,0.5480225988700566,197.30357223232218,0.015272420474886417,0.0042688177492555875,0.03726252573441484,0.037506247867312555,1
874.2721009555788,0.5486503452605148,197.53373754849446,0.01658787477140322,0.00955363106615079,0.038952465492649135,0.04010693748597795,1
875.2724122839032,0.549278091650973,197.76285333554839,0.02280585394356649,0.005916516177476215,0.04022413332030598,0.04065693132847199,1
876.2727236122278,0.5499058380414313,197.98851522834778,0.020076348177187557,0.010406501406814704,0.040791706283344546,0.042098201541594236,1
877.2730349405522,0.5505335844318895,198.22157565286184,0.026998190578966488,0.008194048728281828,0.04022670627048061,0.04105277496020191,1
878.2733462688767,0.5511613308223479,198.4504509920104,0.032808869062350254,0.006640014052218635,0.03899551071262594,0.039556790091616195,1
879.2736575972011,0.551789077212806,198.6774833150657,0.033978254834636346,0.006865385859058406,0.03799980227675598,0.03861500350985751,1
880.2739689255257,0.5524168236032644,198.90683836871892,0.037420133002754596,0.0037227671734526412,0.036319351077546344,0.03650964609691257,1
881.2742802538501,0.5530445699937225,199.12843314915406,0.0339860650284578,0.00523760397993318,0.03264422484411888,0.03306172879817388,1
882.2745915821745,0.5536723163841808,199.35215998294902,0.026481060641862716,0.01662067260688849,0.032150296971074487,0.0361923797674822,1
883.274902910499,0.5543000627746391,199.57471728352544,0.026242749996882253,0.009536607287590017,0.031413088104427,0.032828782840888394,1
884.2752142388234,0.5549278091650973,199.79362670078748,0.021917937577411197,0.0023503360823417174,0.03481902114886733,0.03489825659635776,1
885.275525567148,0.5555555555555556,200.02434480796015,0.022213417163470695,0.008148728305702417,0.037825616314270276,0.03869339766102927,1
886.2758368954724,0.5561833019460138,200.25190754051425,0.02710851066031239,0.005743548438416095,0.037034029026936116,0.03747676152807736,1
887.2761482237968,0.5568110483364721,200.47956762153208,0.026391221167829017,0.010913008020384975,0.041321689401482065,0.04273845761191601,1
888.2764595521213,0.5574387947269304,200.71055268829716,0.03464351732688442,0.006180300812074005,0.04277375361823774,0.04321793744177791,1
889.2767708804457,0.5580665411173886,200.93697514578594,0.03462956283543406,0.003738056719892436,0.04319438858397292,0.04335583320828217,1
890.2770822087703,0.5586942875078469,201.1660613543547,0.03780523929975743,0.006338487603103217,0.04397305413740647,0.044427535552469866,1
891.2773935370947,0.5593220338983051,201.3925373706899,0.03624910220245662,0.0020459446939215388,0.04530348830783172,0.045349663091895524,1
892.2777048654191,0.5599497802887634,201.6101961227867,0.03171600544159503,0.007154610028729236,0.04377558962898969,0.044356405310044034,1
893.2780161937436,0.5605775266792217,201.83113932211288,0.019901802320747366,0.021022650530638655,0.043066100729259246,0.04792328105791657,1
894.278327522068,0.5612052730696799,202.0505070476323,0.012547035839841354,0.020946239725685285,0.044089664992465104,0.04881232956737139,1
895.2786388503926,0.5618330194601382,202.26970445901165,0.01026478424850552,0.008886365623448448,0.04268284817330332,0.04359808507467809,1
896.278950178717,0.5624607658505965,202.49268411716588,0.009222824107339989,0.00530665465616099,0.04324619501590851,0.043570563078685884,1
897.2792615070414,0.5630885122410546,202.7159912995436,0.008223900503285872,0.0028454176321043912,0.04324683158880002,0.04334033737721849,1
898.2795728353659,0.563716258631513,202.94554618933066,0.010137837095612667,0.007418954724698902,0.04234240324224565,0.042987440043995025,1
899.2798841636903,0.5643440050219711,203.17143759859948,0.009942640156623384,0.0043993891465836255,0.04096814519735652,0.041203683643271066,1
900.2801954920149,0.5649717514124295,203.3949832817618,0.007727810834376214,0.0015069795719292024,0.03944922030558142,0.03947799349192547,1
901.2805068203393,0.5655994978028877,203.62601957963003,0.00974090853263634,0.011870935439893577,0.03689512764503282,0.038757832139599685,1
902.2808181486637,0.5662272441933459,203.85155268424398,0.013059916227092572,0.003841842952779514,0.03422077015251204,0.034435749840897624,1
903.2811294769882,0.5668549905838042,204.07439544457762,0.008119368030374321,0.006832974963360988,0.031005021958826345,0.03174903043428605,1
904.2814408053126,0.5674827369742624,204.2971550555351,0.006902101021950102,0.014732762433272067,0.026690644488380145,0.03048679701313882,1
905.2817521336372,0.5681104833647207,204.51458524242852,-0.007563128708372662,0.01981422216471453,0.024365383065634585,0.031405020170790804,1
906.2820634619616,0.568738229755179,204.7382201504595,-0.00929127291150659,0.014231211849434931,0.02187437289211277,0.026096275215568506,1
907.282374790286,0.5693659761456372,204.9600883053212,-0.007905869839646584,0.0045009250687143235,0.019177456182657805,0.019698557107360456,1
908.2826861186105,0.5699937225360955,205.18395461129987,-0.007894649413499013,0.004687329112179304,0.01825917713581692,0.018851222875002648,1
909.2829974469349,0.5706214689265537,205.41424772265492,-0.006108532540082479,0.007575683709245141,0.017848041725562404,0.01938926448063306,1
910.2833087752595,0.571249215317012,205.64045160899616,-0.005043420504080132,0.004379874411300223,0.0174267231335812,0.017968694416491605,1
911.2836201035839,0.5718769617074703,205.868284041454,-0.004989026174212085,0.0022729287029767476,0.017432073092565094,0.017579629609105748,1
912.2839314319083,0.5725047080979284,206.09964241864995,0.001998623894655793,0.0009220983110702163,0.017150237365518184,0.017175008209281722,1
913.2842427602328,0.5731324544883868,206.32639449743738,0.003620425023186158,0.004565488546184317,0.015820466927959197,0.01646605172723537,1
914.2845540885572,0.5737602008788449,206.55587550382327,0.006608008449873637,0.006264302707981881,0.015979115664761744,0.017163147317583196,1
915.2848654168818,0.5743879472693033,206.79094657593754,0.012553599424652222,0.010023614440813702,0.01698332864434511,0.01972070734785956,1
916.2851767452062,0.5750156936597615,207.02493763447276,0.021836668608089995,0.01431327760694044,0.018357370490007217,0.02327795023537791,1
917.2854880735307,0.5756434400502198,207.25404709195297,0.025077727396112297,0.013109855252839758,0.019364012521064303,0.023384466760359223,1
918.2857994018551,0.576271186440678,207.48963985813768,0.035681504510506556,0.006638699344926585,0.021232923112666273,0.022246558225953207,1
919.2861107301795,0.5768989328311362,207.7152015124711,0.0365204003636137,0.008964029553877567,0.02065089677479928,0.02251251570673979,1
920.2864220585041,0.5775266792215945,207.9416287958103,0.03227999737000826,0.015591232782363991,0.020317915481304065,0.025610627270320364,1
921.2867333868285,0.5781544256120528,208.16539856476743,0.03461145527380438,0.008470302274034534,0.019913125277638367,0.02163974535285558,1
922.287044715153,0.578782172002511,208.3948450636507,0.03460149692837907,0.011683138304866066,0.01962831209920689,0.022842205596537747,1
923.2873560434774,0.5794099183929693,208.62250210055043,0.038211550766358675,0.00334365618869237,0.021773693889915704,0.02202893057594792,1
924.2876673718018,0.5800376647834276,208.8510123813753,0.040539226620905665,0.0044080034321324485,0.020817208535234548,0.021278784398013284,1
925.2879787001264,0.5806654111738858,209.082870535747,0.05016959440683877,0.001779755106961913,0.02114206271716598,0.02121684105085714,1
926.2882900284508,0.5812931575643441,209.30699311852405,0.047913194570099904,0.006029626968963469,0.021853172422964123,0.022669749586897762,1
927.2886013567753,0.5819209039548023,209.53229350929226,0.04173162793189375,0.01809796284007705,0.020859758842288793,0.027616404507452726,1
928.2889126850997,0.5825486503452606,209.75246514273627,0.0291211079961613,0.0008542331378187731,0.0248700862428244,0.024884752439581777,1
929.2892240134241,0.5831763967357187,209.9664504854512,0.02274527948011635,0.022943257464757828,0.028382124171462405,0.03649572626457071,1
930.2895353417487,0.5838041431261771,210.18790476287955,0.01914041270298286,0.01867314633968231,0.03055757735075994,0.03581133797794866,1
931.2898466700731,0.5844318895166353,210.40786832270982,0.018428770767556557,0.009172983691537125,0.03587241323955862,0.037026661494588824,1
932.2901579983976,0.5850596359070936,210.6296495726319,0.010309708788705999,0.01587693299420657,0.038297913325168874,0.041458499326008806,1
933.290469326722,0.5856873822975518,210.8579078900357,0.015999710672673473,0.008448904374463391,0.03757271164929694,0.03851094189720683,1
934.2907806550464,0.5863151286880101,211.08116010612179,0.014223625693546182,0.005495217268734446,0.03966488816501787,0.04004373566457021,1
935.291091983371,0.5869428750784683,211.30928590639704,0.012744372354152093,0.012404937774867359,0.03600117314640876,0.03807843154747887,1
936.2914033116954,0.5875706214689266,211.5384495335357,0.019541674999487668,0.006478419714809005,0.02997921766799631,0.030671214745854592,1
937.2917146400199,0.5881983678593848,211.7607945448694,0.019619759181220314,0.002767694106106884,0.027819433554609602,0.027956770449469256,1
938.2920259683443,0.5888261142498431,211.98726869379743,0.01323406618171753,0.01804248271297239,0.023797362454823032,0.029863784794532132,1
939.2923372966687,0.5894538606403014,212.2085507923503,0.006544195348775854,0.02076250139562594,0.020497530772258195,0.029175850149790676,1
940.2926486249933,0.5900816070307596,212.43000428058065,0.002650253232900468,0.0201524245320089,0.022070640504818988,0.029887010335784187,1
941.2929599533177,0.5907093534212179,212.65521030866134,0.0016898866480611712,0.01625549041073294,0.024315165993449416,0.029248389114315845,1
942.2932712816422,0.5913370998116761,212.87683191289335,0.002556260524784193,0.006908947256415748,0.026842679645238784,0.027717557661685332,1
943.2935826099666,0.5919648462021344,213.10471939211018,0.0010871674534200793,0.013735561026028185,0.02895159539035908,0.03204466433506217,1
944.2938939382911,0.5925925925925927,213.3322446902394,0.0063741937783845515,0.007550029077200313,0.03065930612032488,0.03157524332204521,1
945.2942052666156,0.5932203389830509,213.5551157847813,0.003508291419976217,0.007902426855877717,0.0322369511663389,0.033191405072901276,1
946.29451659494,0.5938480853735091,213.78449787218204,0.0029329923263124633,0.01507650930407627,0.03359742200186817,0.036825098750275106,1
947.2948279232645,0.5944758317639675,214.0105487613108,0.006967411268774981,0.008111540666274567,0.03138618280586312,0.032417426842728955,1
948.2951392515889,0.5951035781544256,214.23486655043894,0.005538353560979203,0.00857634051687971,0.02811530184659898,0.029394282004955394,1
949.2954505799134,0.595731324544884,214.46090818836342,0.001338812207563933,0.017900700659028688,0.024860279454618946,0.030634434524663565,1
950.2957619082379,0.5963590709353421,214.68464804466896,-0.0012311382625840553,0.016778900329214166,0.018989127675463208,0.025340056553463847,1
951.2960732365623,0.5969868173258004,214.9116067686503,0.00016964050117470228,0.015383416686154021,0.01815857428817118,0.023798809405490718,1
952.2963845648868,0.5976145637162587,215.13406794674802,-0.003686837869357381,0.01455372357550118,0.014643590499392036,0.02064571656847937,1
953.2966958932112,0.5982423101067169,215.3582334064434,0.0007478236965425822,0.009557768083852222,0.013004272290924315,0.016138836034894403,1
954.2970072215358,0.5988700564971752,215.59230984907654,0.004310353211003025,0.011956120163512345,0.013285789841265216,0.017873472552098334,1
955.2973185498602,0.5994978028876334,215.82097663842546,0.009115124377331085,0.003773880188558148,0.013111316524990682,0.013643635611378862,1
956.2976298781846,0.6001255492780917,216.0498395946949,0.010737950998658461,0.01262391373149197,0.013238106624634585,0.018292366301420535,1
957.2979412065091,0.60075329566855,216.28118102168696,0.019270391026182665,0.007591959566836094,0.013442157564764617,0.015437922465812319,1
958.2982525348335,0.6013810420590082,216.50974046864238,0.018306387207909818,0.010409376412890674,0.013130694405612478,0.016756200430850292,1
959.298563863158,0.6020087884494665,216.74479992956134,0.02809014273145749,0.013400004467588827,0.012614139129461265,0.01840316890399059,1
960.2988751914825,0.6026365348399247,216.97496820629186,0.031947103065918886,0.01521963441677011,0.012314756061899388,0.019577806022233978,1
961.2991865198069,0.6032642812303829,217.2031774079713,0.03659877748527328,0.01572836114533609,0.011424534599700543,0.01943968454316769,1
962.2994978481314,0.6038920276208413,217.44237458689074,0.04729977778052014,0.011934291526936253,0.010536840758192315,0.015920186161392878,1
963.2998091764558,0.6045197740112994,217.6714148549769,0.05332110983889038,0.007628220219127747,0.01511862962594591,0.016934069371478278,1
964.3001205047804,0.6051475204017578,217.90601120375106,0.05623113657306078,0.006684288144502102,0.020271033353235754,0.02134465978193908,1
965.3004318331048,0.6057752667922159,218.13526773520195,0.0680800721293906,0.00922657079207834,0.02051259540670066,0.022492135934593455,1
966.3007431614292,0.6064030131826742,218.35361840450838,0.06045306708013243,0.011455715354825381,0.021649525502395323,0.024493578112836995,1
967.3010544897537,0.6070307595731325,218.58407234288683,0.05750344291914189,0.019684436940371065,0.023295373018766028,0.03049838457595578,1
968.3013658180781,0.6076585059635907,218.8047538445522,0.058294554621255656,0.007720806898151798,0.02099339324095524,0.022368134006392523,1
969.3016771464027,0.608286252354049,219.028361030895,0.056052525981456824,0.007747271849359743,0.02232814612914937,0.023634007926556382,1
970.3019884747271,0.6089139987445072,219.2583786309302,0.056036319426690774,0.014255800998811527,0.027029721718774675,0.03055869300726252,1
971.3022998030515,0.6095417451349655,219.4831577491639,0.05946185440984664,0.005439327341929553,0.028986954462448894,0.02949287729165719,1
972.302611131376,0.6101694915254238,219.70788291264876,0.05811721344593934,0.00962030647512891,0.0316758081363479,0.033104487879532754,1
973.3029224597004,0.610797237915882,219.93455998031786,0.058729361701125526,0.011080935768251594,0.034067991184382834,0.03582478417017057,1
974.303233788025,0.6114249843063403,220.15568764698696,0.053807729159345286,0.009487943691325499,0.0316365621416427,0.03302867147845616,1
975.3035451163494,0.6120527306967986,220.36038891900222,0.05350178071957349,0.00961667327220398,0.03534431673419505,0.03662923873398712,1
976.3038564446738,0.6126804770872568,220.56475588626878,0.024632462547890553,0.09933609196343063,0.03971851025501963,0.1069823313610488,0
977.3041677729983,0.6133082234777151,220.75615212917052,-0.0359062246279791,0.07662782884128468,0.04666260316107264,0.0897174603223752,1
978.3044791013227,0.6139359698681733,220.9437211463948,-0.0849422677390846,0.007091538694712097,0.05556904479073365,0.05601971670771963,1
979.3047904296473,0.6145637162586316,221.15530209499613,-0.08284090299374773,0.004142176682222835,0.05964761085341698,0.05979126280810113,1
980.3051017579717,0.6151914626490899,221.40988842489008,-0.07884263294332072,0.0005462420912909018,0.05433800598829523,0.05434075151492024,1
981.3054130862962,0.6158192090395481,221.66126756980458,-0.00791675967491301,0.05462157359029923,0.04963066367722569,0.0738018907516763,0
982.3057244146206,0.6164469554300064,221.90235378697113,0.016523997756826246,0.004002987720623181,0.04557806240741122,0.04575351006759298,1
983.306035742945,0.6170747018204645,222.15308199217336,0.012199951337278334,0.017805207792353093,0.035701473299386374,0.03989512025643825,1
984.3063470712696,0.6177024482109229,222.3804770560313,0.020106790066080293,0.00859220351430125,0.03339433723367532,0.034481991249166635,1
985.306658399594,0.6183301946013811,222.6072282058111,0.016882349008306444,0.0119917832093179,0.032702588811122896,0.034831913233250036,1
986.3069697279185,0.6189579409918394,222.84071555772647,0.028245914080429202,0.007231525549284683,0.03123486394658492,0.032061061859078026,1
987.3072810562429,0.6195856873822976,223.06546280355002,0.028841101626198906,3.26189265658151e-06,0.029112361189252166,0.029112361371991444,1
988.3075923845673,0.6202134337727558,223.29840175952143,0.033622193057325944,0.008183750508233294,0.02709720374159588,0.028306045696892497,1
989.3079037128919,0.6208411801632141,223.52923599603156,0.038647018617808726,0.007869818155173664,0.024338569932153907,0.025579288968574698,1
990.3082150412163,0.6214689265536724,223.75601927496973,0.03810694100059209,0.003922617688929148,0.022635687106600855,0.02297305509333567,1
991.3085263695408,0.6220966729441306,223.98943828795345,0.044526673950056446,0.010976366628240683,0.02181764969300209,0.02442315422880734,1
992.3088376978652,0.6227244193345889,224.22130788443587,0.05436304113769097,0.00753201263302467,0.023598841819843685,0.02477168846772554,1
993.3091490261896,0.6233521657250471,224.4525330703805,0.056108711824094826,0.012819103230856266,0.02580656419595781,0.028815068336608907,1
994.3094603545142,0.6239799121155054,224.68903425143213,0.06939064091162095,0.007942098546082656,0.02787627847952154,0.028985579711013613,1
995.3097716828386,0.6246076585059637,224.91675343259595,0.0732048353662691,0.004847808228041988,0.028118840035063975,0.02853367150461693,1
996.3100830111631,0.6252354048964219,225.14639417519209,0.07564072805136846,0.00884408388292505,0.02596477726996615,0.027429682433582157,1
997.3103943394875,0.6258631512868802,225.37412879973235,0.07229346183345342,0.0038642809175206383,0.02484326912466467,0.02514201041702972,1
998.3107056678119,0.6264908976773383,225.60821872602273,0.08205354519823989,0.010852008869465218,0.02674502641983317,0.028862822708469214,1
999.3110169961365,0.6271186440677967,225.85374855444746,0.10409598205596164,0.021294140417778138,0.029951490670609763,0.036749587882365105,1
1000.3113283244609,0.6277463904582549,226.08033014245913,0.10437860963092287,0.027495956159554146,0.028973938640765935,0.039943919756165555,1
1001.3116396527854,0.6283741368487132,226.32309353927172,0.11814749319158738,0.014820847394732191,0.031067722588483993,0.03442180855697357,1
1002.3119509811098,0.6290018832391714,227.47611830901468,0.018887918298035957,0.07265473084409907,0.02925090439470212,0.07832193384957042,1
1003.3122623094342,0.6296296296296297,227.66541919260206,0.006422989204111218,0.008019893573985986,0.032031389227604186,0.03302012399716784,1
1004.3125736377588,0.6302573760200879,227.84543098265152,-0.02279433033442678,0.09533818982401625,0.03270319132763885,0.1007912156982557,1
1005.3128849660832,0.6308851224105462,227.9669932464944,-0.11377865681170521,0.13942313057574005,0.028893507818217447,0.14238554748843454,1
1006.3131962944077,0.6315128688010044,228.13133982230676,-0.15718946785847265,0.12853264294865072,0.02956647978867274,0.1318894121241706,1
1007.3135076227321,0.6321406151914627,228.30324734130107,-0.19220207016631877,0.10412693631758645,0.027187131871890632,0.10761765192711777,1
1008.3138189510566,0.632768361581921,228.48302960632776,-0.2184696504931133,0.0725064247363769,0.024938477214603207,0.07667534984488282,1
1009.3141302793811,0.6333961079723792,228.6985543790939,-0.20507310708493126,0.07049376267177798,0.031213082110350527,0.0770949224686843,1
1010.3144416077055,0.6340238543628375,228.91399160298948,-0.17419558978075145,0.048506475708644664,0.04089105254984258,0.0634425438038807,1
1011.31475293603,0.6346516007532957,229.12374189262854,-0.16655371571190614,0.04644986656650086,0.04729462776803605,0.0662900589814402,1
1012.3150642643544,0.635279347143754,229.3356739218878,-0.17089184445997926,0.028918321343417625,0.05257114792367464,0.05999995752776867,1
1013.315375592679,0.6359070935342123,229.54429052368013,-0.151574674995274,0.047858319948915866,0.057765305812943576,0.07501499412781215,1
1014.3156869210034,0.6365348399246705,229.75486634771644,-0.15618957644909415,0.02162842022858747,0.05708867610604909,0.06104838655628625,1
1015.3159982493278,0.6371625863151287,229.98681543819595,-0.1315489202756055,0.07716347013948334,0.04961239886891434,0.09173653168446685,1
1016.3163095776523,0.637790332705587,230.21339374177745,-0.10772291715974486,0.07933737584314407,0.04219048617674174,0.08985797866358967,1
1017.3166209059767,0.6384180790960452,230.4635872458981,-0.0877429941532897,0.07331103744001259,0.03354963505519871,0.08062311221273925,1
1018.3169322343012,0.6390458254865036,236.49185639312037,-0.05075076248770927,0.04401441471455553,0.027400049996761787,0.05184622881647158,1
1019.3172435626257,0.6396735718769617,230.86539796244477,-0.0512268622572698,0.04260327039874646,0.02504292107949708,0.049418483838161456,1
1020.3175548909501,0.64030131826742,231.0780460924209,-0.05780381680937045,0.025262653324221604,0.024310123207767504,0.0350597168179756,1
1021.3178662192746,0.6409290646578782,231.29077309890326,-0.039993791360327435,0.04666591489973382,0.023493242556141405,0.05224595734820917,1
1022.318177547599,0.6415568110483365,231.50005204368776,-0.03822112289590507,0.04596516807254166,0.023257205730606915,0.051514020366622316,1
1023.3184888759235,0.6421845574387948,231.7183254038453,-0.038648252096448586,0.02623420402946657,0.02282151278670916,0.03477146685047396,1
1024.318800204248,0.642812303829253,231.92896054337302,-0.024291486700047216,0.045215179992732384,0.022685274373516667,0.05058689726774038,1
1025.3191115325724,0.6434400502197113,232.1406222900073,-0.02117131322016874,0.04329251800157203,0.02267641204837974,0.04887189149505409,1
1026.3194228608968,0.6440677966101694,232.3550600470158,-0.01592040762764313,0.043429603098263166,0.023233733916812598,0.04925380002588549,1
1027.3197341892214,0.6446955430006278,232.5679714801547,-0.012900044153735024,0.04236562543267047,0.024348468340610063,0.048864037172904835,1
1028.3200455175459,0.6453232893910861,232.78650017525052,-0.03805979170630991,0.002553017357955504,0.02599331814734011,0.0261183936324358,1
1029.3203568458703,0.6459510357815443,233.00301573693298,-0.014847885773653908,0.02760816850080482,0.026649761763513403,0.03837213533308842,1
1030.3206681741947,0.6465787821720025,233.21776552616635,0.002784886675129883,0.04483232194276559,0.02873293824044691,0.053249589958131296,1
1031.320979502519,0.6472065285624607,233.43625678732045,-0.0016610094378717935,0.02398344451349473,0.02988457412290993,0.038318316524079944,1
1032.3212908308437,0.6478342749529191,233.64914943240478,-0.00015729971843013248,0.018430557585762734,0.030803628404633607,0.03589636438154798,1
1033.3216021591682,0.6484620213433774,233.87537807092514,0.012133811241349284,0.03461293611147281,0.03545896371408152,0.04955192684380143,1
1034.3219134874926,0.6490897677338355,234.10556661082074,0.027352281422395208,0.0692226924686279,0.035518832063007856,0.0778033969934886,1
1035.322224815817,0.6497175141242938,234.3311218937722,0.04193678866141681,0.03252033533957554,0.03400433348411047,0.047051747112057826,1
1036.3225361441414,0.650345260514752,256.159009612504,0.05649664758973927,0.016809026346666086,0.030905565653886677,0.03518092317022983,1
1037.322847472466,0.6509730069052104,286.84736375412047,51.226337751504126,46.21161341237071,0.02223197258206797,46.21161876016686,0
1038.3231588007905,0.6516007532956686,293.6450080884929,93.40900017136204,0.08224534375799415,0.019101467761330135,0.08443436883466213,1
1039.3234701291149,0.6522284996861268,316.65751582768723,93.42318088040416,0.04641690159882084,0.023626238763487517,0.05208385462063975,1
1040.3237814574393,0.6528562460765851,322.20755063732804,93.40742122550887,0.005104945509790752,0.03164423945297169,0.03205336736155724,1
1041.3240927857637,0.6534839924670433,297.80557742909303,60.78079997203929,38.29489454638521,0.02465753854630292,38.29490248470377,0
1042.3244041140883,0.6541117388575016,265.85654363380206,-0.22705279852456783,0.10198976017515102,0.025636643568481908,0.10516248700959009,1
1043.3247154424128,0.6547394852479599,259.68920051507416,-0.21269650624347491,0.08067652004423816,0.02763972123841782,0.08527986325379401,1
1044.3250267707372,0.6553672316384181,240.71581649817378,-0.20334792095185403,0.07517445893956219,0.0262080240364825,0.0796119325274344,1
1045.3253380990616,0.6559949780288763,236.292798855986,-0.18932319542984796,0.028878627343078035,0.02797216228891026,0.04020468853675536,1
1046.325649427386,0.6566227244193346,236.52202259872934,-0.17721542744708682,0.02938400872173052,0.029908948748491544,0.04192809539913099,1
1047.3259607557106,0.6572504708097929,236.75328706316643,-0.16173581498666018,0.02679434596069168,0.033555408472096995,0.04294068482442395,1
1048.326272084035,0.6578782172002512,236.97977948639488,-0.1410355302236077,0.04204872803064402,0.04073325002027651,0.058543088287255775,1
1049.3265834123595,0.6585059635907093,237.222327925331,-0.1436340744458704,0.015922876892540395,0.044006083833598664,0.04679822029633938,1
1050.3268947406839,0.6591337099811676,237.4767585679212,-0.09601754367078127,0.07751400358588655,0.03769016395215617,0.08619146831707443,1
1051.3272060690083,0.6597614563716259,237.70954453528174,-0.0476934277498259,0.1299346628053171,0.03865630502828542,0.13556299833203492,0
1052.327517397333,0.6603892027620842,237.94527892986446,-0.05099827310715099,0.05376556503175698,0.03680848634597695,0.0651582738435117,1
1053.3278287256574,0.6610169491525424,238.18051582703347,-0.046348476364418696,0.021342165234664884,0.03112677228990279,0.037740746814168884,1
1054.3281400539818,0.6616446955430006,238.40060109096794,-0.04755015085574753,0.01949282443232118,0.0327748410501151,0.038133455261877426,1
1055.3284513823062,0.6622724419334589,238.6298231967059,-0.04180583289404792,0.02234281141800803,0.035035158989175225,0.04155314172788209,1
1056.3287627106306,0.6629001883239172,238.85529863222598,-0.028947169128613837,0.04058647180654175,0.03607103194969884,0.0542989966723088,1
1057.3290740389552,0.6635279347143755,239.0816705339857,-0.014822665135142188,0.04371423622905721,0.03769412939291024,0.057721589026804146,1
1058.3293853672797,0.6641556811048337,239.31235770496713,-0.010200912286816473,0.0411030265512179,0.03854355258532201,0.05634770836127771,1
1059.329696695604,0.664783427495292,239.53881732581794,-0.010006479137988182,0.04057139346430392,0.03837796223473753,0.05584716602412609,1
1060.3300080239285,0.6654111738857502,239.76743902363287,-0.007568956792400488,0.035969631629235645,0.03815993490836222,0.05244039503811304,1
1061.3303193522531,0.6660389202762086,239.99411798451465,-0.016994588536995536,0.01854488604861236,0.03727065567226453,0.041629491623085206,1
1062.3306306805775,0.6666666666666667,240.22305081917602,-0.013444929276690942,0.019680650485554927,0.037610396719364995,0.042448438662954315,1
1063.330942008902,0.667294413057125,240.45435537225916,-0.008601205511077126,0.02033805604618097,0.03815826534906293,0.04323990909087454,1
1064.3312533372264,0.6679221594475833,240.68497567731544,0.007043272283630763,0.03942919691479591,0.038947827531662114,0.055421970722646166,1
1065.3315646655508,0.6685499058380414,240.90867515326124,-0.003304556074013476,0.011064357346343126,0.03582899006098548,0.03749848706651741,1
1066.3318759938754,0.6691776522284998,241.13308926081692,-0.012511099653733839,0.02094474185795305,0.03259516702797326,0.03874438185179582,1
1067.3321873221998,0.669805398618958,241.36038576917025,-0.014340239327168547,0.012707147535331675,0.032387179357646886,0.03479081754183242,1
1068.3324986505243,0.6704331450094163,241.58926663542582,-0.015052950155450162,0.015048595103246512,0.03186817900731683,0.03524260273906915,1
1069.3328099788487,0.6710608913998745,241.83276149055683,0.010897986619360723,0.06158798405077101,0.03224816273951661,0.06951995238427866,0
1070.333121307173,0.6716886377903327,242.0772570003408,0.029581424417656876,0.060035527577433676,0.031269543945955845,0.06769083357507767,0
1071.3334326354977,0.6723163841807911,242.3185526544391,0.04506473724267721,0.06082129000375358,0.030677325441834744,0.06811995019071092,0
1072.3337439638221,0.6729441305712494,242.50856843053214,0.03154427475669132,0.0704997424109946,0.03462163420318064,0.07854216214820826,1
1073.3340552921466,0.6735718769617075,242.7177527716639,0.03291071438888338,0.041096435830925634,0.03473837461278104,0.053811445889729616,1
1074.334366620471,0.6741996233521658,242.949366436233,-0.001558875881687527,0.09376398232109762,0.03292698737891874,0.09937741634074906,0
1075.3346779487954,0.674827369742624,243.1094947429637,-0.06724195347524357,0.08061834170804823,0.03519226670374838,0.08796483760857736,0
1076.33498927712,0.6754551161330824,243.2861473705268,-0.11640044236342532,0.09700963375150716,0.03791870552328477,0.1041570797841565,0
1077.3353006054444,0.6760828625235406,243.50261216549015,-0.12574723115839959,0.10471146677805562,0.03863240905856215,0.11161072665510212,0
1078.3356119337689,0.6767106089139988,243.68159132184354,-0.1931576907459266,0.06491137143525094,0.04087521473007692,0.07670899113425367,1
1079.3359232620933,0.6773383553044571,243.9090855997608,-0.17089798522624164,0.06756378694356947,0.041953502673148166,0.07952962776664996,0
1080.3362345904177,0.6779661016949152,244.1455118887381,-0.16215727915477274,0.038995006541193915,0.03970833658474706,0.05565395340382674,1
1081.3365459187423,0.6785938480853736,244.38117443790054,-0.15043259460651653,0.06949202799738828,0.03805501620618029,0.07922957915855947,0
1082.3368572470667,0.6792215944758319,244.6192272546111,-0.13819216897449849,0.06634782767444153,0.03860954101224037,0.07676412504740258,0
1083.3371685753912,0.6798493408662901,244.85294047117557,-0.1277821947289084,0.03858437489194994,0.042151809843495786,0.05714480780337585,1
1084.3374799037156,0.6804770872567483,245.10373551292406,-0.1263158159320644,0.014088429455408323,0.04073851894330916,0.04310580900777036,1
1085.33779123204,0.6811048336472065,245.35749538835367,-0.07736190139727625,0.06108693044136556,0.0348153182662403,0.07031158835304348,0
1086.3381025603646,0.6817325800376649,245.59423447175357,-0.06643506496749865,0.06811508891885551,0.03602737365935059,0.07705606394836205,0
1087.338413888689,0.6823603264281232,245.8435030974388,-0.03890191989091818,0.019887151872903276,0.02698697120771515,0.03352305810307238,1
1088.3387252170135,0.6829880728185813,246.0732613110709,-0.03351147417372147,0.019995378563345503,0.02446135462139123,0.03159387652386068,1
1089.3390365453379,0.6836158192090396,246.30210246514895,-0.029799087999403895,0.01961495632897019,0.024899851916724537,0.031697778112388546,1
1090.3393478736623,0.6842435655994978,246.53063980239898,-0.019684840007796665,0.03164752383631999,0.024265178007866463,0.039879375982127506,1
1091.339659201987,0.6848713119899562,246.75748538167016,-0.018533410917333033,0.03365030415244717,0.022965642035783707,0.04074019739358118,1
1092.3399705303113,0.6854990583804144,246.98854872959197,-0.01357610403070137,0.030982220633398116,0.022602476126771902,0.03835061827973382,1
1093.3402818586358,0.6861268047708726,247.2200387278972,-0.007832156241218198,0.03394045022616814,0.023074172837310496,0.04104109664325594,1
1094.3405931869602,0.6867545511613309,247.45077138140036,-0.0027456848951727705,0.03390992899156129,0.02347432752944887,0.041242300338033645,1
1095.3409045152846,0.687382297551789,247.68206155122496,0.002375264000073053,0.032878449785982644,0.02351980035079064,0.040424911488714896,1
1096.3412158436092,0.6880100439422474,247.91015200737417,0.005011953795205828,0.033246891867838683,0.023740742210257206,0.040853135247685045,1
1097.3415271719336,0.6886377903327057,248.14457967656483,-0.001123218460077981,0.01636240038370471,0.02434300154702276,0.029331039371884055,1
1098.341838500258,0.6892655367231639,248.37757208954807,0.019642961155104405,0.0345111302482101,0.025319873931124663,0.042803202297222676,1
1099.3421498285825,0.6898932831136221,248.6127146857806,0.030021415861098275,0.04183145138308319,0.02990010526993144,0.05141873802387836,1
1100.342461156907,0.6905210295040803,248.83833198281414,0.02085754670216744,0.017447741979226293,0.02669846229615426,0.03189406824399838,1
1101.3427724852315,0.6911487758945387,249.06334927350608,0.01966837863716364,0.017870319774629186,0.026880753758230253,0.03227883596814037,1
1102.343083813556,0.691776522284997,249.2908646604766,0.022483466898780335,0.013392511646347681,0.029239572497383008,0.032160720887866846,1
1103.3433951418804,0.6924042686754551,249.50732544523723,0.021946716321233833,0.009263978715020793,0.03712650647308092,0.038264850509678955,1
1104.3437064702048,0.6930320150659134,249.73222867202247,0.017240075677996458,0.052744000886565306,0.03825504700812648,0.06515656721402661,1
1105.3440177985292,0.6936597614563716,249.95403789357167,0.027317427051523662,0.0696953979475321,0.038847417552327984,0.07979079110743158,1
1106.3443291268538,0.69428750784683,250.13481721147969,0.06542909635255494,0.030771798337642067,0.04300511851321506,0.05288046701068537,1
1107.3446404551783,0.6949152542372882,250.28278416603143,-0.11994119818521938,0.15301306414974478,0.0357965956615,0.15714450057652934,0
1108.3449517835027,0.6955430006277464,250.47724323191323,-0.1512938192474536,0.1254685946342314,0.02922278347121133,0.12882678026440925,0
1109.345263111827,0.6961707470182047,250.6610575713945,-0.19329112430692988,0.09113041522425724,0.02929579706484782,0.09572354101583519,0
1110.3455744401515,0.6967984934086628,250.86236921552097,-0.2177915723350253,0.05805051695325386,0.027208049537073103,0.06411037730470659,0
1111.3458857684761,0.6974262397991212,251.10228352845468,-0.20368959678602608,0.05731300077118946,0.02459178682700642,0.0623661449565651,0
1112.3461970968006,0.6980539861895795,251.3404366417133,-0.1913486343090824,0.05862582703026594,0.02382291559587092,0.06328126818001241,0
1113.346508425125,0.6986817325800377,251.58353047053447,-0.1740670513301609,0.05668697837177436,0.023881006205923747,0.06151191733582512,0
1114.3468197534494,0.6993094789704959,251.82393308111705,-0.15947687277308945,0.05519627891676675,0.029500064937652625,0.06258500649183661,0
1115.3471310817738,0.6999372253609542,252.07095650530198,-0.1382644880943104,0.0684960515739333,0.025610973558931896,0.07312749857512726,0
1116.3474424100984,0.7005649717514125,252.3117281778549,-0.13469998166037714,0.05117774194079878,0.027769897961528362,0.0582265274849247,1
1117.3477537384229,0.7011927181418708,252.54692320057643,-0.11392263275361358,0.06056901976201558,0.037234293270065735,0.07109851440257171,0
1118.3480650667473,0.7018204645323289,252.78434755424166,-0.10231058453342143,0.05915571126044594,0.046616932692637,0.07531624385482258,0
1119.3483763950717,0.7024482109227872,253.03274272108317,-0.07972810608379177,0.0556042721054592,0.04637785790710553,0.07240677302869959,0
1120.3486877233963,0.7030759573132456,253.28122356900684,-0.057059685174542095,0.05758158553232685,0.04571174123266308,0.073520080787079,0
1121.3489990517207,0.7037037037037038,253.51642416340957,-0.04767156105939989,0.06279030981457727,0.04946831672006655,0.07993583280186312,0
1122.3493103800452,0.704331450094162,253.76179819252937,-0.015532265924283214,0.03211863793203226,0.04037553156637185,0.051592542599450085,1
1123.3496217083696,0.7049591964846202,253.99345254181685,-0.016424263718693766,0.020632073497011377,0.03832109226965807,0.04352227670430083,1
1124.349933036694,0.7055869428750785,254.22555007093527,-0.01147580032992579,0.021902053297679067,0.03769459425598277,0.04359566922043454,1
1125.3502443650186,0.7062146892655369,254.45538843050915,-0.011955718289922857,0.05044176051456229,0.03646555967533238,0.062242334839269026,0
1126.350555693343,0.706842435655995,254.68624460876293,0.005409440703166031,0.03325846169752378,0.035788298046232875,0.04885619256073535,1
1127.3508670216675,0.7074701820464533,254.9197222320525,0.01286135193101106,0.0305656021880764,0.03616876718251676,0.047354363649222894,1
1128.3511783499919,0.7080979284369116,255.1515912309011,0.006810634212112632,0.04961150748732466,0.03468632950356179,0.060534644044501755,0
1129.3514896783163,0.7087256748273697,255.3856207028549,0.026760098260748717,0.031365224443355585,0.03556786116763988,0.04742204184155903,1
1130.351801006641,0.7093534212178281,255.6162511170064,0.03147493861616289,0.032194792549026484,0.03641413827446941,0.048605494890465104,1
1131.3521123349653,0.7099811676082863,255.8472624982495,0.0366671417095069,0.030338332671242425,0.03667836973333831,0.04759955079164554,1
1132.3524236632898,0.7106089139987446,256.08066722642985,0.030396806288600992,0.010518950283057025,0.036998650317232915,0.038464898808580075,1
1133.3527349916142,0.7112366603892027,256.30607363766387,0.04368391378859984,0.03254107442908828,0.03807199444591425,0.05008391244790276,1
1134.3530463199386,0.711864406779661,256.5394647710742,0.046035594107443956,0.02525318355778097,0.03742163507845923,0.04514534363307415,1
1135.3533576482632,0.7124921531701194,256.763703235947,0.051745798076764354,0.03215630279381534,0.03393474177828259,0.04675034234020382,1
1136.3536689765876,0.7131198995605776,256.9857118475755,0.0318307406087927,0.020516557741271896,0.03172522603346465,0.037781200462999674,1
1137.353980304912,0.7137476459510358,257.21192731768093,0.028115893595952457,0.011328263248126825,0.03357240548776766,0.03543213172325302,1
1138.3542916332365,0.714375392341494,257.4542735328098,0.05136972598400576,0.04911130232787064,0.043632352300483256,0.06569400416790713,0
1139.3546029615609,0.7150031387319523,257.68657973186384,0.05786354122910779,0.05827394556037774,0.04650519821879924,0.07455592660911456,0
1140.3549142898855,0.7156308851224107,257.9273417878909,0.0728133620242147,0.056529943168086606,0.05104041170261304,0.07616270807527355,0
1141.35522561821,0.716258631512869,258.1357204648494,0.05538034938709302,0.06921885542141823,0.04573837240886856,0.08296534611790364,0
1142.3555369465344,0.7168863779033271,258.3372048513806,0.031053077371029757,0.07088752869579976,0.038713780466543696,0.0807700348062917,0
1143.3558482748588,0.7175141242937854,258.5180563389666,0.004739444978113738,0.00534426156229164,0.028420698261700315,0.028918803940149448,1
1144.3561596031832,0.7181418706842436,258.7363328164551,-0.0007405001752463899,0.018175026281768546,0.026488885290303417,0.032124642009924875,1
1145.3564709315078,0.718769617074702,258.9618586938401,-0.002713991223012207,0.01838533149914512,0.026799430563197137,0.03249969065768292,1
1146.3567822598322,0.7193973634651601,259.1782788529413,0.005382992048467372,0.002714639041316519,0.027967465525346433,0.02809890376929465,1
1147.3570935881567,0.7200251098556184,259.36204940227054,-0.01288430392426676,0.013565304762233159,0.02698965066454678,0.030206931924419863,1
1148.357404916481,0.7206528562460767,259.55434705995424,-0.10667694411436628,0.08644241627055152,0.024711155808165287,0.08990513084394423,0
1149.3577162448055,0.7212806026365348,259.75400143821435,-0.132834514902612,0.06546386727426243,0.02365227724607503,0.0696056616765292,0
1150.3580275731301,0.7219083490269932,259.9778738583727,-0.13477352242325652,0.06542204450767992,0.021318087133253817,0.06880773754880955,0
1151.3583389014545,0.7225360954174515,260.21975211137016,-0.11870773871704614,0.0602508513268137,0.02228579151367921,0.06424034237920112,0
1152.358650229779,0.7231638418079097,260.45701245111843,-0.10725952170834603,0.06035916603297249,0.024456907336891497,0.06512579550900885,0
1153.3589615581034,0.7237915881983679,260.69853177743073,-0.09155264191848574,0.05431587913557865,0.026766464043346934,0.060552938191755584,0
1154.3592728864278,0.7244193345888261,260.9474133283602,-0.06848379895149606,0.05880285177618402,0.025734355793674335,0.06418747888122175,0
1155.3595842147524,0.7250470809792845,261.1958908261231,-0.04581888553307749,0.060012517378677806,0.025362019923785083,0.06515162543437099,0
1156.3598955430768,0.7256748273697428,261.4421920433539,-0.025330079940835047,0.050865251872540665,0.02617811314361169,0.05720635852610037,0
1157.3602068714013,0.7263025737602009,261.6794583125718,-0.002448062477633862,0.02925225285933414,0.026764624211860204,0.03964895214943916,1
1158.3605181997257,0.7269303201506592,261.90845258913885,0.00117743662857745,0.025936165528230803,0.028297121911557876,0.03838504644761234,1
1159.36082952805,0.7275580665411174,262.1357342418851,0.0024572561662428902,0.026802447720600236,0.032162006777315635,0.04186604690867775,1
1160.3611408563747,0.7281858129315758,262.3626843476876,0.0033194215010831207,0.028916405217919102,0.03284185834292267,0.043757812446961954,1
1161.3614521846991,0.728813559322034,262.5951390595298,0.009525440578758863,0.027387736031436804,0.0337470030561744,0.04346203285858942,1
1162.3617635130236,0.7294413057124922,262.8246894723793,0.002294537836553445,0.044446508806428475,0.03446814987814635,0.05624540426650238,0
1163.362074841348,0.7300690521029505,263.0571195538788,0.02008277877980744,0.030456784752430823,0.03486879552983506,0.04629739343804733,1
1164.3623861696724,0.7306967984934086,263.2885009659027,0.025460609872968436,0.027318543930697905,0.03548426087080483,0.04478209030450457,1
1165.362697497997,0.731324544883867,263.5161367303272,0.02734634644047497,0.028543809851647554,0.03606760048577749,0.04599587900724008,1
1166.3630088263214,0.7319522912743253,263.7489595863421,0.0338474175729036,0.026961991557660926,0.03719098401211145,0.045936023778125466,1
1167.3633201546459,0.7325800376647835,263.98095587170496,0.039727331897874286,0.0278781469003262,0.03777158387790079,0.046945538906710424,1
1168.3636314829703,0.7332077840552417,264.2132398321413,0.03597239800280363,0.04852064521693175,0.042086020423777744,0.06422994727833739,0
1169.3639428112947,0.7338355304456999,264.44435020476385,0.041270482451864154,0.045746918716292745,0.04226507733907407,0.06228256043639349,0
1170.3642541396193,0.7344632768361583,264.66217050297007,0.043890435519554356,0.029147602820872805,0.040225400716643885,0.04967560380124158,1
1171.3645654679437,0.7350910232266166,264.8892978619394,0.03943849332884497,0.015240403466787646,0.0428465852823365,0.04547636494034025,1
1172.3648767962682,0.7357187696170747,265.12532424990866,0.03924194050042778,0.019724304486302104,0.04951142446923937,0.05329567844057857,1
1173.3651881245926,0.736346516007533,265.3454294275277,0.02526473355762467,0.012333558026491737,0.04973200271831395,0.051238547481044235,1
1174.365499452917,0.7369742623979912,265.5526536013384,0.02161393077050396,0.012854746394511464,0.04555226451998396,0.04733131424084688,1
1175.3658107812416,0.7376020087884496,265.7836981798503,0.02574483327911139,0.057133578531188264,0.05055973043009343,0.07629241205351403,0
1176.366122109566,0.7382297551789078,265.9856169687909,0.01311735310435501,0.028553621187927574,0.04439712622471128,0.05278649543165953,1
1177.3664334378905,0.738857501569366,266.20977777799493,0.003906675423763772,0.016928343901403662,0.04395136296862707,0.04709873813643199,1
1178.3667447662149,0.7394852479598243,266.4202451455004,0.012874453032857502,0.028361046481988023,0.04460575639389101,0.05285851360967913,1
1179.3670560945393,0.7401129943502824,266.64877462248387,0.014625968851248672,0.026337288171718598,0.04518123777097835,0.052297198727635774,1
1180.367367422864,0.7407407407407408,266.8752253663952,0.013186992746113901,0.008602240056383234,0.044075353684844686,0.04490696311744757,1
1181.3676787511884,0.7413684871311991,267.0635739076952,-0.04925337306773372,0.08864638611582747,0.04444176888277113,0.09916275809408497,0
1182.3679900795128,0.7419962335216573,267.2403833569074,-0.09825502002649955,0.09277105735181375,0.04537818996252888,0.10327463002329698,0
1183.3683014078372,0.7426239799121155,267.42707896346457,-0.13737128793524675,0.06571738014648633,0.047177477665417,0.0808980126590803,0
1184.3686127361616,0.7432517263025737,267.6357589159585,-0.15450334646745886,0.04622278538269958,0.046895208493632774,0.06584608164649126,0
1185.3689240644862,0.7438794726930321,267.8742197729258,-0.1418547413222484,0.04431502364433916,0.04714410662976576,0.06470230374968934,0
1186.3692353928107,0.7445072190834904,268.11669121032565,-0.1251946241614462,0.05759208347873389,0.04491132432379304,0.07303338368128905,0
1187.369546721135,0.7451349654739485,268.3538159941302,-0.11388208527518487,0.0558966531367909,0.043372481267924125,0.07075032129419022,0
1188.3698580494595,0.7457627118644068,268.5967705027494,-0.09674019520824118,0.05089654363645344,0.04146858550380303,0.06565136508728232,0
1189.3701693777841,0.7463904582548652,268.8457337556151,-0.07358948001855765,0.05530733499475946,0.038223785013260514,0.06723064067047482,0
1190.3704807061085,0.7470182046453234,269.09967134149616,-0.04546460286566685,0.052137374729148055,0.03571266682630468,0.06319573099105864,0
1191.370792034433,0.7476459510357816,269.34646644059114,-0.024481895631527095,0.04721723215969844,0.03463560930230417,0.05855845322892947,0
1192.3711033627574,0.7482736974262398,269.58480310532804,-0.0013615348108512787,0.02390746289715079,0.03364671702851138,0.041275517549454896,1
1193.3714146910818,0.7489014438166981,269.8157608619346,0.003395767172826759,0.021927924307629233,0.03605112629356173,0.04219617958388479,1
1194.3717260194064,0.7495291902071565,270.0417359345108,0.003591129802979746,0.025165510607699917,0.037844227439994764,0.04544764542499764,1
1195.3720373477308,0.7501569365976146,270.2706094224426,0.006938916569538378,0.024059535406133176,0.03749168463771105,0.04454758872186636,1
1196.3723486760553,0.7507846829880729,270.5009597851426,0.011201536276511584,0.02203651143351995,0.03773919623124961,0.043701885180623734,1
1197.3726600043797,0.7514124293785311,270.7291670343851,0.0033459177725774225,0.03921079498343635,0.03701121844634098,0.053919539446436744,0
1198.372971332704,0.7520401757689893,270.96262466904716,0.020768436704075712,0.02503983705795723,0.036882059462511746,0.044578915981496235,1
1199.3732826610287,0.7526679221594477,271.1930954651237,0.01565008291706249,0.0400593872680644,0.03679918540808392,0.0543960895192963,0
1200.3735939893531,0.7532956685499059,271.42266308603394,0.019405666808575008,0.041314175027753135,0.036867159236244264,0.05537191064406583,0
1201.3739053176776,0.7539234149403642,271.6558118014324,0.03638929243639824,0.023708237243337493,0.03670645674316731,0.04369719075437674,1
1202.374216646002,0.7545511613308223,271.8862417654418,0.031359804930730206,0.03829575360954382,0.03679047975368378,0.05310465276253207,0
1203.3745279743264,0.7551789077212806,272.1214493714841,0.04075571377683218,0.044127451181743216,0.03762228567845766,0.05798851892804826,0
1204.374839302651,0.755806654111739,272.35707380151297,0.0605088349259025,0.029922350009009262,0.038089369023843425,0.04843704225792673,1
1205.3751506309754,0.7564344005021972,272.5875205281806,0.05520268587216037,0.04651730932279785,0.03857752262428887,0.060432485622059065,0
1206.3754619592999,0.7570621468926554,272.82505970214896,0.0560718118775109,0.00933042353989853,0.039862480844747736,0.040939884984349584,1
1207.3757732876243,0.7576898932831136,273.0325452802126,0.07791332623980907,0.04055789272289952,0.03964396976107247,0.056714962757098364,1
1208.3760846159487,0.7583176396735719,273.26952853123873,0.0877650146560427,0.04737005104584998,0.042679832339859454,0.06376119372035742,1
1209.3763959442733,0.7589453860640303,273.51310809401406,0.10699909842809853,0.038503488570262645,0.04728976914530808,0.06098229987379025,1
1210.3767072725977,0.7595731324544884,273.72098150459806,0.08533365287677144,0.07474011815885555,0.044226916458074146,0.08684529579539216,1
1211.3770186009222,0.7602008788449467,273.89392945257214,0.11429935404529487,0.012888822694292059,0.04019518432695653,0.042211071930512614,1
1212.3773299292466,0.760828625235405,274.03966698061754,-0.0733371277864876,0.15555375859959628,0.036186332631137304,0.15970730253733792,0
1213.377641257571,0.7614563716258631,274.199740742645,-0.19043025247676582,0.04554769465571546,0.03453682956112581,0.05716104516700639,1
1214.3779525858956,0.7620841180163215,274.39225270712234,-0.17237500377290757,0.04321920519299393,0.03361475372427431,0.05475263797715803,0
1215.37826391422,0.7627118644067797,274.62294672619385,-0.16749326822688318,0.04250658442219202,0.03241461046335669,0.0534557451611339,0
1216.3785752425445,0.763339610797238,274.85908872487033,-0.15716322029941238,0.044305341155497266,0.0309989707078219,0.05407309349250697,0
1217.3788865708689,0.7639673571876961,275.0967944559809,-0.15519731806682557,0.008737482497513958,0.03509800805617813,0.03616923789501111,1
1218.3791978991933,0.7645951035781544,275.33503972169353,-0.1328367249892665,0.040690719115760145,0.04281646414503038,0.05906762416112875,0
1219.379509227518,0.7652228499686128,275.5742778921995,-0.11941063865934325,0.044773333833868445,0.0458923708873454,0.06411521760284915,0
1220.3798205558423,0.765850596359071,275.8196541149284,-0.09984598806026383,0.05198070467277163,0.049979564613584625,0.07211068254594033,0
1221.3801318841668,0.7664783427495293,276.05740253771484,-0.08790976708138487,0.052569436785252284,0.05073072330531006,0.07305581408073258,0
1222.3804432124912,0.7671060891399875,276.29637546246795,-0.07610087791044151,0.026557722718152526,0.05337904097899982,0.05962075688727892,1
1223.3807545408156,0.7677338355304457,276.53226347070483,-0.06467358245263881,0.046658209998704764,0.053560686003960564,0.071033341787488,0
1224.3810658691402,0.7683615819209041,276.7796403732399,-0.04310912685563721,0.04980240415410712,0.050238630764340264,0.07074036669826318,0
1225.3813771974646,0.7689893283113624,277.031021312925,-0.017540890302512935,0.044976291510628576,0.04733680633268533,0.06529655451727294,0
1226.381688525789,0.7696170747018205,277.2748210944061,0.0004466618672267941,0.04465113148735371,0.045442892778542465,0.06370855552579305,0
1227.3819998541135,0.7702448210922788,277.5142321772008,0.02341512307325249,0.021560007297204333,0.043488701700585386,0.048539685724755186,1
1228.382311182438,0.770872567482737,277.7421594528789,0.02529085445697395,0.020150422012502146,0.04627188812443401,0.05046907110183492,1
1229.3826225107625,0.7715003138731954,277.97013352956964,0.027159813822373105,0.023291212263497826,0.047994839705728355,0.05334777602751469,1
1230.382933839087,0.7721280602636535,278.20277222541404,0.033555937265949375,0.023099650717973427,0.049353821988954265,0.054492142628178565,1
1231.3832451674114,0.7727558066541118,278.43257716601624,0.029142047585594355,0.03505908555563225,0.048840572683002285,0.060121053051329455,0
1232.3835564957358,0.7733835530445701,278.6645725158911,0.035325296851874556,0.035530963395190206,0.04787064115771887,0.05961583384170211,0
1233.3838678240602,0.7740112994350282,278.8986602432813,0.05193085039104517,0.023383414095655638,0.04765180450593101,0.0530799258424536,1
1234.3841791523848,0.7746390458254866,279.12856056974044,0.04768895087344731,0.03508345438909319,0.04689795841168707,0.058568483632888364,0
1235.3844904807092,0.7752667922159449,279.3605331337691,0.062216471469052216,0.02321458718791276,0.04641712284743697,0.051898616086936834,1
1236.3848018090337,0.7758945386064031,279.5915512353978,0.06674691720772646,0.023934435262430533,0.045286576229855775,0.05122236989786802,1
1237.385113137358,0.7765222849968613,279.8220866591761,0.06377800470213515,0.033995555721423924,0.04611078385299277,0.05728788874051703,0
1238.3854244656825,0.7771500313873195,280.05153074089054,0.06446410438724927,0.013337449338867165,0.045269326852065105,0.04719321464475535,1
1239.3857357940071,0.7777777777777779,280.27592421387476,0.0686450209082281,0.015743851361847066,0.042490424885812804,0.04531340930321657,1
1240.3860471223315,0.7784055241682362,280.49578175511755,0.0694034337982114,0.0221207648121575,0.042734233649548994,0.04812008895969573,1
1241.386358450656,0.7790332705586943,280.72041465515235,0.06845836385906523,0.019285943529182184,0.04208812895245044,0.04629641688650323,1
1242.3866697789804,0.7796610169491526,280.9391786815109,0.06095315052076936,0.019697554467629604,0.04103751812948096,0.04552001259042789,1
1243.3869811073048,0.7802887633396108,281.16493310539056,0.060965325973743094,0.02023202397778609,0.045016960555000575,0.049354447943910675,1
1244.3872924356294,0.7809165097300692,281.39673992920166,0.06719906071797116,0.023175233932812626,0.04919387609432443,0.05437948981945614,1
1245.3876037639538,0.7815442561205274,281.6154805204778,0.05300134786954658,0.016843012492880394,0.04980356096562582,0.05257453523039583,1
1246.3879150922783,0.7821720025109856,281.82651666232573,0.050471732985499784,0.0006518950514259203,0.05348157735389056,0.05348555023011592,1
1247.3882264206027,0.7827997489014439,282.0557188220433,0.05501732673743239,0.010880556518437594,0.05314915293051992,0.0542514420765265,1
1248.3885377489273,0.7834274952919023,282.2835947828953,0.06128944434541544,0.012080120439614636,0.05229586797081237,0.05367296448544868,1
1249.3888490772517,0.7840552416823604,282.4705593863158,0.002503855285789314,0.09068318012205467,0.053145137072095505,0.10510872823634027,0
1250.3891604055761,0.7846829880728187,282.639694108726,-0.05417255077231857,0.0956070515771135,0.04874405007635188,0.10731584565717563,0
1251.3894717339006,0.7853107344632769,282.8522103301615,-0.06746810408553756,0.08956025041830912,0.04600856802677315,0.10068677563048908,0
1252.389783062225,0.7859384808537351,283.0332477000882,-0.11224289516142676,0.042706023622341285,0.04660945812999121,0.06321586858379291,0
1253.3900943905496,0.7865662272441934,283.2603905205519,-0.12083462652573947,0.009254131490320427,0.0514155418242708,0.052241716000945834,1
1254.390405718874,0.7871939736346517,283.4996583049832,-0.09745647949222871,0.035678909300483314,0.052060109062574605,0.06311291091749197,0
1255.3907170471985,0.78782172002511,283.73852413888613,-0.08440221967847492,0.04767536056932447,0.05658197381339101,0.07398959228184977,0
1256.3910283755229,0.7884494664155681,283.97656393883244,-0.07217460652860268,0.047376264247651685,0.05629070739494216,0.07357414051884205,0
1257.3913397038473,0.7890772128060264,284.2141551963393,-0.0760081771855899,0.011073223893910985,0.05796634966098071,0.05901452347027602,1
1258.391651032172,0.7897049591964848,284.45375571252174,-0.04660764954562637,0.03768849891019823,0.05638551291787978,0.06782144953564764,0
1259.3919623604963,0.790332705586943,284.701238317116,-0.024937401773809143,0.044748873573037945,0.054154233874275426,0.07025057104796696,0
1260.3922736888208,0.7909604519774012,284.9463528451252,-0.005635537661606804,0.04090826629648452,0.051123483834388625,0.06547592573418941,0
1261.3925850171452,0.7915881983678594,285.1898761805346,0.01207556412774693,0.04119702203263384,0.049570297122051375,0.06445470487967324,0
1262.3928963454696,0.7922159447583177,285.430361311493,0.03402118537257416,0.018652642107833656,0.04796949397887497,0.05146837291184025,1
1263.3932076737942,0.7928436911487761,285.6563915508275,0.034377464589529914,0.019864776866472998,0.04922499349480099,0.05308210003869441,1
1264.3935190021186,0.7934714375392342,285.8851541458098,0.03304533523180453,0.017161449350275783,0.0488125836220764,0.051741508130941465,1
1265.393830330443,0.7940991839296925,286.11399950421344,0.040216865026100855,0.0194570657548843,0.048673042354701164,0.0524179593255253,1
1266.3941416587675,0.7947269303201507,286.3428897697619,0.036028486122995675,0.030479218027736402,0.046620492784662716,0.055699668572327075,0
1267.3944529870919,0.7953546767106089,286.5761756791173,0.0502025203015819,0.022624177670777214,0.04539463410426603,0.050720077097132714,1
1268.3947643154165,0.7959824231010673,286.8073562031111,0.0488706090923813,0.031046120009123525,0.04505782941820712,0.05471809170193302,0
1269.395075643741,0.7966101694915255,287.0390448498663,0.05474714110915215,0.032276891201595166,0.04408559599130585,0.05463824191487363,0
1270.3953869720654,0.7972379158819838,287.2713725408374,0.05484745249297399,0.006741838932587749,0.04408467916158456,0.04459721212108223,1
1271.3956983003898,0.7978656622724419,287.5009454798892,0.06063676255191045,0.010495790177337039,0.0442481318483003,0.04547591432298258,1
1272.3960096287142,0.7984934086629002,287.7317281568289,0.06325693928008443,0.00939727235093202,0.044972364709533065,0.045943686347580406,1
1273.3963209570388,0.7991211550533586,287.9626622618573,0.06892548053992363,0.02524663436088043,0.046023701735116884,0.05249355834723903,1
1274.3966322853632,0.7997489014438168,288.19187545212685,0.08538326092080853,0.02404697745585836,0.04709696096963891,0.05288081747985985,1
1275.3969436136877,0.800376647834275,288.41616326941124,0.08486730062406246,0.02287835814707224,0.04798591118448601,0.05316076507830833,1
1276.397254942012,0.8010043942247332,288.63249929427786,0.07568198255094988,0.024186951697553027,0.049197020037209514,0.05482112196007446,1
1277.3975662703365,0.8016321406151915,288.85140367907854,0.060608091105700625,0.03241448814077106,0.04907269900624953,0.05881180858625376,0
1278.3978775986611,0.8022598870056499,289.07059539066864,0.06178653842160505,0.019785305294659092,0.04894513471426312,0.05279284532775469,1
1279.3981889269855,0.802887633396108,289.2885690755786,0.053665567273318025,0.020181748359838485,0.04840430472264439,0.05244310900912014,1
1280.39850025531,0.8035153797865663,289.51468468441885,0.053746102227042535,0.01752754892272764,0.04683648949595398,0.050008716435669676,1
1281.3988115836344,0.8041431261770245,289.737480793327,0.045965782291354174,0.012731348723324612,0.045719229168472986,0.04745877322555072,1
1282.3991229119588,0.8047708725674827,289.9635259120742,0.04537342338997519,0.010824240983803574,0.04577880276119337,0.04704107752936468,1
1283.3994342402834,0.8053986189579411,290.17545096643994,0.04356163259190756,0.0077720379984362545,0.04235892346273268,0.04306603036699322,1
1284.3997455686078,0.8060263653483993,290.4023542569409,0.04904195881735924,0.014011003862854546,0.040428740994064516,0.04278774740051266,1
1285.4000568969323,0.8066541117388576,290.6334767506711,0.05655477279162113,0.021339456506218633,0.0415553787751234,0.04671425809241514,1
1286.4003682252567,0.8072818581293157,290.82974601766705,0.058279270581533635,0.007692956978049116,0.039776648327923464,0.04051374259765952,1
1287.400679553581,0.807909604519774,291.02969624755417,-0.019221196078132153,0.08424874385871034,0.036417266264927396,0.09178272236091715,0
1288.4009908819057,0.8085373509102324,291.2319802295292,-0.04274869836151538,0.07581572287315229,0.03442805704337288,0.08326652956957174,0
1289.4013022102301,0.8091650973006906,291.4163411537151,-0.08419976388084933,0.03989983144582272,0.026979080587928687,0.048165001181096366,0
1290.4016135385546,0.8097928436911488,291.65615983012015,-0.08477918182834149,0.03200379144791195,0.02847343293709816,0.042836655451433975,1
1291.401924866879,0.810420590081607,291.8941946987497,-0.0858513369815815,0.01186327744414306,0.030045116596038056,0.03230242069855191,1
1292.4022361952034,0.8110483364720653,292.1288071638319,-0.04917015780558813,0.03904755893312897,0.03356031913692548,0.05148792945155657,0
1293.402547523528,0.8116760828625237,292.3833146576588,-0.040828154207474654,0.025092158164131986,0.03301234742629567,0.04146602807031638,1
1294.4028588518524,0.8123038292529818,292.62535054217807,-0.0042517723799107895,0.04509491382090303,0.03693859178933692,0.05829245933990039,0
1295.4031701801769,0.8129315756434401,292.86436737030743,0.0089525911291787,0.04572196258441373,0.04205923912808046,0.06212469282502396,0
1296.4034815085013,0.8135593220338984,293.1120051700359,0.036722584572651665,0.020133317522113732,0.041536662905224606,0.04615890856322876,1
1297.4037928368257,0.8141870684243565,293.3395454438478,0.03885063735269038,0.016274445746440182,0.04475209199415509,0.0476194006913899,1
1298.4041041651503,0.8148148148148149,293.5660708208801,0.03957306211415496,0.017612290998034602,0.04579942857792976,0.04906913951012734,1
1299.4044154934747,0.8154425612052731,293.79635183833847,0.0376887123066183,0.025181235676555183,0.046103500651470855,0.052532155890638914,0
1300.4047268217992,0.8160703075957314,294.02318807695235,0.03871269350180455,0.024844859333888088,0.04602215977142173,0.05230015511780969,0
1301.4050381501236,0.8166980539861896,294.2544285993748,0.04414111393761004,0.026129431043009826,0.04500658890550665,0.05204171607029,0
1302.405349478448,0.8173258003766478,294.487591869337,0.05670772905945872,0.01918650052453677,0.04469531915625738,0.04863942183926283,1
1303.4056608067726,0.8179535467671062,294.7180594409733,0.056147601066260225,0.025972864656208277,0.04304108928641409,0.05027051884962779,0
1304.405972135097,0.8185812931575644,294.9500450669455,0.06232104568822479,0.025234498572769732,0.042228101374763176,0.049193418908797075,0
1305.4062834634215,0.8192090395480227,295.17941276684667,0.060514535630275645,0.0013144403999401973,0.04270162632003083,0.04272185206589883,1
1306.4065947917459,0.8198367859384809,295.4085777429301,0.06378423128936513,0.00843810208587783,0.040716652003958104,0.04158181474182099,1
1307.4069061200703,0.8204645323289391,295.64108778842717,0.07592667156636708,0.025493441064242502,0.03970748283858507,0.047186859724636626,0
1308.407217448395,0.8210922787193975,295.8652551733777,0.07428177942953199,0.028363068844998687,0.039673303957567324,0.04876919848855077,0
1309.4075287767193,0.8217200251098558,296.08836440556786,0.07283758600075885,0.016837992983128318,0.03872009982288797,0.0422227916887821,1
1310.4078401050438,0.8223477715003139,296.3074635798895,0.06486612958825048,0.03196139826406203,0.04214056294945459,0.05289005600952727,0
1311.4081514333682,0.8229755178907722,296.5255400921271,0.057130551724532096,0.02836108517911615,0.04457642564676118,0.0528337853648431,0
1312.4084627616926,0.8236032642812304,296.7454804692614,0.05701697714496529,0.01602876819830701,0.04814770016865967,0.05074566426293195,1
1313.4087740900172,0.8242310106716888,296.9679440407918,0.049423260590778284,0.009688513572920695,0.052214741242084854,0.053105993053802744,1
1314.4090854183416,0.824858757062147,297.1934575994162,0.045621945866433374,0.006123466108796189,0.05517614841929697,0.05551490062653326,1
1315.409396746666,0.8254865034526052,297.42292066658877,0.04828425074313308,0.007107086383575524,0.059180267982961283,0.05960549299685992,1
1316.4097080749905,0.8261142498430635,297.64816817443625,0.04711324959379226,0.002620044453044314,0.05884690076215422,0.058905198091906585,1
1317.4100194033151,0.8267419962335218,297.8778973698561,0.05131125748120472,0.006836320675550675,0.057865979666891776,0.05826840381534485,1
1318.4103307316395,0.82736974262398,298.10558794762966,0.0564930632934022,0.022293972982090817,0.055046469691329904,0.05938968813527056,0
1319.410642059964,0.8279974890144383,298.3306208394525,0.05571373980320118,0.024428568406401733,0.05185470629179165,0.05732072503897892,0
1320.4109533882884,0.8286252354048965,298.5559037818067,0.05518447087685559,0.026760217458601937,0.050437356001079736,0.05709672599029928,0
1321.4112647166128,0.8292529817953547,298.765958527648,0.05717621266556502,0.009882870531297218,0.05065697254515683,0.05161201407985505,1
1322.4115760449374,0.829880728185813,298.9904229418545,0.052914039637195334,0.010986151324007223,0.05153405599938733,0.052692071971616135,1
1323.4118873732618,0.8305084745762713,299.2087973123462,0.05334466268182325,0.0005853943012343268,0.05310511337390589,0.0531083397682823,1
1324.4121987015862,0.8311362209667296,299.40532990359776,0.0013617511739425936,0.06878174452957593,0.050678393755011125,0.0854355193939839,0
1325.4125100299107,0.8317639673571877,299.61014288406216,-0.019635797955925228,0.06475030974133895,0.046304775315366184,0.07960361065055957,0
1326.412821358235,0.832391713747646,299.80591128803894,-0.04967994455348616,0.046020352876468294,0.040762711559983726,0.06147740668405829,0
1327.4131326865597,0.8330194601381044,300.02264484598606,-0.058758742301802155,0.03809640153821939,0.03716043377632199,0.05321873400040306,0
1328.4134440148841,0.8336472065285626,300.2799737502453,-0.03910936442567466,0.03159362126760559,0.037105937729137305,0.048734048873036555,1
1329.4137553432085,0.8342749529190208,300.52834681239284,-0.004681965168356328,0.045214837771959754,0.03946396844416194,0.060014884487987204,0
1330.414066671533,0.834902699309479,300.76017005970306,0.0013291338598946823,0.042169139027213164,0.0406693988627381,0.05858529073199958,0
1331.4143779998574,0.8355304456999373,301.008817587304,0.024164569472895893,0.02263858007624736,0.040732605387702285,0.04660097047850975,0
1332.414689328182,0.8361581920903957,301.2357229448173,0.022182272678955024,0.006486546442724662,0.04196022075759416,0.04245863175821449,1
1333.4150006565064,0.8367859384808538,301.4653589407853,0.0290817183834406,0.020656461191810804,0.041723495644627406,0.046556841363821364,0
1334.4153119848309,0.8374136848713121,301.6935221371227,0.028182636882758873,0.006443870892759443,0.04120062175146393,0.04170149523446078,1
1335.4156233131553,0.8380414312617703,301.9218727026978,0.03397107420207135,0.02099717405184118,0.04081432045457096,0.0458986935797929,0
1336.4159346414797,0.8386691776522285,302.15501364132683,0.041299876586600705,0.020859596256575987,0.03978517362876489,0.04492196341054482,0
1337.4162459698043,0.8392969240426869,302.38309457147415,0.03895439324394699,0.007502681118470704,0.04053287286185133,0.0412214022857115,1
1338.4165572981287,0.8399246704331451,302.6157860038095,0.05044795187024533,0.021795289393928236,0.041204359666647164,0.046613666400568625,0
1339.4168686264532,0.8405524168236034,302.848154446816,0.057004247189109944,0.020544839334194997,0.04229041132772831,0.04701669186083105,0
1340.4171799547776,0.8411801632140615,303.07284885288175,0.055886361846739875,0.021025984629099905,0.04298369936078936,0.04785070992536965,0
1341.417491283102,0.8418079096045198,303.3057954102683,0.06302074190557505,0.02134193553624763,0.04331107776466173,0.04828382409844859,0
1342.4178026114266,0.8424356559949782,303.5369770164892,0.05928836117428915,0.0101973972999137,0.043345747682522404,0.04452910007904026,1
1343.418113939751,0.8430634023854364,303.7638181658963,0.06941875647293046,0.02464873152225603,0.04305163650856754,0.04960850100257096,0
1344.4184252680755,0.8436911487758946,303.9944832830655,0.07427179337950066,0.021302941967752065,0.04225437603645462,0.04732068924594741,0
1345.4187365963999,0.8443188951663528,304.21613040360546,0.07745620010482905,0.005615239466327914,0.04225692191168889,0.042628375100568626,1
1346.4190479247243,0.8449466415568111,304.43799002000213,0.06615424258095573,0.022082187417361798,0.0422380610843096,0.04766211079355761,0
1347.419359253049,0.8455743879472695,304.660461881405,0.06281400356382391,0.019756057441054645,0.04291861297528537,0.04724731892220535,0
1348.4196705813733,0.8462021343377276,304.88129702729265,0.05791828323232551,0.00886170217622387,0.04396241567895504,0.04484666941690679,1
1349.4199819096978,0.8468298807281859,305.10503744376217,0.05557313317690197,0.005579388547032455,0.04330047465333125,0.043658454871451174,1
1350.4202932380222,0.8474576271186441,305.3320560199828,0.05634934896164623,0.004627738619652754,0.04534623901435019,0.045581765624846095,1
1351.4206045663466,0.8480853735091023,305.5553574231873,0.0544607435114699,0.021893428290219518,0.04688784427230026,0.051747387787234866,0
1352.4209158946712,0.8487131198995607,305.78199134725975,0.055692175797396715,0.008880564388620374,0.04869657896332748,0.0494997093586621,1
1353.4212272229956,0.8493408662900189,306.0050607065249,0.05253985790043316,0.020821951059769327,0.053575256426002096,0.05747922883135532,0
1354.42153855132,0.8499686126804772,306.22966062876475,0.055351858852538446,0.012909553293686567,0.050460148686612326,0.05208534507630296,1
1355.4218498796445,0.8505963590709353,306.45602582309454,0.05188070579146142,0.01834935233645126,0.04875794363275906,0.052096408690643345,0
1356.4221612079689,0.8512241054613936,306.6833573544868,0.053399974089376204,0.018691844665103867,0.04799442902767525,0.05150582757976934,0
1357.4224725362935,0.851851851851852,306.9146199054477,0.05094357306217745,0.009036053760923328,0.0472478947130914,0.04810419755478379,1
1358.422783864618,0.8524795982423102,307.1356785283639,0.05921525357193976,0.005170916753769382,0.04501973068221008,0.04531572056994284,1
1359.4230951929424,0.8531073446327684,307.3661254470736,0.05893027524092531,0.01144271069719581,0.04515452322170529,0.0465818268800102,1
1360.4234065212668,0.8537350910232266,307.5927162376555,0.0678784050919224,0.004533792280176073,0.043928871354132384,0.04416221247727175,1
1361.4237178495912,0.8543628374136849,307.7951917369739,0.06710723305973261,0.006190740220034512,0.0425378554037268,0.04298597918880437,1
1362.4240291779158,0.8549905838041433,308.0110448635936,0.026214688623161918,0.04343356772928749,0.04093573993137439,0.05968424925743578,0
1363.4243405062402,0.8556183301946014,308.24067598239026,0.030033466434429102,0.044573674092988215,0.04076665932453993,0.060404742650151465,0
1364.4246518345647,0.8562460765850597,308.4562414793617,0.019786297937667997,0.04387441602565634,0.0424273378112473,0.06103313342228191,0
1365.424963162889,0.856873822975518,308.68724025050284,0.024973080475785992,0.035114946284382054,0.04431980522670471,0.05654471317362994,0
1366.4252744912135,0.8575015693659761,308.92076455571384,0.029093235441172913,0.01433488133395519,0.04648064406931348,0.048640919974408205,1
1367.4255858195381,0.8581293157564345,309.148103706298,0.03070614805656078,0.0015207356973892224,0.0475514358015413,0.04757574680285553,1
1368.4258971478625,0.8587570621468927,309.3782778531672,0.03693184330243563,0.0036491157253020668,0.048869401983144004,0.0490054537349341,1
1369.426208476187,0.859384808537351,309.6029638029413,0.034068578206554574,0.013952314471020244,0.050127544296648716,0.052033045041691726,1
1370.4265198045114,0.8600125549278091,309.8337952525841,0.0424674615295146,0.01749465488060112,0.05031316858542664,0.05326798177608105,0
1371.4268311328358,0.8606403013182674,310.06605512359414,0.04891520455136629,0.016947917706037333,0.0490991029142562,0.05194183113402275,0
1372.4271424611604,0.8612680477087258,310.2934614307151,0.050509253672709066,0.017466667509583558,0.04928636989642868,0.05228987216907241,0
1373.4274537894848,0.861895794099184,310.5266914060203,0.05792714619523735,0.018833397924057554,0.04787481760873599,0.051446040065641914,0
1374.4277651178093,0.8625235404896422,310.7571342435095,0.06255776049795828,0.017194626131023145,0.04729983978383916,0.05032822281148538,0
1375.4280764461337,0.8631512868801005,310.9871079532352,0.06671920406922141,0.018170436657931898,0.04769599561656014,0.051039913461866676,0
1376.4283877744583,0.8637790332705588,311.2182522652437,0.06376029286492013,0.010232125318758617,0.045980301024032014,0.047105036575714285,1
1377.4286991027827,0.8644067796610171,311.44612812461,0.07411465916417796,0.02101692099882584,0.044189479786183775,0.0489328222366586,0
1378.4290104311071,0.8650345260514752,311.6754149054394,0.07758930448866294,0.0212456560369012,0.04450370350988606,0.04931488139024732,0
1379.4293217594316,0.8656622724419335,311.90657364344634,0.0790395137432662,0.006831621521848048,0.046076996897995784,0.04658069015971844,1
1380.429633087756,0.8662900188323918,312.1220718043963,0.0726227756584649,0.027123321761364092,0.046090711895216685,0.053479232477461336,0
1381.4299444160806,0.8669177652228501,312.33772163825574,0.062459696655332665,0.023605740311052684,0.044416731768531455,0.05029987113930342,0
1382.430255744405,0.8675455116133083,312.571855021754,0.06091097626780437,0.02288952394046765,0.05170471380260885,0.05654474100772707,1
1383.4305670727294,0.8681732580037665,312.8203367723868,0.09344965096410647,0.04920351837781825,0.058069989146895956,0.07611248163262654,0
1384.4308784010539,0.8688010043942248,313.03365904615487,0.0537854702271261,0.0028971907161086576,0.05510322559118864,0.05517933657266035,1
1385.4311897293783,0.869428750784683,313.24911061731564,0.07059966923840193,0.048877609498567884,0.053286201357114545,0.07230795229686324,0
1386.431501057703,0.8700564971751413,313.4657976803877,0.06147482951270718,0.05247207054187898,0.05061964320942594,0.07290861722458811,0
1387.4318123860273,0.8706842435655996,313.66454317144485,0.03440825401202119,0.02851039392887291,0.044889852180092955,0.05317839214126457,0
1388.4321237143517,0.8713119899560579,313.87848651695737,0.022539413023980614,0.019739427649023967,0.04469964414739443,0.048864129899290586,0
1389.4324350426762,0.8719397363465161,314.1032572353808,0.021498060767441984,0.0162027982283962,0.0452303661188893,0.04804494447576028,0
1390.4327463710006,0.8725674827369743,314.32496444519296,0.013825329421852725,0.005477246982177605,0.045826220607635984,0.04615238595872909,1
1391.4330576993252,0.8731952291274326,314.5511104099505,0.013991618350094845,0.013330311953952897,0.04654362688812225,0.0484149400566647,1
1392.4333690276496,0.8738229755178909,314.77155465634286,0.0225744967233052,0.01646807352482005,0.04568180921235359,0.04855950101198273,1
1393.433680355974,0.8744507219083492,314.997320641927,0.021903407256976,0.017029477186355686,0.04508748683521531,0.04819631274647805,1
1394.4339916842985,0.8750784682988073,315.2206117563276,0.009791280474541964,0.027819291538685557,0.04526597539331586,0.05313117267690088,0
1395.4343030126229,0.8757062146892656,315.4411613373758,0.004529773514911994,0.04350108492253077,0.04318201999645909,0.061294626521513504,0
1396.4346143409475,0.8763339610797239,315.64065758002744,-0.021786180572871672,0.038939052336596676,0.03800043006025753,0.054408478030879885,0
1397.434925669272,0.8769617074701822,315.8570069746534,-0.031248783859359718,0.041805768792272296,0.03343085223984836,0.05352890981325421,0
1398.4352369975963,0.8775894538606404,316.0930456518184,-0.021022618217244826,0.03799458432153502,0.027099053977028015,0.046668481486074866,0
1399.4355483259208,0.8782172002510986,316.34953333357356,0.00965215303274931,0.0484238414701124,0.03104720585635586,0.05752214716271912,0
1400.4358596542452,0.8788449466415569,316.58345984789923,0.017766619605987445,0.04164046919352861,0.02792933182623116,0.050139567717691125,0
1401.4361709825698,0.8794726930320153,316.82404189836814,0.03253652037799952,0.018892872579941607,0.02357253538879166,0.030209353832509306,0
1402.4364823108942,0.8801004394224734,317.05926544350353,0.04194799483024667,0.016194168339488238,0.022804837735397824,0.027969835758286245,0
1403.4367936392186,0.8807281858129317,317.2890792988384,0.04594975204673801,0.015453890518068369,0.02266306772427581,0.027430591878768413,0
1404.437104967543,0.8813559322033899,317.5168631140119,0.047921331913977384,0.015527046884117815,0.02279003747764237,0.027576711065207475,0
1405.4374162958675,0.8819836785938481,317.74836659660025,0.053612706652580756,0.017586040391916264,0.02286996017763636,0.028849677557865064,0
1406.4377276241921,0.8826114249843064,317.9752503665574,0.04466070887817101,0.0038452129598682506,0.023731712017971796,0.024041210826634456,1
1407.4380389525165,0.8832391713747647,318.1944401605445,0.04915892254557548,0.0026839949444648235,0.025027900397663554,0.025171404950405134,1
1408.438350280841,0.883866917765223,318.4302642311955,0.05919949574282176,0.00448560282475524,0.026579053193098383,0.026954901248993763,1
1409.4386616091654,0.8844946641556811,318.6371309800002,0.07161173807082832,0.015177651411575198,0.03043467028459883,0.03400926723267547,1
1410.4389729374898,0.8851224105461394,318.84362649888016,0.07069257118871519,0.00466856451335975,0.03312903247364656,0.03345636392758978,1
1411.4392842658144,0.8857501569365978,319.0451356624766,-0.004491473828062453,0.06118124576839481,0.03980687787785161,0.0729913170189093,0
1412.4395955941388,0.886377903327056,319.2745488151187,-0.0008897792903496792,0.05159641053884182,0.03823416418786269,0.06421869581077733,0
1413.4399069224633,0.8870056497175142,319.473855213133,-0.027395416491879133,0.033430965971745344,0.04305836782381692,0.0545128656874238,0
1414.4402182507877,0.8876333961079724,319.7056282036525,-0.028974899660776526,0.021472319434370384,0.04547365185474431,0.050288303957263567,1
1415.440529579112,0.8882611424984307,319.945764428606,-0.00711119936759701,0.04293370964642505,0.048321383656807174,0.0646394580926533,0
1416.4408409074367,0.8888888888888891,320.189140135442,0.010452163613319954,0.03294800027003312,0.04485578159440142,0.05565619340413737,0
1417.4411522357611,0.8895166352793472,320.42854215860655,0.01480415746062628,0.0068138634682440545,0.043703146287818344,0.04423113983177826,1
1418.4414635640856,0.8901443816698055,320.656173828747,0.03754542543899788,0.0024382614196532333,0.04755278393009428,0.04761525363003753,1
1419.44177489241,0.8907721280602637,320.872648905369,0.016524457681322248,0.029494555824335165,0.05320032969889041,0.06082930135506625,0
1420.4420862207344,0.8913998744507219,321.1089771373619,0.02704037920273663,0.0170185093757018,0.04814926594907553,0.05106839994366041,0
1421.442397549059,0.8920276208411803,321.33714611036766,0.029397235315582294,0.015839063731130133,0.046254426311060484,0.048891184207831645,0
1422.4427088773834,0.8926553672316385,321.5612713951922,0.027710258373355147,0.01556062191900817,0.04516958193125066,0.047774722252989434,0
1423.4430202057079,0.8932831136220968,321.78936342972537,0.02999013359503806,0.016066060051321888,0.042403653840699135,0.04534521082335509,0
1424.4433315340323,0.8939108600125549,322.0169317783852,0.031746415265422455,0.014086886428002734,0.04025504447981935,0.04264866909186829,0
1425.4436428623567,0.8945386064030132,322.23795741380184,0.02695978721196184,0.014798792728052422,0.039575801601442466,0.04225219921618984,0
1426.4439541906813,0.8951663527934716,322.4643646096065,0.02755481625114271,0.015092165941088448,0.04005610800591745,0.04280496771842112,0
1427.4442655190057,0.8957940991839298,322.68959142355885,0.02696946527908608,0.014202942943284391,0.040414101400555104,0.042837170544569605,0
1428.4445768473302,0.896421845574388,322.91353295210394,0.025098676429672652,0.01698036708103016,0.03969082456568129,0.04317052722529831,0
1429.4448881756546,0.8970495919648462,323.1347284949414,0.029148718039279074,0.014408538538670633,0.04071961771550601,0.04319367140817399,1
1430.445199503979,0.8976773383553045,323.36733762416645,0.027279287244169836,0.013151736328004569,0.040621139078974126,0.04269713232191026,0
1431.4455108323036,0.8983050847457629,323.5781423093075,0.01896003520843286,0.010290158126245475,0.03864341645636906,0.0399900111238233,1
1432.445822160628,0.898932831136221,323.80461273003715,0.021314683590844652,9.293951279933613e-05,0.03939731454053605,0.03939742416401068,1
1433.4461334889525,0.8995605775266793,324.02074958034433,0.010280775958670397,0.018797229633446072,0.035021005185768915,0.039746781581835734,1
1434.4464448172769,0.9001883239171375,324.2422880846471,-0.0010190587472379774,0.03897938276724797,0.03925215192116966,0.05531838493085469,0
1435.4467561456013,0.9008160703075957,324.49503340333564,0.025914152549324852,0.019052571138716362,0.04015056960080114,0.0444417450857257,0
1436.447067473926,0.9014438166980541,324.7162696292715,0.02133822576207649,0.014502381117027131,0.0319152504318804,0.03505570236342651,0
1437.4473788022503,0.9020715630885123,324.947862971595,0.027119419892051154,0.016990222649571462,0.030546966035973004,0.03495403838878849,0
1438.4476901305748,0.9026993094789706,325.17641653378297,0.029860764107132808,0.015710940202507975,0.030600684481274513,0.03439819083570088,0
1439.4480014588992,0.9033270558694287,325.4085091033064,0.03614116104172353,0.016120594386129786,0.030783854499528716,0.03474937785357133,0
1440.4483127872236,0.903954802259887,325.6409763741243,0.042796340316124316,0.01529771713227637,0.031105731399538334,0.034663910272203384,0
1441.4486241155482,0.9045825486503454,325.86813664020957,0.04414435422808083,0.01568666243625375,0.03077102001164875,0.034538776048758046,0
1442.4489354438726,0.9052102950408036,326.10136629010447,0.051561816747340575,0.017426035398730652,0.030761948261575828,0.03535483235097689,0
1443.449246772197,0.9058380414312618,326.33169310683655,0.04658370077596276,0.005818508184954398,0.030416264566874664,0.03096779274828118,1
1444.4495581005215,0.90646578782172,326.5644660105495,0.06303728838314555,0.017426288755733346,0.02968996158630561,0.03442628877463415,0
1445.4498694288461,0.9070935342121784,326.79564659787593,0.06840572202741554,0.015309286211446487,0.030355895604243392,0.03399786231867687,0
1446.4501807571705,0.9077212806026367,327.0262177133468,0.07316452439384875,0.018304333256466857,0.028909525725742475,0.03421709066608622,0
1447.450492085495,0.9083490269930948,327.2664946386369,0.0876296362409164,0.024990036573058656,0.025700552070864406,0.035847179870528476,0
1448.4508034138194,0.9089767733835531,327.4957345948335,0.09105754149052814,0.0286609450915328,0.026396533586852584,0.038964429406083884,0
1449.4511147421438,0.9096045197740114,327.7382618473568,0.10777245625225759,0.027982738985582664,0.021811680258061024,0.035479333094283735,0
1450.4514260704684,0.9102322661644697,327.97561850945925,0.11931684711340722,0.034233922964711345,0.020006018325261884,0.0396510056717923,0
1451.4517373987928,0.9108600125549279,328.19761136527933,0.11549638295051637,0.04776807250609387,0.021411897237660283,0.05234747457388528,0
1452.4520487271172,0.9114877589453861,328.42486697418724,0.15225979154165417,0.024285690783993886,0.010067636479182103,0.02628977141651718,1
1453.4523600554417,0.9121155053358444,328.6364933047403,0.1446941730826623,0.022668350888362523,0.01384469784076322,0.026561810749645056,1
1454.452671383766,0.9127432517263026,328.80121443974724,0.1577943171811853,0.02291748338901749,0.008130118606943095,0.024316863972331113,1
1455.4529827120907,0.9133709981167609,328.96839486095746,-0.016968528889725575,0.17076242674593187,0.012737048412748893,0.17123679157946303,0
1456.4532940404151,0.9139987445072192,329.1320907539422,-0.07908415983658301,0.10293079057823583,0.017580668535957987,0.1044213941452223,0
1457.4536053687395,0.9146264908976774,329.27996841608575,-0.15701827016673064,0.03237743210730368,0.011994576516875155,0.03452778556007077,0
1458.453916697064,0.9152542372881356,329.5110002429997,-0.1517986985411767,0.031792520003823564,0.018619635297522034,0.036843658162650596,0
1459.4542280253884,0.9158819836785939,329.75108710547624,-0.13752407336897363,0.031039246725189887,0.019379329737736286,0.03659225680866269,0
1460.454539353713,0.9165097300690522,329.99235064286216,-0.12207284938610882,0.02876523253864782,0.026578203023478023,0.039164262778197415,0
1461.4548506820374,0.9171374764595105,330.2344622853304,-0.10577335856023637,0.025865077077686698,0.03151361573051927,0.0407689856219836,0
1462.4551620103618,0.9177652228499686,330.4771185144267,-0.08892868032746151,0.0372743411259601,0.03588930938764721,0.051743782570437415,0
1463.4554733386863,0.9183929692404269,330.7130743092169,-0.0870390587646802,0.023320375915389227,0.044872026328639916,0.05057013624337213,1
1464.4557846670107,0.9190207156308852,330.9666028350029,-0.08480642261931355,0.012490678134793473,0.0441720257466371,0.045904083683574154,1
1465.4560959953353,0.9196484620213435,331.2073264928239,-0.0361579240961305,0.050910275631778634,0.04393587879709518,0.06724743571748079,0
1466.4564073236597,0.9202762084118017,331.4489435723259,-0.02035313531191605,0.04483832507749278,0.04456799871903104,0.06322010681400714,0
1467.4567186519841,0.92090395480226,331.70391083600634,0.013689018803391819,0.012723396877627718,0.040028852861368806,0.04200230814494294,1
1468.4570299803086,0.9215317011927182,331.93499563631894,0.014074564329359874,0.014440070758032974,0.04036745209893629,0.042872448407536914,0
1469.457341308633,0.9221594475831765,332.16574787447786,0.01901467103533605,0.016212977785168687,0.04052560326611547,0.0436484268759478,0
1470.4576526369576,0.9227871939736347,332.3930433828877,0.0204979650362759,0.01596291179935065,0.039337963188266344,0.04245338503482668,0
1471.457963965282,0.923414940364093,332.6254911308782,0.02713355678443463,0.01661820348857286,0.04013398872171895,0.04343848222374579,0
1472.4582752936064,0.9240426867545513,332.85661244136884,0.03244274248929173,0.015438658329368632,0.04007980865570018,0.0429504741870043,0
1473.4585866219309,0.9246704331450095,333.0850153704107,0.035033398146396166,0.015751341886426854,0.0399884897271043,0.04297887948606654,0
1474.4588979502553,0.9252981795354677,333.31704523505255,0.041251123664818576,0.017179212599200543,0.03971826629993907,0.043274311356755364,0
1475.45920927858,0.925925925925926,333.54611079769654,0.04450451737060916,0.01474550197526173,0.0395537265728145,0.04221287853605129,0
1476.4595206069043,0.9265536723163843,333.77625499501994,0.04883646859471469,0.015285655951844172,0.03910910302059951,0.0419901561911124,0
1477.4598319352287,0.9271814187068426,334.0075424030373,0.05431176955143542,0.014782083603010648,0.03811058466521167,0.04087696978948738,0
1478.4601432635532,0.9278091650973007,334.2338775595288,0.0548347436662084,0.013542076962942188,0.03710678810556232,0.03950065280449616,0
1479.4604545918776,0.928436911487759,334.4633766613109,0.058521634933947554,0.015247333827674684,0.03680380028527805,0.03983717992392515,0
1480.4607659202022,0.9290646578782173,334.6930166092238,0.06234937566968597,0.014033665934268231,0.036818880816665324,0.039402712649593635,0
1481.4610772485266,0.9296924042686756,334.91820356289315,0.0617239615485687,0.0178136093952278,0.036676960669395804,0.040774061897610285,0
1482.461388576851,0.9303201506591338,335.15504800026105,0.07275680959712645,0.018262030335595397,0.03633234041238375,0.040663751816815176,0
1483.4616999051755,0.930947897049592,335.37612263163504,0.06801864407448761,0.019059678868858763,0.03802594966538927,0.04253521137291714,0
1484.4620112334999,0.9315756434400503,335.6138077252043,0.0798913895391479,0.03317457453875848,0.03675868662592853,0.049515183916560984,0
1485.4623225618245,0.9322033898305087,335.8300224474789,0.07029402196764067,0.022973659123629846,0.0380718044698451,0.04446629407898592,0
1486.462633890149,0.9328311362209668,336.0432873308816,0.04182476072158181,0.011515767839059483,0.0411554949030643,0.04273625708504745,1
1487.4629452184734,0.9334588826114251,336.28042015649487,0.06906762706824451,0.03373938425649924,0.04149530594291667,0.053480898134791684,0
1488.4632565467978,0.9340866290018833,336.4854556148858,0.048291129281716395,0.013844745796544884,0.047773480617307,0.04973914390561175,0
1489.4635678751222,0.9347143753923415,336.7062532938723,0.04327653493436969,0.014315129087704418,0.05124954489860083,0.0532112654718091,0
1490.4638792034468,0.9353421217827999,336.93349482220066,0.04470565468575956,0.020234244689606263,0.05150128404168618,0.055333596630811,0
1491.4641905317712,0.9359698681732581,337.1472552964343,0.052395479740198425,0.014775061932567213,0.04848376333369466,0.05068508421724197,1
1492.4645018600957,0.9365976145637164,337.3751638831011,0.05308109306040857,0.015943637639380608,0.0483802466564014,0.05093964907329175,1
1493.46481318842,0.9372253609541745,337.5642926185378,0.054509594445979324,0.01221303185185325,0.0462245925646369,0.04781078439830356,1
1494.4651245167445,0.9378531073446328,337.7774259229945,0.05607062877123781,0.010112390474822364,0.044921791090140974,0.04604593093707138,1
1495.4654358450691,0.9384808537350912,337.9639626718856,-0.05388718314268317,0.06752627197367507,0.04453333532231272,0.08088890753120777,0
1496.4657471733935,0.9391086001255494,338.13923920287755,-0.10442256622636137,0.0226689078085479,0.042234146134322255,0.04793331285158299,0
1497.466058501718,0.9397363465160076,338.37561892101866,-0.10247122287512411,0.019835589399389276,0.04288967454168999,0.04725436264635525,1
1498.4663698300424,0.9403640929064658,338.6177509127738,-0.07753476616751982,0.04011088659318998,0.05080487229035295,0.06473035046816,0
1499.4666811583668,0.9409918392969241,338.8624751073597,-0.058622981878892234,0.05140415594111777,0.04875780977806347,0.07084992069418691,0
1500.4669924866914,0.9416195856873825,339.1051973155016,-0.04171318027972006,0.0518567576612568,0.04692733634725228,0.06993781675021363,0
1501.4673038150158,0.9422473320778406,339.36062587055306,0.008099304305027033,0.01885893208135398,0.041942824463063855,0.045987605321309244,1
1502.4676151433403,0.9428750784682989,339.59986754490455,0.006382965289162712,0.012700712942699392,0.03737081853282884,0.03947006697570293,1
1503.4679264716647,0.9435028248587571,339.8346349569136,0.010287761424916653,0.014935923592886263,0.03719608331460333,0.04008279465705265,0
1504.4682377999893,0.9441305712492155,340.06273297701415,0.01257366961937123,0.013832291783073726,0.03816522693868886,0.04059454203773841,0
1505.4685491283137,0.9447583176396737,340.29168116421715,0.015709586581181156,0.014442431045023928,0.03618931016192807,0.03896472744016698,0
1506.4688604566381,0.9453860640301319,340.5238537362496,0.022070034991452304,0.016924604871986562,0.03505563259795609,0.03892736347244381,0
1507.4691717849626,0.9460138104205902,340.75156104584295,0.023965174931504407,0.015506528187182785,0.034193898164614746,0.03754564006794847,0
1508.469483113287,0.9466415568110483,340.9849087359652,0.031500655661739076,0.015389688452895938,0.0337461148630141,0.037089658653389354,0
1509.4697944416116,0.9472693032015067,341.21686324049466,0.03764306652537926,0.01510084003058152,0.03281902396460854,0.03612649586686706,0
1510.470105769936,0.947897049591965,341.4444604434263,0.03942804278607355,0.015544579560530377,0.03343851902101655,0.036875039091945984,0
1511.4704170982604,0.9485247959824232,341.6772983422056,0.046453734038482256,0.018279592999724596,0.033894983220405094,0.03850991311009573,0
1512.4707284265849,0.9491525423728814,341.9083484629442,0.05169170113994141,0.016327888834749893,0.033946674777695515,0.03766930689915304,0
1513.4710397549093,0.9497802887633396,342.13839602706616,0.055927086611598044,0.014903365569928762,0.03528286672502726,0.03830131838001107,0
1514.471351083234,0.950408035153798,342.36978031820536,0.06149922390012534,0.01481712513325924,0.03595251385915631,0.03888612156036507,0
1515.4716624115583,0.9510357815442563,342.5964943734244,0.05854800673359427,0.010532108097274501,0.03774080752923855,0.03918282600747047,1
1516.4719737398827,0.9516635279347144,342.82657027116323,0.06666463291160767,0.019581826447722824,0.04023707764541345,0.044748970317447165,0
1517.4722850682072,0.9522912743251727,343.06323864824304,0.07752135371472377,0.019002346560238446,0.04221774227940776,0.04629715907014058,0
1518.4725963965316,0.952919020715631,343.2972041512671,0.07980358350023506,0.01673399186947795,0.04660823497977928,0.04952124848807908,1
1519.4729077248562,0.9535467671060893,343.52514295275637,0.07336299464422306,0.009550536629797253,0.048252252407341066,0.0491883381737872,1
1520.4732190531806,0.9541745134965475,343.7553479315934,0.09219307452537465,0.04460550548660363,0.04906522354133935,0.06631023511402315,0
1521.473530381505,0.9548022598870057,343.96748610569966,0.07851906314497228,0.044414411043743884,0.051455681031890875,0.06797298742013869,0
1522.4738417098295,0.955430006277464,344.19102789412153,0.07624895021419889,0.056223996290356855,0.05009505842714863,0.07530373588127946,0
1523.4741530381539,0.9560577526679221,344.40160933319265,0.0610184276411303,0.046712451445455085,0.05010556128879369,0.06850270353868568,0
1524.4744643664785,0.9566854990583805,344.59401217001255,0.028112683347823502,0.005021213248280897,0.0494164046566515,0.04967085293886788,1
1525.474775694803,0.9573132454488388,344.81181130271284,0.022861654227215564,0.004930994448802366,0.046705841888555866,0.04696541677418502,1
1526.4750870231273,0.957940991839297,345.0161154963903,0.020336370715703822,0.0108750196685397,0.04734511793807424,0.048578042831728875,1
1527.4753983514518,0.9585687382297552,345.233902776927,0.02379759904373202,0.018059068655652582,0.042958349465072015,0.04659989001567307,1
1528.4757096797762,0.9591964846202135,345.44963461938835,0.0134683683937169,0.005087228695172012,0.04135295053649723,0.04166469025291041,1
1529.4760210081008,0.9598242310106718,345.63481023189365,-0.060653824657129006,0.08478546864538537,0.03951549412603944,0.09354170176687339,0
1530.4763323364252,0.9604519774011301,345.84623616411466,-0.0750397438777668,0.06563181896699392,0.03183293995215126,0.07294430565104812,0
1531.4766436647496,0.9610797237915882,346.02441708220545,-0.12267068081948196,0.02652157808447622,0.031192913212603757,0.04094376556668914,0
1532.476954993074,0.9617074701820465,346.26099022294176,-0.12186237103969057,0.026951272222399212,0.03492102031844417,0.044111775462874515,1
1533.4772663213985,0.9623352165725048,346.5050277224897,-0.12366106355205868,0.009235190774715619,0.03648942641087836,0.037639965308702124,1
1534.4775776497231,0.9629629629629631,346.75406870172577,-0.07045559545156835,0.05347764465641498,0.03540419352934217,0.06413513387731333,0
1535.4778889780475,0.9635907093534213,347.00507702890394,-0.04525976599604178,0.05065488867674357,0.035210471604145456,0.06169031575085037,0
1536.478200306372,0.9642184557438795,347.250534726488,-0.007589579931185142,0.01512378049314108,0.035195367743485376,0.038307214033441346,1
1537.4785116346964,0.9648462021343378,347.49384234714404,-0.008118893672354943,0.019468808287501832,0.035444630986508525,0.040439539585723036,0
1538.4788229630208,0.965473948524796,347.7262741852283,-0.005420958083403902,0.012118920399336366,0.036594894352472034,0.03854937774224171,1
1539.4791342913454,0.9661016949152543,347.95137319050775,-0.008911481947670552,0.006503752936958886,0.03761873865475289,0.03817680316945881,1
1540.4794456196698,0.9667294413057126,348.1828126505352,0.0034149575979256497,0.016771663828225775,0.03742420608138776,0.041010485346910944,0
1541.4797569479942,0.9673571876961709,348.4128289944591,0.0039473640057078934,0.010593605540766932,0.03707025211142163,0.03855422246599881,1
1542.4800682763187,0.967984934086629,348.6393983034496,0.004433212139405087,0.010753622453912131,0.03617235290370898,0.03773697802516448,1
1543.480379604643,0.9686126804770873,348.870821445852,0.009633736890609472,0.012865739669320916,0.03577224863128726,0.03801553668406341,1
1544.4806909329677,0.9692404268675456,349.0995583236856,0.012829511160665183,0.010730419566842706,0.03512971943462389,0.036731990030978066,1
1545.4810022612921,0.9698681732580039,349.3292771404689,0.0208185907502866,0.016190554694779084,0.03496159919741275,0.03852852812871477,0
1546.4813135896165,0.970495919648462,349.56080271859315,0.02236181338299856,0.011419918460349813,0.035525677151412,0.037316059206558706,1
1547.481624917941,0.9711236660389203,349.788147368035,0.020650951754610958,0.007126953746240951,0.03575629531928548,0.03645965063821943,1
1548.4819362462654,0.9717514124293786,350.0200917113554,0.02970469607750677,0.013278715270200338,0.03624188733742264,0.038597910267338144,1
1549.48224757459,0.9723791588198369,350.25045274570664,0.034483711600406274,0.011351989934793364,0.03717614434115559,0.03887072656323888,1
1550.4825589029144,0.9730069052102951,350.47879872659223,0.03679690801754355,0.012519053469301884,0.03776205301111316,0.03978315406527441,1
1551.4828702312388,0.9736346516007534,350.70668576493307,0.04335388450024311,0.023880958390498305,0.03845370563494672,0.0452657447824273,0
1552.4831815595633,0.9742623979912116,350.9331430000631,0.041500079363946236,0.00709116878460441,0.03862075493303916,0.03926636456726821,1
1553.4834928878877,0.9748901443816699,351.153999721789,0.04787478195846262,0.0096382656010331,0.03937941419930904,0.04054176151176464,1
1554.4838042162123,0.9755178907721281,351.3777495237888,0.03698122926148244,0.01903801028424677,0.03982751462458752,0.04414381900962828,0
1555.4841155445367,0.9761456371625864,351.5923418117316,0.025761414149548044,0.018634867837892054,0.0402961731862076,0.04439639481746846,0
1556.4844268728611,0.9767733835530447,351.8100867859025,0.01769424311445391,0.01549108342390585,0.04209267173158818,0.04485272209297506,0
1557.4847382011856,0.9774011299435029,352.03519794719267,0.016993281280196015,0.013396433677478925,0.04291290939517148,0.044955335923928856,0
1558.48504952951,0.9780288763339611,352.25427094502373,0.016000095544244333,0.015914999665916297,0.04272721032673768,0.04559497468659671,1
1559.4853608578346,0.9786566227244194,352.46495008641807,0.008396653739274436,0.008483231334531544,0.04172767349361581,0.04258126288715478,1
1560.485672186159,0.9792843691148777,352.69162127841736,0.006166631794258137,0.0031987315731143795,0.041814868399521136,0.04193703736491301,1
1561.4859835144835,0.979912115505336,352.8913972114942,0.01341673152127972,0.009127656882226097,0.03833126394226875,0.03940304449622544,1
1562.4862948428079,0.9805398618957941,353.0905075667272,0.015843556419963534,0.005802031823978405,0.03447272059457146,0.034957574836905515,1
1563.4866061711323,0.9811676082862524,353.2701818506172,-0.10289574576713108,0.06535693502916368,0.02694908645452311,0.07069499428629783,0
1564.486917499457,0.9817953546767108,353.4476187600759,-0.15127081918824387,0.031104035335903644,0.0164679821469292,0.0351945372205506,0
1565.4872288277813,0.982423101067169,353.6817056662442,-0.16321695095683708,0.0009058294920398778,0.014625414486022996,0.014653439048790578,1
1566.4875401561058,0.9830508474576272,353.92073985840966,-0.12977418903246302,0.029282080381415755,0.014706392362107069,0.032767639642976035,0
1567.4878514844302,0.9836785938480854,354.1660290761491,-0.13125109005293162,0.012812853260031733,0.015351906094720091,0.01999625538455162,1
1568.4881628127546,0.9843063402385437,354.40968461014927,-0.12290252565995274,0.0017005970146899388,0.01491735985692665,0.015013981993709031,1
1569.4884741410792,0.9849340866290021,354.65512984391074,-0.10863166165944449,9.449127368020498e-05,0.01522798524110855,0.015228278402505699,1
1570.4887854694036,0.9855618330194602,354.9035741983835,-0.05018878762101053,0.04344867009516528,0.016092079561811315,0.04633294678371078,0
1571.489096797728,0.9861895794099185,355.1471154307847,-0.03776924054904877,0.007565414403873539,0.01406545566302874,0.01597099051752785,1
1572.4894081260525,0.9868173258003767,355.3837413029117,-0.021646024561550802,0.0187436579884323,0.011598630570702246,0.02204207217806327,0
1573.489719454377,0.9874450721908351,355.6077218018728,-0.030661061629174924,0.007467553349447548,0.011355486111039566,0.013590857877443123,1
1574.4900307827015,0.9880728185812933,355.83191589462433,-0.025095782919282782,0.017682964242961063,0.01184026354846149,0.02128095546057238,0
1575.490342111026,0.9887005649717515,356.06018576072995,-0.030831760666380603,0.008425033255670221,0.012573865869666401,0.01513549762206419,1
1576.4906534393504,0.9893283113622098,356.28410245043153,-0.03227097644487742,0.007103012841018777,0.013258168500204653,0.015041004733710329,1
1577.4909647676748,0.9899560577526679,356.51091726438096,-0.02353094596847427,0.018365066940045697,0.01415116869998269,0.02318472038407471,0
1578.4912760959994,0.9905838041431263,356.7380091923514,-0.026432150806398467,0.011939588396373704,0.015070243902973665,0.019226700766640556,1
1579.4915874243238,0.9912115505335846,356.9617766548926,-0.03208740928459264,0.007321023182049212,0.015711336717898816,0.017333305567470318,1
1580.4918987526482,0.9918392969240428,357.19068681941695,-0.029952631466180435,0.008196671244423007,0.016186025690198693,0.018143121207028386,1
1581.4922100809727,0.992467043314501,357.4175208317414,-0.028442938535405915,0.005960536708204821,0.016754635215775516,0.01778330112953054,1
1582.492521409297,0.9930947897049592,357.64369095692814,-0.02813314618724405,0.007844034815959557,0.016818232890099295,0.018557527845583403,1
1583.4928327376217,0.9937225360954176,357.8713441422759,-0.026491999589147497,0.011549477752482105,0.016338499603510016,0.020008423367396444,1
1584.4931440659461,0.9943502824858759,358.09816205551175,-0.025528633911442,0.006569615793698911,0.017249485097301107,0.018458184845721724,1
1585.4934553942705,0.994978028876334,358.32777352430503,-0.018048300852115062,0.017390991312317906,0.015694426587488278,0.023425661244352865,1
1586.493766722595,0.9956057752667923,358.55383746691706,-0.017496824763390526,0.009740371926750944,0.01630795181467428,0.018995371479946795,1
1587.4940780509194,0.9962335216572505,358.7918344735601,-0.0007351077471128064,0.03575871718739502,0.014898397672781442,0.03873819959812845,0
1588.494389379244,0.9968612680477089,359.018600668177,-0.03520183566383631,0.005826282808568228,0.01232721958393525,0.013634731901873774,1
1589.4947007075684,0.9974890144381671,359.2626275422378,0.01843335617302273,0.03967370734817281,0.013140760424840383,0.04179333247411018,0
1590.4950120358928,0.9981167608286253,359.51211501048596,0.03677928005114544,0.006715786819022969,0.0158160424885454,0.017182810963228226,1
1591.4953233642173,0.9987445072190836,359.74203092162617,0.03673331708504435,0.007358134580886457,0.01785792779344321,0.019314443548450175,1
1592.4956346925417,0.9993722536095417,359.9722854023826,0.03829644570646451,0.005389627295468861,0.02129060346005412,0.021962192014399008,1
