config_id,bit_width_px,sigma_blur_ratio,noise_sigma_adu,filter_order,n_repeats,n_ok_repeats,sigma_mean,sigma_std,sigma_min,sigma_max,accuracy_mean,accuracy_std,accuracy_min,accuracy_max,n_trials_ok_total,n_trials_failed_total,n_failed_repeats
0,5.0,0.05,0,2,10,10,0.05232377179385074,0.012095836043707824,0.036468869754840726,0.07806548398009797,100.0,0.0,100.0,100.0,30,0,0
1,5.0,0.05,0,4,10,10,0.5919961299313967,0.0595142055062451,0.46545118876921676,0.6636118176026823,99.64285714285714,1.1293848786315617,96.42857142857143,100.0,30,0,0
2,5.0,0.05,50,2,10,10,0.05742474812344278,0.014126432322155718,0.030427020741463886,0.0832979297246559,100.0,0.0,100.0,100.0,30,0,0
3,5.0,0.05,50,4,10,10,0.5897240099610941,0.06192811205554031,0.4542553865362858,0.6651918720211824,99.64285714285714,1.1293848786315617,96.42857142857143,100.0,30,0,0
4,5.0,0.05,100,2,10,10,0.0654641803090072,0.0060530485768673795,0.057700893533324284,0.07995736746427655,100.0,0.0,100.0,100.0,30,0,0
5,5.0,0.05,100,4,10,10,0.5902751093713251,0.0604911441454736,0.45683519158702074,0.658003723732191,99.64285714285714,1.1293848786315617,96.42857142857143,100.0,30,0,0
6,5.0,0.05,150,2,10,10,0.07423242102176232,0.00939240333210726,0.062386775327820755,0.0895837813086432,100.0,0.0,100.0,100.0,30,0,0
7,5.0,0.05,150,4,10,10,0.589595072106982,0.0633563599218301,0.4431504185652528,0.65595647144472,99.64285714285714,1.1293848786315617,96.42857142857143,100.0,30,0,0
8,5.0,0.05,200,2,10,10,0.08037237220954341,0.012516378718910736,0.06218016401582079,0.1026899790086661,100.0,0.0,100.0,100.0,30,0,0
9,5.0,0.05,200,4,10,10,0.5911919791812487,0.06050508439871139,0.456748027527226,0.6627267776596738,99.64285714285714,1.1293848786315617,96.42857142857143,100.0,30,0,0
10,5.0,0.05,250,2,10,10,0.09506168069619628,0.014329066899853702,0.07593318872066886,0.12125579713171113,100.0,0.0,100.0,100.0,30,0,0
11,5.0,0.05,250,4,10,10,0.5890234004234516,0.06128299436902449,0.44668857489177477,0.6549615631854083,99.64285714285714,1.1293848786315617,96.42857142857143,100.0,30,0,0
12,5.0,0.06,0,2,10,10,0.05447386343869587,0.010003208481794696,0.03874657638744874,0.06899465211969592,100.0,0.0,100.0,100.0,30,0,0
13,5.0,0.06,0,4,10,10,0.594848449721274,0.06313241765177223,0.45711441319165563,0.6714315135780611,99.64285714285714,1.1293848786315617,96.42857142857143,100.0,30,0,0
14,5.0,0.06,50,2,10,10,0.05631540001195619,0.010636592288873618,0.043896839042085224,0.07716581033312997,100.0,0.0,100.0,100.0,30,0,0
15,5.0,0.06,50,4,10,10,0.5884460439797891,0.06079886340900239,0.45589209143503534,0.661735190998792,99.64285714285714,1.1293848786315617,96.42857142857143,100.0,30,0,0
16,5.0,0.06,100,2,10,10,0.06655434786515643,0.010488751263333727,0.055431883275327914,0.0904209023018599,100.0,0.0,100.0,100.0,30,0,0
17,5.0,0.06,100,4,10,10,0.5891706481647397,0.06119962556795518,0.453873372752657,0.6573820248546219,99.64285714285714,1.1293848786315617,96.42857142857143,100.0,30,0,0
18,5.0,0.06,150,2,10,10,0.0734333205607246,0.012046013347028041,0.05864423116607984,0.09567797146162056,100.0,0.0,100.0,100.0,30,0,0
19,5.0,0.06,150,4,10,10,0.5913263160363361,0.05952237265488118,0.4558020470312689,0.6527500421170052,99.64285714285714,1.1293848786315617,96.42857142857143,100.0,30,0,0
20,5.0,0.06,200,2,10,10,0.08480893527788613,0.011919641094359203,0.06631516579840227,0.10482462094383016,100.0,0.0,100.0,100.0,30,0,0
21,5.0,0.06,200,4,10,10,0.5933225701762976,0.05945563395036761,0.4637742503031154,0.6578788672626971,99.64285714285714,1.1293848786315617,96.42857142857143,100.0,30,0,0
22,5.0,0.06,250,2,10,10,0.09689021075536261,0.014022710775937603,0.07164459147776564,0.1179812147669485,100.0,0.0,100.0,100.0,30,0,0
23,5.0,0.06,250,4,10,10,0.5922725401569578,0.06288896580662072,0.44096634651486366,0.6578201747524269,99.64285714285714,1.1293848786315617,96.42857142857143,100.0,30,0,0
24,5.0,0.07,0,2,10,10,0.055609272075908246,0.012764680550005417,0.03974627091345822,0.08347143452713572,100.0,0.0,100.0,100.0,30,0,0
25,5.0,0.07,0,4,10,10,0.5963197630488518,0.06084461322586709,0.46982478281138346,0.6777250520242001,99.64285714285714,1.1293848786315617,96.42857142857143,100.0,30,0,0
26,5.0,0.07,50,2,10,10,0.05887134334738382,0.013700032609737308,0.04132258244704202,0.07991587600613487,100.0,0.0,100.0,100.0,30,0,0
27,5.0,0.07,50,4,10,10,0.5954711895247922,0.06596106431280166,0.4502064172582551,0.6777395745161382,99.64285714285714,1.1293848786315617,96.42857142857143,100.0,30,0,0
28,5.0,0.07,100,2,10,10,0.0638866000235688,0.010452789817991711,0.04703828496248665,0.08762853810378647,100.0,0.0,100.0,100.0,30,0,0
29,5.0,0.07,100,4,10,10,0.5932356430927523,0.06270179310816562,0.4501437971286824,0.6650650802973478,99.64285714285714,1.1293848786315617,96.42857142857143,100.0,30,0,0
30,5.0,0.07,150,2,10,10,0.07528538672725557,0.00850754210344818,0.06472325968809248,0.09179391571902433,100.0,0.0,100.0,100.0,30,0,0
31,5.0,0.07,150,4,10,10,0.5943240745622005,0.06025100599316485,0.4566225422187542,0.6566125056816468,99.64285714285714,1.1293848786315617,96.42857142857143,100.0,30,0,0
32,5.0,0.07,200,2,10,10,0.08802435699610496,0.0094953956629222,0.07587394267505654,0.10170523197490283,100.0,0.0,100.0,100.0,30,0,0
33,5.0,0.07,200,4,10,10,0.5923265742314583,0.060343727197169454,0.44971390112436116,0.66111709632876,99.64285714285714,1.1293848786315617,96.42857142857143,100.0,30,0,0
34,5.0,0.07,250,2,10,10,0.10026583147779167,0.01693242353065198,0.08151756215065442,0.12587649093773598,100.0,0.0,100.0,100.0,30,0,0
35,5.0,0.07,250,4,10,10,0.5949637298816577,0.058571988223174734,0.45679823386203244,0.659945888938914,99.64285714285714,1.1293848786315617,96.42857142857143,100.0,30,0,0
36,5.0,0.08,0,2,10,10,0.05796811560666513,0.0114886256764789,0.04219779021614492,0.0835356389064847,100.0,0.0,100.0,100.0,30,0,0
37,5.0,0.08,0,4,10,10,0.5989151031216862,0.06642516461867363,0.46227897744734575,0.686155514464183,99.64285714285714,1.1293848786315617,96.42857142857143,100.0,30,0,0
38,5.0,0.08,50,2,10,10,0.05651616392338689,0.009675902404112095,0.042052834375203185,0.07446870018671467,100.0,0.0,100.0,100.0,30,0,0
39,5.0,0.08,50,4,10,10,0.5982290955814024,0.058918674628424955,0.4713228386454184,0.6716130193065921,99.64285714285714,1.1293848786315617,96.42857142857143,100.0,30,0,0
40,5.0,0.08,100,2,10,10,0.0662055199582722,0.011244646246148385,0.04368536550782925,0.08397350023413891,100.0,0.0,100.0,100.0,30,0,0
41,5.0,0.08,100,4,10,10,0.5965780079554409,0.06093349782717666,0.46307644033697376,0.6643281239409745,99.64285714285714,1.1293848786315617,96.42857142857143,100.0,30,0,0
42,5.0,0.08,150,2,10,10,0.0762367944049416,0.0119358292952851,0.05644806676739686,0.09185239891143633,100.0,0.0,100.0,100.0,30,0,0
43,5.0,0.08,150,4,10,10,0.5967153414316,0.061103947473441785,0.4569658966241435,0.6688548604980732,99.64285714285714,1.1293848786315617,96.42857142857143,100.0,30,0,0
44,5.0,0.08,200,2,10,10,0.08534924487767818,0.010786347142033558,0.06623505197415902,0.1020112188684425,100.0,0.0,100.0,100.0,30,0,0
45,5.0,0.08,200,4,10,10,0.5979523937076556,0.058476948834016884,0.465305826311116,0.6664759068730731,99.64285714285714,1.1293848786315617,96.42857142857143,100.0,30,0,0
46,5.0,0.08,250,2,10,10,0.10235437707415673,0.014745772772648989,0.08169897948538789,0.12004228750915462,100.0,0.0,100.0,100.0,30,0,0
47,5.0,0.08,250,4,10,10,0.5985910732082521,0.059010576375968966,0.4678166671419934,0.6681283710243441,99.64285714285714,1.1293848786315617,96.42857142857143,100.0,30,0,0
48,5.0,0.09,0,2,10,10,0.06140685202306899,0.01340499926730527,0.038761396086397025,0.08507151528064265,100.0,0.0,100.0,100.0,30,0,0
49,5.0,0.09,0,4,10,10,0.6015711489735264,0.061976536959179124,0.4722682482073049,0.6847443900604305,99.64285714285714,1.1293848786315617,96.42857142857143,100.0,30,0,0
50,5.0,0.09,50,2,10,10,0.06368941559353171,0.012858963439459335,0.042330048462403784,0.08556430741549222,100.0,0.0,100.0,100.0,30,0,0
51,5.0,0.09,50,4,10,10,0.6009407637842108,0.06422932144750669,0.4616792968852758,0.6795203153838493,99.64285714285714,1.1293848786315617,96.42857142857143,100.0,30,0,0
52,5.0,0.09,100,2,10,10,0.06921319084290621,0.009933711233547166,0.05424418274009307,0.08892753335668875,100.0,0.0,100.0,100.0,30,0,0
53,5.0,0.09,100,4,10,10,0.5990041448577005,0.06271010353483977,0.45758773595695484,0.6647021999378886,99.64285714285714,1.1293848786315617,96.42857142857143,100.0,30,0,0
54,5.0,0.09,150,2,10,10,0.0812779671202226,0.014972637620391116,0.05154019280495567,0.10274658714354051,100.0,0.0,100.0,100.0,30,0,0
55,5.0,0.09,150,4,10,10,0.5991589683000502,0.05998210400135462,0.46515575358878986,0.6732224706883675,99.64285714285714,1.1293848786315617,96.42857142857143,100.0,30,0,0
56,5.0,0.09,200,2,10,10,0.08891810421064042,0.010645699257569693,0.06995907034215301,0.10422515978272262,100.0,0.0,100.0,100.0,30,0,0
57,5.0,0.09,200,4,10,10,0.6005655788077826,0.059250537738942996,0.46288127399178736,0.6652733925723017,99.64285714285714,1.1293848786315617,96.42857142857143,100.0,30,0,0
58,5.0,0.09,250,2,10,10,0.10284402434084501,0.01286773851057343,0.08775937058854057,0.12064335152744693,100.0,0.0,100.0,100.0,30,0,0
59,5.0,0.09,250,4,10,10,0.6010099450513364,0.05846449189100376,0.46831116392757766,0.6701006729983918,99.64285714285714,1.1293848786315617,96.42857142857143,100.0,30,0,0
60,5.0,0.1,0,2,10,10,0.06311040622050303,0.015010166874559742,0.044095113773360985,0.09260712274573683,100.0,0.0,100.0,100.0,30,0,0
61,5.0,0.1,0,4,10,10,0.6063091443381988,0.061889687673401944,0.47684111545503277,0.6846352693637451,99.64285714285714,1.1293848786315617,96.42857142857143,100.0,30,0,0
62,5.0,0.1,50,2,10,10,0.06549639364049428,0.01045598397896764,0.049597034712245386,0.08534335986367299,100.0,0.0,100.0,100.0,30,0,0
63,5.0,0.1,50,4,10,10,0.6019808872589444,0.06350895561131485,0.45998085716300396,0.6832364641572446,99.64285714285714,1.1293848786315617,96.42857142857143,100.0,30,0,0
64,5.0,0.1,100,2,10,10,0.07177145615337654,0.011342935293853964,0.053284602895493284,0.09484044143069127,100.0,0.0,100.0,100.0,30,0,0
65,5.0,0.1,100,4,10,10,0.6046768706737236,0.062451891207845514,0.462789811842371,0.67796814070482,99.64285714285714,1.1293848786315617,96.42857142857143,100.0,30,0,0
66,5.0,0.1,150,2,10,10,0.07760247316283422,0.013583815971037269,0.05959565445560234,0.09836711460764425,100.0,0.0,100.0,100.0,30,0,0
67,5.0,0.1,150,4,10,10,0.6012063059256184,0.0646067213296195,0.453642121567803,0.6689801857196445,99.64285714285714,1.1293848786315617,96.42857142857143,100.0,30,0,0
68,5.0,0.1,200,2,10,10,0.0961688172649158,0.016611630845704092,0.06960831926308324,0.11553550224509028,100.0,0.0,100.0,100.0,30,0,0
69,5.0,0.1,200,4,10,10,0.6031547858144597,0.061916268553766474,0.4598039935694975,0.6724479715611774,99.5279146141215,1.1473464272170726,96.42857142857143,100.0,30,0,0
70,5.0,0.1,250,2,10,10,0.1074402158753309,0.01479127611623966,0.08982141361871097,0.1321725006059387,100.0,0.0,100.0,100.0,30,0,0
71,5.0,0.1,250,4,10,10,0.6034707283571462,0.05971667299484229,0.4641068649376871,0.6684967767118676,99.64285714285714,1.1293848786315617,96.42857142857143,100.0,30,0,0
72,5.0,0.11,0,2,10,10,0.06637337231397457,0.012214750612121275,0.05187198360410603,0.08548161318547222,100.0,0.0,100.0,100.0,30,0,0
73,5.0,0.11,0,4,10,10,0.612122914840071,0.0642120786814323,0.4823383607517185,0.6907521727368868,99.64285714285714,1.1293848786315617,96.42857142857143,100.0,30,0,0
74,5.0,0.11,50,2,10,10,0.06710402746428339,0.018231138386005336,0.039317723935817374,0.10422906521304215,100.0,0.0,100.0,100.0,30,0,0
75,5.0,0.11,50,4,10,10,0.6073047326933458,0.06215036358696656,0.47562911666143703,0.6930663562803524,99.64285714285714,1.1293848786315617,96.42857142857143,100.0,30,0,0
76,5.0,0.11,100,2,10,10,0.07295477282726323,0.016331843178434228,0.04897076823151051,0.1119025880226638,100.0,0.0,100.0,100.0,30,0,0
77,5.0,0.11,100,4,10,10,0.6067435166896877,0.06417168367931783,0.46045733324017135,0.6844615837004316,99.64285714285714,1.1293848786315617,96.42857142857143,100.0,30,0,0
78,5.0,0.11,150,2,10,10,0.08630408324599122,0.012113924971141622,0.06707936645831677,0.10979622379704874,100.0,0.0,100.0,100.0,30,0,0
79,5.0,0.11,150,4,10,10,0.605138324198188,0.0627123003046645,0.4610816712808343,0.6782597322882479,99.64285714285714,1.1293848786315617,96.42857142857143,100.0,30,0,0
80,5.0,0.11,200,2,10,10,0.09683088684965174,0.01641794165082275,0.07421565606208219,0.1264874899184962,100.0,0.0,100.0,100.0,30,0,0
81,5.0,0.11,200,4,10,10,0.6039215005128769,0.06412862904551207,0.4528249526592327,0.6770099721242536,99.5279146141215,1.1473464272170726,96.42857142857143,100.0,30,0,0
82,5.0,0.11,250,2,10,10,0.1101878778857718,0.01798346998994049,0.09056612169082645,0.13668757938967718,100.0,0.0,100.0,100.0,30,0,0
83,5.0,0.11,250,4,10,10,0.6090818119863234,0.060686246824982616,0.4710759674339486,0.6778154767430955,99.64285714285714,1.1293848786315617,96.42857142857143,100.0,30,0,0
84,5.0,0.12,0,2,10,10,0.07450080145509283,0.017420825439389314,0.056458846322669044,0.10620630998364132,100.0,0.0,100.0,100.0,30,0,0
85,5.0,0.12,0,4,10,10,0.6134467984012193,0.0664041660195555,0.4709259059315807,0.7015894407243531,99.65106732348112,1.1034220078584258,96.51067323481116,100.0,30,0,0
86,5.0,0.12,50,2,10,10,0.06988611374101944,0.017505027573472175,0.04825496336566346,0.10060419387171488,100.0,0.0,100.0,100.0,30,0,0
87,5.0,0.12,50,4,10,10,0.6137061219283855,0.06587004441426067,0.4673529734330291,0.6930382576668036,99.5320197044335,1.1350325204211276,96.4696223316913,100.0,30,0,0
88,5.0,0.12,100,2,10,10,0.07875287109783093,0.015575199917556279,0.05299369058373105,0.10297812673911912,100.0,0.0,100.0,100.0,30,0,0
89,5.0,0.12,100,4,10,10,0.6110983635763569,0.06257751032625991,0.47208919741173433,0.6862127364811385,99.64285714285714,1.1293848786315617,96.42857142857143,100.0,30,0,0
90,5.0,0.12,150,2,10,10,0.08461682113303245,0.009834148617619111,0.06653577687824265,0.10129336168795057,100.0,0.0,100.0,100.0,30,0,0
91,5.0,0.12,150,4,10,10,0.6103631670666132,0.06216779904105847,0.4669266037178344,0.6832351320036061,99.5279146141215,1.1473464272170726,96.42857142857143,100.0,30,0,0
92,5.0,0.12,200,2,10,10,0.09992740416030646,0.012335387917564439,0.07722883139158052,0.1193782758823256,100.0,0.0,100.0,100.0,30,0,0
93,5.0,0.12,200,4,10,10,0.6111853155223889,0.06394405953513194,0.45924831821166273,0.6781812856533999,99.64285714285714,1.1293848786315617,96.42857142857143,100.0,30,0,0
94,5.0,0.12,250,2,10,10,0.11258496424829416,0.014331202597809555,0.09232092744746517,0.13222845663099245,100.0,0.0,100.0,100.0,30,0,0
95,5.0,0.12,250,4,10,10,0.6073758101130761,0.05928154033118675,0.46945956161954694,0.6757599801710926,99.5279146141215,1.1473464272170726,96.42857142857143,100.0,30,0,0
96,5.0,0.13,0,2,10,10,0.0742146978675319,0.017340531164258863,0.05365478315263315,0.11296595327886365,100.0,0.0,100.0,100.0,30,0,0
97,5.0,0.13,0,4,10,10,0.6198063228600637,0.07086869977993146,0.47544119527604645,0.7164892005159067,99.65517241379311,1.0904405724718573,96.55172413793103,100.0,30,0,0
98,5.0,0.13,50,2,10,10,0.07290136406035044,0.015440730039723204,0.04808624971000975,0.09571004078393612,100.0,0.0,100.0,100.0,30,0,0
99,5.0,0.13,50,4,10,10,0.6148373779613966,0.06627021113366599,0.46864449412616777,0.7073525397995087,99.54022988505747,1.1104503253785023,96.55172413793103,100.0,30,0,0
100,5.0,0.13,100,2,10,10,0.07933919712280987,0.008996987190864402,0.07115934487021772,0.10272172503587051,100.0,0.0,100.0,100.0,30,0,0
101,5.0,0.13,100,4,10,10,0.6176105309164577,0.06307659865339328,0.4788176296351176,0.6957209856885794,99.41707717569787,1.2627258985942378,96.4696223316913,100.0,30,0,0
102,5.0,0.13,150,2,10,10,0.08922442361777533,0.013059999040634589,0.05773059650706495,0.10531393759390795,100.0,0.0,100.0,100.0,30,0,0
103,5.0,0.13,150,4,10,10,0.6159644303069594,0.06232927797657923,0.4750717544778611,0.6906349128193322,99.64285714285714,1.1293848786315617,96.42857142857143,100.0,30,0,0
104,5.0,0.13,200,2,10,10,0.10243765982119087,0.01063711388942265,0.08079101735777415,0.11575335476188636,100.0,0.0,100.0,100.0,30,0,0
105,5.0,0.13,200,4,10,10,0.6127623975917609,0.0628235975802215,0.46268753802213375,0.6862144519426258,99.64285714285714,1.1293848786315617,96.42857142857143,100.0,30,0,0
106,5.0,0.13,250,2,10,10,0.1174850504581205,0.01794432553822345,0.09439606809852906,0.1413700060397972,100.0,0.0,100.0,100.0,30,0,0
107,5.0,0.13,250,4,10,10,0.6135703966909508,0.06444311915661964,0.46065091181917456,0.6866283287374056,99.41297208538587,1.2733943388663083,96.42857142857143,100.0,30,0,0
108,5.0,0.14,0,2,10,10,0.07828167683640856,0.018496357481584992,0.059101005566647845,0.11475036507898499,100.0,0.0,100.0,100.0,30,0,0
109,5.0,0.14,0,4,10,10,0.6255237972981672,0.06650694510460974,0.4843820907160708,0.710876834715933,99.65517241379311,1.0904405724718573,96.55172413793103,100.0,30,0,0
110,5.0,0.14,50,2,10,10,0.08150664120878418,0.021093158062353522,0.056770456913252866,0.12471246148147291,100.0,0.0,100.0,100.0,30,0,0
111,5.0,0.14,50,4,10,10,0.6228508076087194,0.06656992897608599,0.4808318666373983,0.7093073724920548,99.65517241379311,1.0904405724718573,96.55172413793103,100.0,30,0,0
112,5.0,0.14,100,2,10,10,0.08424003285139922,0.013637640140675368,0.05724164921050192,0.10602636463008012,100.0,0.0,100.0,100.0,30,0,0
113,5.0,0.14,100,4,10,10,0.6216232236225249,0.06525816721504674,0.47777683888469347,0.7022293030528792,99.65517241379311,1.0904405724718573,96.55172413793103,100.0,30,0,0
114,5.0,0.14,150,2,10,10,0.09502105620818872,0.011584014396205588,0.07253686084183848,0.11115951962046096,100.0,0.0,100.0,100.0,30,0,0
115,5.0,0.14,150,4,10,10,0.6196083525314313,0.06549623323185451,0.4734834906895851,0.6991217150442463,99.54022988505747,1.1104503253785023,96.55172413793103,100.0,30,0,0
116,5.0,0.14,200,2,10,10,0.10718798711486358,0.01496040467976927,0.08107628442426563,0.12626966662408637,100.0,0.0,100.0,100.0,30,0,0
117,5.0,0.14,200,4,10,10,0.6200248004335861,0.06552927605870469,0.46881329440824654,0.7010756148250721,99.64285714285714,1.1293848786315617,96.42857142857143,100.0,30,0,0
118,5.0,0.14,250,2,10,10,0.12062784993968219,0.01587033946020758,0.09278684519837051,0.138074673325024,100.0,0.0,100.0,100.0,30,0,0
119,5.0,0.14,250,4,10,10,0.6189875887896215,0.06275597316196115,0.4726206058107738,0.6944140170833224,99.41297208538587,1.2733943388663083,96.42857142857143,100.0,30,0,0
120,5.0,0.15,0,2,10,10,0.08503850227467072,0.015936603861702574,0.06445683895888597,0.11512771273889194,100.0,0.0,100.0,100.0,30,0,0
121,5.0,0.15,0,4,10,10,0.6292296052625637,0.07060854395820507,0.4778589350130023,0.7189504207083052,99.65517241379311,1.0904405724718573,96.55172413793103,100.0,30,0,0
122,5.0,0.15,50,2,10,10,0.08381326552413157,0.018375279080812754,0.06094768470785897,0.12127639958860188,100.0,0.0,100.0,100.0,30,0,0
123,5.0,0.15,50,4,10,10,0.6263608670490164,0.06966418705820714,0.4720467302184284,0.7141660082149418,99.65517241379311,1.0904405724718573,96.55172413793103,100.0,30,0,0
124,5.0,0.15,100,2,10,10,0.09046595380794906,0.02112343644628413,0.0617144541357428,0.1340933391019945,100.0,0.0,100.0,100.0,30,0,0
125,5.0,0.15,100,4,10,10,0.6256385054890604,0.06837715435773688,0.47679566406531754,0.7127543389689607,99.42528735632183,1.2415212065915424,96.55172413793103,100.0,30,0,0
126,5.0,0.15,150,2,10,10,0.10011561037761005,0.017361430922946147,0.06593484180025483,0.12646927600622815,100.0,0.0,100.0,100.0,30,0,0
127,5.0,0.15,150,4,10,10,0.6244169989084478,0.06453469785154876,0.47804533496390406,0.706535265794305,99.54022988505747,1.1104503253785023,96.55172413793103,100.0,30,0,0
128,5.0,0.15,200,2,10,10,0.11374447366515464,0.02023601012584147,0.07475978837872883,0.14793922834375026,100.0,0.0,100.0,100.0,30,0,0
129,5.0,0.15,200,4,10,10,0.6237874523722207,0.06631370446813836,0.4713679512822429,0.6987163635680366,99.54022988505747,1.1104503253785023,96.55172413793103,100.0,30,0,0
130,5.0,0.15,250,2,10,10,0.12976064433720916,0.020164842532259,0.10048669588211623,0.16154081420909286,100.0,0.0,100.0,100.0,30,0,0
131,5.0,0.15,250,4,10,10,0.6234019991238902,0.06549974643452217,0.47155006401947447,0.7004380243472971,99.5279146141215,1.1473464272170726,96.42857142857143,100.0,30,0,0
132,5.0,0.16,0,2,10,10,0.09441911120272796,0.017610814137168588,0.07266148222081888,0.12208698364824444,100.0,0.0,100.0,100.0,30,0,0
133,5.0,0.16,0,4,10,10,0.635115327261389,0.0687260841705008,0.49278485087716567,0.721825002349702,99.65517241379311,1.0904405724718573,96.55172413793103,100.0,30,0,0
134,5.0,0.16,50,2,10,10,0.09187695185169806,0.01730623711235009,0.07200956360603955,0.1262230796453601,100.0,0.0,100.0,100.0,30,0,0
135,5.0,0.16,50,4,10,10,0.6358303201477836,0.06812241140367312,0.48714512075621325,0.7296652469197683,99.54022988505747,1.1104503253785023,96.55172413793103,100.0,30,0,0
136,5.0,0.16,100,2,10,10,0.09558131963353707,0.02019940093571216,0.057571675129141,0.13482888951473027,100.0,0.0,100.0,100.0,30,0,0
137,5.0,0.16,100,4,10,10,0.631852635587377,0.06661739246065185,0.4872122755694823,0.7166021679886122,99.65517241379311,1.0904405724718573,96.55172413793103,100.0,30,0,0
138,5.0,0.16,150,2,10,10,0.10479499476180984,0.018136059781726267,0.06464551982705023,0.1333773709398441,100.0,0.0,100.0,100.0,30,0,0
139,5.0,0.16,150,4,10,10,0.6300992977014295,0.06683621998266961,0.4735769581945772,0.7155743850592712,99.42528735632183,1.2415212065915424,96.55172413793103,100.0,30,0,0
140,5.0,0.16,200,2,10,10,0.11743279469422299,0.013602787705069182,0.09548137185518833,0.14016889677572683,100.0,0.0,100.0,100.0,30,0,0
141,5.0,0.16,200,4,10,10,0.6265156078852412,0.07017596485307745,0.46712545815337164,0.7093761859705204,99.42528735632183,1.2415212065915424,96.55172413793103,100.0,30,0,0
142,5.0,0.16,250,2,10,10,0.1277241881817128,0.017638444261082926,0.09439012283224996,0.15008266672316622,100.0,0.0,100.0,100.0,30,0,0
143,5.0,0.16,250,4,10,10,0.6291216431450934,0.06507091567370343,0.47541642137986956,0.7051948854205579,99.30623973727423,1.237359236640742,96.55172413793103,100.0,30,0,0
144,5.0,0.17,0,2,10,10,0.10001174305316048,0.017542675959137718,0.07506514875622362,0.1292391316790207,100.0,0.0,100.0,100.0,30,0,0
145,5.0,0.17,0,4,10,10,0.642715319895516,0.07246721035827257,0.4850644417204584,0.7385380597319475,99.54022988505747,1.1104503253785023,96.55172413793103,100.0,30,0,0
146,5.0,0.17,50,2,10,10,0.10029886932083058,0.018036854847651395,0.07910614540938103,0.13736193098788843,100.0,0.0,100.0,100.0,30,0,0
147,5.0,0.17,50,4,10,10,0.6369488426836153,0.0694734978865231,0.4924979673435767,0.7297602833385287,99.54022988505747,1.1104503253785023,96.55172413793103,100.0,30,0,0
148,5.0,0.17,100,2,10,10,0.10205400654608107,0.02030797146545017,0.0661670430706038,0.14134214903349376,100.0,0.0,100.0,100.0,30,0,0
149,5.0,0.17,100,4,10,10,0.6359996827185339,0.06738226514068586,0.4880016131287847,0.7213974465782051,99.54022988505747,1.1104503253785023,96.55172413793103,100.0,30,0,0
150,5.0,0.17,150,2,10,10,0.1130325306090153,0.018354103718494285,0.08204134315408651,0.1439555388026661,100.0,0.0,100.0,100.0,30,0,0
151,5.0,0.17,150,4,10,10,0.6341957750535165,0.06785499721741081,0.4811096472527146,0.7131115963501741,99.42528735632183,1.2415212065915424,96.55172413793103,100.0,30,0,0
152,5.0,0.17,200,2,10,10,0.1224261872025926,0.018180666379255157,0.08591781588704057,0.1519145008433139,100.0,0.0,100.0,100.0,30,0,0
153,5.0,0.17,200,4,10,10,0.6331890569688439,0.06740116170469178,0.4770530711072012,0.7171920541599662,99.42528735632183,1.2415212065915424,96.55172413793103,100.0,30,0,0
154,5.0,0.17,250,2,10,10,0.13347576429680913,0.015352484202727081,0.10367023398796871,0.15379269760624548,100.0,0.0,100.0,100.0,30,0,0
155,5.0,0.17,250,4,10,10,0.6334362628120153,0.06601644668747036,0.4789832320567103,0.7151565096626532,98.95320197044336,1.6858381936273454,96.42857142857143,100.0,30,0,0
156,5.0,0.18,0,2,10,10,0.10694387163260263,0.020889258377137832,0.07581438902474857,0.1393677141833647,100.0,0.0,100.0,100.0,30,0,0
157,5.0,0.18,0,4,10,10,0.6460894791987568,0.07044891332955636,0.5000135756172296,0.742165584473645,99.54022988505747,1.1104503253785023,96.55172413793103,100.0,30,0,0
158,5.0,0.18,50,2,10,10,0.10663455024921506,0.019378671461776256,0.08430193993654354,0.1421151232139822,100.0,0.0,100.0,100.0,30,0,0
159,5.0,0.18,50,4,10,10,0.6443312638366876,0.07319910740344468,0.4897271991784193,0.7428971100333323,99.42528735632183,1.2415212065915424,96.55172413793103,100.0,30,0,0
160,5.0,0.18,100,2,10,10,0.10837801255684198,0.02047097201160499,0.07482614962669971,0.14360907501484962,100.0,0.0,100.0,100.0,30,0,0
161,5.0,0.18,100,4,10,10,0.640772859221814,0.07058627852328199,0.48793311249628185,0.7288439556871595,99.65517241379311,1.0904405724718573,96.55172413793103,100.0,30,0,0
162,5.0,0.18,150,2,10,10,0.11772093486001878,0.01922213141096004,0.08164963957816944,0.15359798408690487,100.0,0.0,100.0,100.0,30,0,0
163,5.0,0.18,150,4,10,10,0.6398089537900291,0.07102751592871583,0.4807130595661653,0.7292423069606918,99.42528735632183,1.2415212065915424,96.55172413793103,100.0,30,0,0
164,5.0,0.18,200,2,10,10,0.1289598229010557,0.020038121289036082,0.0929805107541793,0.1645523987797617,100.0,0.0,100.0,100.0,30,0,0
165,5.0,0.18,200,4,10,10,0.6376350732301489,0.06831387857201145,0.4788994574065746,0.7214464545986078,99.06814449917898,1.5364777787920756,96.42857142857143,100.0,30,0,0
166,5.0,0.18,250,2,10,10,0.14505752339987799,0.0252161575350059,0.10150826416502756,0.18616484911921394,100.0,0.0,100.0,100.0,30,0,0
167,5.0,0.18,250,4,10,10,0.6380512794253581,0.06864224728829722,0.47295715655699144,0.7226627682657942,98.95320197044336,1.6858381936273454,96.42857142857143,100.0,30,0,0
168,5.0,0.19,0,2,10,10,0.11552003433573299,0.021155284943886934,0.0890036343180195,0.15445183073350166,100.0,0.0,100.0,100.0,30,0,0
169,5.0,0.19,0,4,10,10,0.6529515022779776,0.07713443736807671,0.4871171893102972,0.7555794412141154,99.65517241379311,1.0904405724718573,96.55172413793103,100.0,30,0,0
170,5.0,0.19,50,2,10,10,0.11461387759825607,0.0209406476617012,0.09125554442640132,0.15241519126993333,100.0,0.0,100.0,100.0,30,0,0
171,5.0,0.19,50,4,10,10,0.650428172273028,0.07545391531889806,0.4874249242159457,0.7468186315963798,99.54022988505747,1.1104503253785023,96.55172413793103,100.0,30,0,0
172,5.0,0.19,100,2,10,10,0.12033354552462408,0.021479419026566977,0.09010934331910903,0.16372662669307061,100.0,0.0,100.0,100.0,30,0,0
173,5.0,0.19,100,4,10,10,0.6445652364690336,0.07361557522193102,0.47920103978326795,0.7382518140784619,99.3103448275862,1.4539207632958067,96.55172413793103,100.0,30,0,0
174,5.0,0.19,150,2,10,10,0.12293802189694789,0.022724480507753723,0.07610308475867954,0.16398914525562067,100.0,0.0,100.0,100.0,30,0,0
175,5.0,0.19,150,4,10,10,0.6453283024239982,0.06865265077930509,0.48685148350928814,0.7300504909281705,99.19129720853859,1.439847382065618,96.55172413793103,100.0,30,0,0
176,5.0,0.19,200,2,10,10,0.13355692396547644,0.02359405664278344,0.08364166839648686,0.1731897436502938,100.0,0.0,100.0,100.0,30,0,0
177,5.0,0.19,200,4,10,10,0.6451930143645426,0.0671379764958382,0.48858231780102473,0.7242397345601425,98.95320197044336,1.6858381936273454,96.42857142857143,100.0,30,0,0
178,5.0,0.19,250,2,10,10,0.1466846660164705,0.018892469788172647,0.1176715551980471,0.18439474124563274,100.0,0.0,100.0,100.0,30,0,0
179,5.0,0.19,250,4,10,10,0.6424290929899446,0.07281474622894206,0.46791449853814565,0.7305850828297961,98.95320197044336,1.6858381936273454,96.42857142857143,100.0,30,0,0
180,5.0,0.2,0,2,10,10,0.12394844071570124,0.02207174220017867,0.08951740885200933,0.16095635126689317,100.0,0.0,100.0,100.0,30,0,0
181,5.0,0.2,0,4,10,10,0.6603632743018499,0.07461023831967886,0.5091169607335158,0.7657936658418113,99.54022988505747,1.1104503253785023,96.55172413793103,100.0,30,0,0
182,5.0,0.2,50,2,10,10,0.12639896670391235,0.0231002206784497,0.09905827355140856,0.16833506763004413,100.0,0.0,100.0,100.0,30,0,0
183,5.0,0.2,50,4,10,10,0.6565968660565094,0.07383435525271272,0.4996144859623683,0.7551835265011532,99.65517241379311,1.0904405724718573,96.55172413793103,100.0,30,0,0
184,5.0,0.2,100,2,10,10,0.12665539744852816,0.023862486867249965,0.09090709790699314,0.16949189370647288,100.0,0.0,100.0,100.0,30,0,0
185,5.0,0.2,100,4,10,10,0.653828498362057,0.0728546921066144,0.49423608703711364,0.7479665797775592,99.06814449917898,1.5364777787920756,96.42857142857143,100.0,30,0,0
186,5.0,0.2,150,2,10,10,0.13311263904635062,0.019194423473234242,0.09829714293909607,0.1646413505444004,100.0,0.0,100.0,100.0,30,0,0
187,5.0,0.2,150,4,10,10,0.6529853145610022,0.07018165352793428,0.495058595900075,0.7458490060680439,98.95320197044336,1.6858381936273454,96.42857142857143,100.0,30,0,0
188,5.0,0.2,200,2,10,10,0.14567742448820045,0.024706144903614644,0.10282550340303319,0.1926810642972817,100.0,0.0,100.0,100.0,30,0,0
189,5.0,0.2,200,4,10,10,0.6512648102433832,0.07099230044167867,0.48408562932602034,0.7371592851085781,98.95320197044336,1.6858381936273454,96.42857142857143,100.0,30,0,0
190,5.0,0.2,250,2,10,10,0.16006133075509926,0.02457122561082433,0.1231013343775902,0.19960258596841976,100.0,0.0,100.0,100.0,30,0,0
191,5.0,0.2,250,4,10,10,0.6485817633315036,0.07060978612060817,0.47508157179075644,0.7280289422139316,98.95320197044336,1.6858381936273454,96.42857142857143,100.0,30,0,0
192,5.5,0.05,0,2,10,10,0.04303627354874168,0.009719061607171666,0.03203829710549444,0.0677936256177952,100.0,0.0,100.0,100.0,30,0,0
193,5.5,0.05,0,4,10,10,0.5014732570085454,0.05192514980906386,0.40425966622973714,0.5598700261834978,100.0,0.0,100.0,100.0,30,0,0
194,5.5,0.05,50,2,10,10,0.04840123114465987,0.007969674154824457,0.036233355776731146,0.06680356456730317,100.0,0.0,100.0,100.0,30,0,0
195,5.5,0.05,50,4,10,10,0.5003464348063893,0.04884336685228114,0.4060475700477724,0.5602463336492708,100.0,0.0,100.0,100.0,30,0,0
196,5.5,0.05,100,2,10,10,0.053494975773613215,0.0052931405390128205,0.04870260229838305,0.06315570960811306,100.0,0.0,100.0,100.0,30,0,0
197,5.5,0.05,100,4,10,10,0.4989165541499636,0.053425727479884215,0.4017613137838096,0.5780309962132678,100.0,0.0,100.0,100.0,30,0,0
198,5.5,0.05,150,2,10,10,0.06903325254759743,0.00928600921985242,0.05648987744376499,0.08846944518047666,100.0,0.0,100.0,100.0,30,0,0
199,5.5,0.05,150,4,10,10,0.5007489571722343,0.05414866964216134,0.3933377437666832,0.5848252947664824,100.0,0.0,100.0,100.0,30,0,0
200,5.5,0.05,200,2,10,10,0.08540972792937998,0.01380478599780612,0.067445436194786,0.11636351423306124,100.0,0.0,100.0,100.0,30,0,0
201,5.5,0.05,200,4,10,10,0.5039307516804425,0.05503756809080551,0.40174535741511,0.5987194683648126,100.0,0.0,100.0,100.0,30,0,0
202,5.5,0.05,250,2,10,10,0.10262874707658129,0.016359431935822105,0.07795738537962395,0.13309696040354801,100.0,0.0,100.0,100.0,30,0,0
203,5.5,0.05,250,4,10,10,0.5077495566389135,0.055302389324653534,0.40427431501317496,0.595448886274661,100.0,0.0,100.0,100.0,30,0,0
204,5.5,0.06,0,2,10,10,0.04051197562554292,0.005006756312006286,0.03006955557280902,0.04588835348896362,100.0,0.0,100.0,100.0,30,0,0
205,5.5,0.06,0,4,10,10,0.5042118393800596,0.050987625994252106,0.4135730872436514,0.5674538871369289,100.0,0.0,100.0,100.0,30,0,0
206,5.5,0.06,50,2,10,10,0.04698790574594474,0.009192797305238216,0.03765571294072586,0.0653983886817895,100.0,0.0,100.0,100.0,30,0,0
207,5.5,0.06,50,4,10,10,0.5023823026621261,0.05002366832647502,0.403834800886195,0.5638072342940745,100.0,0.0,100.0,100.0,30,0,0
208,5.5,0.06,100,2,10,10,0.05660983390515127,0.01083706394051422,0.04104841376116037,0.07507372688368479,100.0,0.0,100.0,100.0,30,0,0
209,5.5,0.06,100,4,10,10,0.5078845306865031,0.05399358957296519,0.4104990164754851,0.5882801634910771,100.0,0.0,100.0,100.0,30,0,0
210,5.5,0.06,150,2,10,10,0.0687166185191302,0.008124988485641483,0.05603947196942952,0.08457324118588894,100.0,0.0,100.0,100.0,30,0,0
211,5.5,0.06,150,4,10,10,0.5028065006785307,0.05413741578241708,0.4089805044908929,0.5830116535249656,100.0,0.0,100.0,100.0,30,0,0
212,5.5,0.06,200,2,10,10,0.087939537637925,0.013097179892995638,0.06480169977251561,0.1150409884554766,100.0,0.0,100.0,100.0,30,0,0
213,5.5,0.06,200,4,10,10,0.5072674355806102,0.05586573590220131,0.40192711505517575,0.598110596187234,100.0,0.0,100.0,100.0,30,0,0
214,5.5,0.06,250,2,10,10,0.10066140956448164,0.016000409434312815,0.07201691388745422,0.12449696959523741,100.0,0.0,100.0,100.0,30,0,0
215,5.5,0.06,250,4,10,10,0.510731958561196,0.05546835759585126,0.4024448129197588,0.5989147054561902,100.0,0.0,100.0,100.0,30,0,0
216,5.5,0.07,0,2,10,10,0.04515332530807909,0.005760814430615098,0.03735072706957098,0.05594927934832167,100.0,0.0,100.0,100.0,30,0,0
217,5.5,0.07,0,4,10,10,0.5067306458734027,0.0533123445135341,0.4032715577135195,0.5710417077645652,100.0,0.0,100.0,100.0,30,0,0
218,5.5,0.07,50,2,10,10,0.046026805533088064,0.006826594094848942,0.03560439950630968,0.05905411088721473,100.0,0.0,100.0,100.0,30,0,0
219,5.5,0.07,50,4,10,10,0.5078205163630104,0.05311930582053947,0.40571130108790454,0.5761790601405147,100.0,0.0,100.0,100.0,30,0,0
220,5.5,0.07,100,2,10,10,0.058920195839267976,0.009066207712385964,0.04597440977251555,0.07459823832573369,100.0,0.0,100.0,100.0,30,0,0
221,5.5,0.07,100,4,10,10,0.5087933291376764,0.05425128316372206,0.40881865136492546,0.5919588608220027,100.0,0.0,100.0,100.0,30,0,0
222,5.5,0.07,150,2,10,10,0.07114990018822695,0.010141275969882154,0.05790415807101295,0.09015375594423063,100.0,0.0,100.0,100.0,30,0,0
223,5.5,0.07,150,4,10,10,0.5100673278941047,0.05300241951911586,0.40905444941622315,0.5944021916704754,100.0,0.0,100.0,100.0,30,0,0
224,5.5,0.07,200,2,10,10,0.08731348357482271,0.012699705297799995,0.06359629289864113,0.10862276341995714,100.0,0.0,100.0,100.0,30,0,0
225,5.5,0.07,200,4,10,10,0.5125770135289196,0.05174160106845971,0.4170712673856017,0.5991611564871246,100.0,0.0,100.0,100.0,30,0,0
226,5.5,0.07,250,2,10,10,0.10514690347412012,0.015574983337151202,0.08473765730525283,0.12693266510321452,100.0,0.0,100.0,100.0,30,0,0
227,5.5,0.07,250,4,10,10,0.5133961630460628,0.055015816612173474,0.4099977326559838,0.6067533997561051,100.0,0.0,100.0,100.0,30,0,0
228,5.5,0.08,0,2,10,10,0.041629907746964775,0.008566954537955345,0.030665332937256568,0.052044469725729035,100.0,0.0,100.0,100.0,30,0,0
229,5.5,0.08,0,4,10,10,0.5131914442966252,0.053883044711507094,0.40968321455499573,0.574625654839194,100.0,0.0,100.0,100.0,30,0,0
230,5.5,0.08,50,2,10,10,0.04858293267230948,0.007856271673553678,0.03948573313200762,0.0668498122903808,100.0,0.0,100.0,100.0,30,0,0
231,5.5,0.08,50,4,10,10,0.509813853907801,0.052039585159119384,0.4097995092727051,0.577464696578793,100.0,0.0,100.0,100.0,30,0,0
232,5.5,0.08,100,2,10,10,0.05674711822207488,0.008558697732598208,0.04622248338333515,0.07029335601425152,100.0,0.0,100.0,100.0,30,0,0
233,5.5,0.08,100,4,10,10,0.511168120666262,0.0533003208777804,0.41312900603974656,0.5966827867967818,100.0,0.0,100.0,100.0,30,0,0
234,5.5,0.08,150,2,10,10,0.07249362444369788,0.01190497674746981,0.05469138971824527,0.09411952031409332,100.0,0.0,100.0,100.0,30,0,0
235,5.5,0.08,150,4,10,10,0.5133890532615757,0.0564912244614033,0.40691698490638184,0.6038083146616938,100.0,0.0,100.0,100.0,30,0,0
236,5.5,0.08,200,2,10,10,0.08685815524602722,0.011518487433136704,0.06262255987413595,0.09824147458731321,100.0,0.0,100.0,100.0,30,0,0
237,5.5,0.08,200,4,10,10,0.5150619733028633,0.05489446681835053,0.4038969600355357,0.604135269116195,100.0,0.0,100.0,100.0,30,0,0
238,5.5,0.08,250,2,10,10,0.1089096285828413,0.01909513632340177,0.07802062796181249,0.150461004003556,100.0,0.0,100.0,100.0,30,0,0
239,5.5,0.08,250,4,10,10,0.5211885513164537,0.0581295373034392,0.41733635227124316,0.6177947192306512,100.0,0.0,100.0,100.0,30,0,0
240,5.5,0.09,0,2,10,10,0.045992520683277804,0.011736022761477784,0.03626141223517188,0.07149795831057769,100.0,0.0,100.0,100.0,30,0,0
241,5.5,0.09,0,4,10,10,0.5171513304718708,0.056711146945692646,0.4086209435012928,0.5804809862396886,100.0,0.0,100.0,100.0,30,0,0
242,5.5,0.09,50,2,10,10,0.04853112655409276,0.011934579737497595,0.035228974498778584,0.07463727723182038,100.0,0.0,100.0,100.0,30,0,0
243,5.5,0.09,50,4,10,10,0.5158373315685799,0.055690046366985976,0.41165325326632124,0.5836852229979352,100.0,0.0,100.0,100.0,30,0,0
244,5.5,0.09,100,2,10,10,0.059131020205802465,0.008839711524002607,0.049013102523079,0.07406297981226778,100.0,0.0,100.0,100.0,30,0,0
245,5.5,0.09,100,4,10,10,0.51711802231289,0.055374784222527604,0.41121525516714574,0.6025484061221856,100.0,0.0,100.0,100.0,30,0,0
246,5.5,0.09,150,2,10,10,0.07538343961274654,0.014549038579339885,0.05801315471899249,0.10635513841636135,100.0,0.0,100.0,100.0,30,0,0
247,5.5,0.09,150,4,10,10,0.5162121783457797,0.05552045471081426,0.4109858883660755,0.6086905525181752,100.0,0.0,100.0,100.0,30,0,0
248,5.5,0.09,200,2,10,10,0.09108616761971504,0.012704766947776959,0.06778623353497583,0.11270710990467714,100.0,0.0,100.0,100.0,30,0,0
249,5.5,0.09,200,4,10,10,0.5208222777025256,0.05442593714330521,0.42285427322945307,0.613487026376105,100.0,0.0,100.0,100.0,30,0,0
250,5.5,0.09,250,2,10,10,0.10888996375438839,0.015394908664465846,0.08313107877590072,0.12833423224207263,100.0,0.0,100.0,100.0,30,0,0
251,5.5,0.09,250,4,10,10,0.523661013913219,0.05854108454422114,0.4122826080466708,0.6210798488277437,100.0,0.0,100.0,100.0,30,0,0
252,5.5,0.1,0,2,10,10,0.04449633181450271,0.007399383518192981,0.03672743262975333,0.0603217565376977,100.0,0.0,100.0,100.0,30,0,0
253,5.5,0.1,0,4,10,10,0.5238078939639472,0.05276657497909887,0.4248262411427513,0.5830346121359562,100.0,0.0,100.0,100.0,30,0,0
254,5.5,0.1,50,2,10,10,0.049632460944326856,0.012974537642682433,0.039212329390234335,0.08386539193862752,100.0,0.0,100.0,100.0,30,0,0
255,5.5,0.1,50,4,10,10,0.5217704554521496,0.05428653705815876,0.42101705288368035,0.5934778734870902,100.0,0.0,100.0,100.0,30,0,0
256,5.5,0.1,100,2,10,10,0.06352250279349439,0.013574791825598986,0.04910003227285589,0.08898693862082775,100.0,0.0,100.0,100.0,30,0,0
257,5.5,0.1,100,4,10,10,0.5204018104650633,0.05731211457417419,0.4047645171277468,0.6051884523393659,100.0,0.0,100.0,100.0,30,0,0
258,5.5,0.1,150,2,10,10,0.0783970042777428,0.011641879721261449,0.059965905605534976,0.09764237871843584,100.0,0.0,100.0,100.0,30,0,0
259,5.5,0.1,150,4,10,10,0.5232860938162809,0.05611212883516427,0.4211399648090514,0.6165400132315703,100.0,0.0,100.0,100.0,30,0,0
260,5.5,0.1,200,2,10,10,0.09250659983370879,0.014513835989530698,0.06746589434832395,0.11923222876679214,100.0,0.0,100.0,100.0,30,0,0
261,5.5,0.1,200,4,10,10,0.5269708887782196,0.0575688494357996,0.4195889145072517,0.6261089065509213,100.0,0.0,100.0,100.0,30,0,0
262,5.5,0.1,250,2,10,10,0.11125305701930369,0.018716891007273237,0.0810314814050815,0.14468006592717284,100.0,0.0,100.0,100.0,30,0,0
263,5.5,0.1,250,4,10,10,0.5284530332940577,0.059199470448080174,0.4235856275617759,0.6362301750166782,100.0,0.0,100.0,100.0,30,0,0
264,5.5,0.11,0,2,10,10,0.0483883432966581,0.014957600721121848,0.03275856226846088,0.085187491502304,100.0,0.0,100.0,100.0,30,0,0
265,5.5,0.11,0,4,10,10,0.5281342350148814,0.055151140155313486,0.4236862481638157,0.5932591439442797,100.0,0.0,100.0,100.0,30,0,0
266,5.5,0.11,50,2,10,10,0.05387575872695709,0.013907439284809376,0.04018882656663944,0.09018212645504038,100.0,0.0,100.0,100.0,30,0,0
267,5.5,0.11,50,4,10,10,0.5261591916377928,0.05256046368132231,0.4255692976610197,0.595967236253314,100.0,0.0,100.0,100.0,30,0,0
268,5.5,0.11,100,2,10,10,0.06651904801346772,0.008927397133874774,0.056307427187683536,0.08102427182966836,100.0,0.0,100.0,100.0,30,0,0
269,5.5,0.11,100,4,10,10,0.5281404239616226,0.055742469267131264,0.4259632682250715,0.6115739329653289,100.0,0.0,100.0,100.0,30,0,0
270,5.5,0.11,150,2,10,10,0.07792045116041438,0.014338255487219986,0.05468714081860108,0.10295934839812969,100.0,0.0,100.0,100.0,30,0,0
271,5.5,0.11,150,4,10,10,0.5297362414232869,0.055830271742692415,0.42199238062499783,0.6184899147615665,100.0,0.0,100.0,100.0,30,0,0
272,5.5,0.11,200,2,10,10,0.09651417128037756,0.014010012138552512,0.07501171532824298,0.1233103010109809,100.0,0.0,100.0,100.0,30,0,0
273,5.5,0.11,200,4,10,10,0.5325563747909271,0.058040064318644634,0.42638190918053515,0.6267166832344903,100.0,0.0,100.0,100.0,30,0,0
274,5.5,0.11,250,2,10,10,0.11794683661835018,0.019036079907484477,0.09041217956431258,0.15803691373706003,100.0,0.0,100.0,100.0,30,0,0
275,5.5,0.11,250,4,10,10,0.5337009094648524,0.05774927281623529,0.4277859797747374,0.6358444154079624,100.0,0.0,100.0,100.0,30,0,0
276,5.5,0.12,0,2,10,10,0.052541036757220196,0.01492759513936987,0.03516652197785953,0.08643565798987284,100.0,0.0,100.0,100.0,30,0,0
277,5.5,0.12,0,4,10,10,0.5363317309096266,0.05584561527057469,0.4325558799890075,0.6000722792309886,100.0,0.0,100.0,100.0,30,0,0
278,5.5,0.12,50,2,10,10,0.05570482297515396,0.0142361991822661,0.04134623058842069,0.088646772184701,100.0,0.0,100.0,100.0,30,0,0
279,5.5,0.12,50,4,10,10,0.5298334140747396,0.05709239870216796,0.419060885227146,0.6097112496679079,100.0,0.0,100.0,100.0,30,0,0
280,5.5,0.12,100,2,10,10,0.07059381982723086,0.013107083521403617,0.0535038505146293,0.09173348021011622,100.0,0.0,100.0,100.0,30,0,0
281,5.5,0.12,100,4,10,10,0.5342499010983797,0.057404018011557895,0.43230927287826176,0.622692987653035,100.0,0.0,100.0,100.0,30,0,0
282,5.5,0.12,150,2,10,10,0.08373053228329498,0.01331032555055695,0.06334618761016238,0.10424099326374257,100.0,0.0,100.0,100.0,30,0,0
283,5.5,0.12,150,4,10,10,0.5361491623355858,0.05726697457601305,0.43028435607270393,0.6307144730062714,100.0,0.0,100.0,100.0,30,0,0
284,5.5,0.12,200,2,10,10,0.10272559246083654,0.015375255391148953,0.0772445186300243,0.12552878566002315,100.0,0.0,100.0,100.0,30,0,0
285,5.5,0.12,200,4,10,10,0.538504876388976,0.05750147901700689,0.42902275524167255,0.6360129838486636,100.0,0.0,100.0,100.0,30,0,0
286,5.5,0.12,250,2,10,10,0.1176486194486284,0.017250650551400973,0.08467445276125074,0.14280531785258713,100.0,0.0,100.0,100.0,30,0,0
287,5.5,0.12,250,4,10,10,0.5419205013553179,0.05856250591193291,0.43500925071791413,0.6468753744933768,100.0,0.0,100.0,100.0,30,0,0
288,5.5,0.13,0,2,10,10,0.05772995409399313,0.012539147640308689,0.03731191023966006,0.0829153412835658,100.0,0.0,100.0,100.0,30,0,0
289,5.5,0.13,0,4,10,10,0.5429926899656333,0.05667021416317048,0.42876503345463196,0.6031107148662563,100.0,0.0,100.0,100.0,30,0,0
290,5.5,0.13,50,2,10,10,0.059857306022500535,0.018090532444744,0.032560809234728795,0.09587215380530018,100.0,0.0,100.0,100.0,30,0,0
291,5.5,0.13,50,4,10,10,0.5404593024325864,0.056628448166000135,0.4324468361591887,0.6175488529386925,100.0,0.0,100.0,100.0,30,0,0
292,5.5,0.13,100,2,10,10,0.06973798283026743,0.012014432812386164,0.056167135092238585,0.09330431324785231,100.0,0.0,100.0,100.0,30,0,0
293,5.5,0.13,100,4,10,10,0.5408239638487086,0.0596897989941902,0.4248869008019028,0.6259468999854236,100.0,0.0,100.0,100.0,30,0,0
294,5.5,0.13,150,2,10,10,0.08621682676585243,0.011851597392312218,0.06832923727149655,0.10494053253051842,100.0,0.0,100.0,100.0,30,0,0
295,5.5,0.13,150,4,10,10,0.5413516394195754,0.05866224367767942,0.43384350902088614,0.642312536574761,100.0,0.0,100.0,100.0,30,0,0
296,5.5,0.13,200,2,10,10,0.10537956896357052,0.01687577868479191,0.08042528369905792,0.13805343286598717,100.0,0.0,100.0,100.0,30,0,0
297,5.5,0.13,200,4,10,10,0.5444096862712425,0.06084922811691368,0.4314705564381331,0.6452892692656945,100.0,0.0,100.0,100.0,30,0,0
298,5.5,0.13,250,2,10,10,0.12260540363956993,0.02076900734554808,0.08664443247679582,0.15944768594951195,100.0,0.0,100.0,100.0,30,0,0
299,5.5,0.13,250,4,10,10,0.5482180446905572,0.06283123812954432,0.42790562240521957,0.6576026499564199,100.0,0.0,100.0,100.0,30,0,0
300,5.5,0.14,0,2,10,10,0.05958574531762094,0.015579373915836553,0.03174155512822959,0.09093432082061625,100.0,0.0,100.0,100.0,30,0,0
301,5.5,0.14,0,4,10,10,0.5495216843796304,0.05985188152492384,0.4307144102482274,0.619172825616935,100.0,0.0,100.0,100.0,30,0,0
302,5.5,0.14,50,2,10,10,0.064029944833136,0.01601821093164066,0.03744126596946307,0.09877126473031432,100.0,0.0,100.0,100.0,30,0,0
303,5.5,0.14,50,4,10,10,0.5486640144606751,0.0562460489108216,0.44491396786756093,0.6266216377857871,100.0,0.0,100.0,100.0,30,0,0
304,5.5,0.14,100,2,10,10,0.07371223099173918,0.016037495116790684,0.056863713543100915,0.09717848064704848,100.0,0.0,100.0,100.0,30,0,0
305,5.5,0.14,100,4,10,10,0.5487584275509338,0.059241244994111625,0.43503489846093757,0.6367477698109286,100.0,0.0,100.0,100.0,30,0,0
306,5.5,0.14,150,2,10,10,0.09026139541254083,0.0158802438021654,0.07201996247507375,0.11863885440886295,100.0,0.0,100.0,100.0,30,0,0
307,5.5,0.14,150,4,10,10,0.5501881694206959,0.06071761216674341,0.4399868839382776,0.6487949294616859,100.0,0.0,100.0,100.0,30,0,0
308,5.5,0.14,200,2,10,10,0.1072494317574045,0.01975352523100654,0.07882196650232005,0.14022162126184468,100.0,0.0,100.0,100.0,30,0,0
309,5.5,0.14,200,4,10,10,0.55087993627512,0.061234746569769134,0.43285855111733335,0.6539175776925518,100.0,0.0,100.0,100.0,30,0,0
310,5.5,0.14,250,2,10,10,0.12875772201961527,0.021934498273682507,0.09998655379001531,0.16789292906168543,100.0,0.0,100.0,100.0,30,0,0
311,5.5,0.14,250,4,10,10,0.5561297592233698,0.05943575411918773,0.44966090693985716,0.6605446050380867,100.0,0.0,100.0,100.0,30,0,0
312,5.5,0.15,0,2,10,10,0.06666977183204764,0.016158384411355555,0.03998560413563382,0.09273711060032547,100.0,0.0,100.0,100.0,30,0,0
313,5.5,0.15,0,4,10,10,0.5542561539285116,0.057968990800351464,0.4405760439043469,0.6252779115928958,100.0,0.0,100.0,100.0,30,0,0
314,5.5,0.15,50,2,10,10,0.0695637608026577,0.017495838761467198,0.04834331558772773,0.10628670636396677,100.0,0.0,100.0,100.0,30,0,0
315,5.5,0.15,50,4,10,10,0.5542848289500709,0.05967512403036053,0.44134872181981394,0.6346567699784885,100.0,0.0,100.0,100.0,30,0,0
316,5.5,0.15,100,2,10,10,0.0790635759393508,0.016294589970856196,0.06513377549413814,0.11002991493674201,100.0,0.0,100.0,100.0,30,0,0
317,5.5,0.15,100,4,10,10,0.5546081496410428,0.05861846180815004,0.44751047995029075,0.6443209533197612,100.0,0.0,100.0,100.0,30,0,0
318,5.5,0.15,150,2,10,10,0.0933150167761708,0.016682093740840537,0.07528561897296394,0.12195483051739436,100.0,0.0,100.0,100.0,30,0,0
319,5.5,0.15,150,4,10,10,0.5549819192218135,0.05854486439263899,0.44678146553099424,0.6507799581991687,100.0,0.0,100.0,100.0,30,0,0
320,5.5,0.15,200,2,10,10,0.11282731355427747,0.019482634495448795,0.08939139401475849,0.145672422844356,100.0,0.0,100.0,100.0,30,0,0
321,5.5,0.15,200,4,10,10,0.557362106620541,0.062032428949901824,0.4453656154415615,0.6640184285078312,100.0,0.0,100.0,100.0,30,0,0
322,5.5,0.15,250,2,10,10,0.13394584933894604,0.02281587223241608,0.09802992227603767,0.1765622879978044,100.0,0.0,100.0,100.0,30,0,0
323,5.5,0.15,250,4,10,10,0.5605461085058493,0.06388497687688757,0.43376277377403666,0.6706499623371397,100.0,0.0,100.0,100.0,30,0,0
324,5.5,0.16,0,2,10,10,0.07363792866313305,0.017310511744314517,0.04282308831855646,0.11044730916787304,100.0,0.0,100.0,100.0,30,0,0
325,5.5,0.16,0,4,10,10,0.563222159088915,0.06258210794774778,0.44248904375251064,0.639652324284883,100.0,0.0,100.0,100.0,30,0,0
326,5.5,0.16,50,2,10,10,0.07235879210872172,0.01642118200590336,0.052347221195306264,0.10768451324606983,100.0,0.0,100.0,100.0,30,0,0
327,5.5,0.16,50,4,10,10,0.5614583469278547,0.057368012749108487,0.4494824541338002,0.6456730999576822,100.0,0.0,100.0,100.0,30,0,0
328,5.5,0.16,100,2,10,10,0.08338395120968833,0.017219592512342785,0.0657264540119944,0.1159959329870423,100.0,0.0,100.0,100.0,30,0,0
329,5.5,0.16,100,4,10,10,0.5609798790053351,0.05884651839733234,0.4481745102213972,0.6519641287553349,100.0,0.0,100.0,100.0,30,0,0
330,5.5,0.16,150,2,10,10,0.100506742720465,0.018368153749356932,0.0721355396742306,0.13419692015105508,100.0,0.0,100.0,100.0,30,0,0
331,5.5,0.16,150,4,10,10,0.5628606387686991,0.0607400135305843,0.44729516969757216,0.6598914223104176,100.0,0.0,100.0,100.0,30,0,0
332,5.5,0.16,200,2,10,10,0.11942991031528571,0.023742663003614568,0.09215038436339136,0.16063180216739623,100.0,0.0,100.0,100.0,30,0,0
333,5.5,0.16,200,4,10,10,0.5650036117811799,0.06244668800106394,0.45150554811033183,0.6725002593357337,100.0,0.0,100.0,100.0,30,0,0
334,5.5,0.16,250,2,10,10,0.1372640228295278,0.022764073594289603,0.10588314474916381,0.17312942869172585,100.0,0.0,100.0,100.0,30,0,0
335,5.5,0.16,250,4,10,10,0.5690242704255076,0.06470437679179544,0.45210158070079687,0.6866354105837346,100.0,0.0,100.0,100.0,30,0,0
336,5.5,0.17,0,2,10,10,0.08170346805353772,0.0179114307103875,0.05226035774839663,0.11225198030275563,100.0,0.0,100.0,100.0,30,0,0
337,5.5,0.17,0,4,10,10,0.5735525294662568,0.06043828002113168,0.45570042253241244,0.6566954583155425,100.0,0.0,100.0,100.0,30,0,0
338,5.5,0.17,50,2,10,10,0.07890931633212099,0.0178645122351829,0.05289224932703126,0.11615609969281665,100.0,0.0,100.0,100.0,30,0,0
339,5.5,0.17,50,4,10,10,0.5699529801609868,0.06004387194836188,0.4525574547972087,0.6496844895743407,100.0,0.0,100.0,100.0,30,0,0
340,5.5,0.17,100,2,10,10,0.09055463308309157,0.0193158844336437,0.07098529207727243,0.13071510986209892,100.0,0.0,100.0,100.0,30,0,0
341,5.5,0.17,100,4,10,10,0.5710472038501859,0.06127555399852424,0.4512598599584386,0.6626915583172815,100.0,0.0,100.0,100.0,30,0,0
342,5.5,0.17,150,2,10,10,0.10505096401141131,0.021183309130075434,0.08170122919473988,0.14070069474686062,100.0,0.0,100.0,100.0,30,0,0
343,5.5,0.17,150,4,10,10,0.5689388309967761,0.06108371097569588,0.45718731777534916,0.6609881777395599,100.0,0.0,100.0,100.0,30,0,0
344,5.5,0.17,200,2,10,10,0.1249248945424984,0.020842006491668733,0.10491617974628652,0.16213572166322263,100.0,0.0,100.0,100.0,30,0,0
345,5.5,0.17,200,4,10,10,0.572626227458931,0.06338446793479359,0.44683825797174004,0.6842621473333365,100.0,0.0,100.0,100.0,30,0,0
346,5.5,0.17,250,2,10,10,0.1421206282670935,0.025514339751004537,0.1114172204630041,0.18740453152499933,100.0,0.0,100.0,100.0,30,0,0
347,5.5,0.17,250,4,10,10,0.5748885724073498,0.06359793363430664,0.45258977327299815,0.6789169774392919,100.0,0.0,100.0,100.0,30,0,0
348,5.5,0.18,0,2,10,10,0.08445476593194999,0.019568866118735748,0.0553718612079227,0.12537294872733193,100.0,0.0,100.0,100.0,30,0,0
349,5.5,0.18,0,4,10,10,0.5806542651956343,0.06195756646862679,0.4554890096329269,0.6581081981129733,100.0,0.0,100.0,100.0,30,0,0
350,5.5,0.18,50,2,10,10,0.08624799684275972,0.01808677551431427,0.07040949286849145,0.13029238313633937,100.0,0.0,100.0,100.0,30,0,0
351,5.5,0.18,50,4,10,10,0.5771693362346861,0.059787717780296415,0.4615157874157079,0.6649287448466706,100.0,0.0,100.0,100.0,30,0,0
352,5.5,0.18,100,2,10,10,0.09634231167831955,0.020833677028392346,0.07308406814259649,0.140035980607545,100.0,0.0,100.0,100.0,30,0,0
353,5.5,0.18,100,4,10,10,0.5755494164269841,0.061602178572892394,0.45269833164303047,0.6652639336547228,100.0,0.0,100.0,100.0,30,0,0
354,5.5,0.18,150,2,10,10,0.1126044594591469,0.022457800344226956,0.0867370163277088,0.1489290176922604,100.0,0.0,100.0,100.0,30,0,0
355,5.5,0.18,150,4,10,10,0.5764787144887371,0.06131772050696834,0.4646065848299896,0.6786767188361572,100.0,0.0,100.0,100.0,30,0,0
356,5.5,0.18,200,2,10,10,0.1300138442156428,0.02459282695991016,0.09728124446086367,0.16986087187711826,100.0,0.0,100.0,100.0,30,0,0
357,5.5,0.18,200,4,10,10,0.5796893432198502,0.06098581374844023,0.46602368280683754,0.6864478248873133,100.0,0.0,100.0,100.0,30,0,0
358,5.5,0.18,250,2,10,10,0.15040211752591073,0.026866822297910965,0.1174737364159682,0.19958403581522785,100.0,0.0,100.0,100.0,30,0,0
359,5.5,0.18,250,4,10,10,0.5833715648295471,0.06428686385650911,0.46720311918534013,0.696233295714507,100.0,0.0,100.0,100.0,30,0,0
360,5.5,0.19,0,2,10,10,0.09447607722174137,0.019926428788392923,0.06293354532289493,0.1327682523182703,100.0,0.0,100.0,100.0,30,0,0
361,5.5,0.19,0,4,10,10,0.5886942181767892,0.06433274954198984,0.46036377756892216,0.6706637122135922,100.0,0.0,100.0,100.0,30,0,0
362,5.5,0.19,50,2,10,10,0.09221698021633494,0.02139827094340223,0.06620820688510977,0.13878627393978826,100.0,0.0,100.0,100.0,30,0,0
363,5.5,0.19,50,4,10,10,0.5856219590771501,0.060367315120557416,0.46875800868718726,0.6725791419057493,99.88095238095238,0.376461626210518,98.80952380952381,100.0,30,0,0
364,5.5,0.19,100,2,10,10,0.10327153353286875,0.022162149100227277,0.07937543836799577,0.14656796755521928,100.0,0.0,100.0,100.0,30,0,0
365,5.5,0.19,100,4,10,10,0.5859741950452346,0.06066248674093733,0.4689266472832214,0.680248338803913,100.0,0.0,100.0,100.0,30,0,0
366,5.5,0.19,150,2,10,10,0.11693140922613546,0.02460623210333305,0.08620701720462327,0.15837390838844476,100.0,0.0,100.0,100.0,30,0,0
367,5.5,0.19,150,4,10,10,0.586238194805359,0.06337022836248714,0.46284086762106175,0.6882154879620196,100.0,0.0,100.0,100.0,30,0,0
368,5.5,0.19,200,2,10,10,0.13725881324099684,0.02486742028265961,0.105974564497601,0.17458181159950126,100.0,0.0,100.0,100.0,30,0,0
369,5.5,0.19,200,4,10,10,0.5885090860281282,0.06349464476659974,0.46920620742276037,0.6952152812449025,99.88095238095238,0.376461626210518,98.80952380952381,100.0,30,0,0
370,5.5,0.19,250,2,10,10,0.156545261370101,0.02579609004775379,0.1255373875346308,0.19436199184532466,100.0,0.0,100.0,100.0,30,0,0
371,5.5,0.19,250,4,10,10,0.5892866098481248,0.06370126077131154,0.47660882435425683,0.7077770255103749,100.0,0.0,100.0,100.0,30,0,0
372,5.5,0.2,0,2,10,10,0.10140656249604149,0.021878111112336295,0.06976563581044579,0.14515372025878148,100.0,0.0,100.0,100.0,30,0,0
373,5.5,0.2,0,4,10,10,0.5987621377207273,0.06822767968214359,0.46597730708433033,0.6778946529761334,99.88095238095238,0.376461626210518,98.80952380952381,100.0,30,0,0
374,5.5,0.2,50,2,10,10,0.10274792743886815,0.022561765647170988,0.07841889813981208,0.15579953699318774,100.0,0.0,100.0,100.0,30,0,0
375,5.5,0.2,50,4,10,10,0.5956466242197627,0.06131886769424854,0.48041831233426185,0.685161165399704,100.0,0.0,100.0,100.0,30,0,0
376,5.5,0.2,100,2,10,10,0.1157491395399127,0.025086195453289044,0.09619042657780989,0.1729975140998187,100.0,0.0,100.0,100.0,30,0,0
377,5.5,0.2,100,4,10,10,0.5939151953225567,0.06109828715397565,0.47533148600308145,0.6888259490096539,99.88095238095238,0.376461626210518,98.80952380952381,100.0,30,0,0
378,5.5,0.2,150,2,10,10,0.12494621099743446,0.02499817474592139,0.09477867879782408,0.17163059724809027,100.0,0.0,100.0,100.0,30,0,0
379,5.5,0.2,150,4,10,10,0.5950378400558911,0.06284296593679142,0.4673482354128173,0.6916088505340339,99.88095238095238,0.376461626210518,98.80952380952381,100.0,30,0,0
380,5.5,0.2,200,2,10,10,0.14623877271583202,0.027260101805462185,0.10938001596998398,0.18765270711914742,100.0,0.0,100.0,100.0,30,0,0
381,5.5,0.2,200,4,10,10,0.5959766424326495,0.06515886032707686,0.4752614638039548,0.703993632508863,100.0,0.0,100.0,100.0,30,0,0
382,5.5,0.2,250,2,10,10,0.16663892831616828,0.029936229629743148,0.13159001000808038,0.21359769768754,100.0,0.0,100.0,100.0,30,0,0
383,5.5,0.2,250,4,10,10,0.5993548920648327,0.0672767788112387,0.47002816296530286,0.7131500393726896,99.76190476190476,0.7529232524210363,97.61904761904763,100.0,30,0,0
384,6.0,0.05,0,2,10,10,0.03673660958363194,0.008018746305885829,0.02407860180359818,0.048649246238717164,100.0,0.0,100.0,100.0,30,0,0
385,6.0,0.05,0,4,10,10,0.4035520899718115,0.04189741843430191,0.33735699013558135,0.45742647399435765,100.0,0.0,100.0,100.0,30,0,0
386,6.0,0.05,50,2,10,10,0.04175380242421191,0.005082299968358282,0.033848101241183405,0.0480917322487435,100.0,0.0,100.0,100.0,30,0,0
387,6.0,0.05,50,4,10,10,0.405808169665689,0.04412933669927443,0.3315990406034078,0.46581218860233314,100.0,0.0,100.0,100.0,30,0,0
388,6.0,0.05,100,2,10,10,0.05441567954111985,0.006800155525283719,0.04219585055418343,0.06586290013603141,100.0,0.0,100.0,100.0,30,0,0
389,6.0,0.05,100,4,10,10,0.40517576214108136,0.04458275979326425,0.32940549896225346,0.4581479335838079,100.0,0.0,100.0,100.0,30,0,0
390,6.0,0.05,150,2,10,10,0.0690002299722376,0.011254485533815185,0.05366898216555521,0.0865852585132385,100.0,0.0,100.0,100.0,30,0,0
391,6.0,0.05,150,4,10,10,0.40409864450257543,0.04961911046797206,0.3159623693025086,0.4572926116795492,100.0,0.0,100.0,100.0,30,0,0
392,6.0,0.05,200,2,10,10,0.0873944294979689,0.014561983446356076,0.0640810180971822,0.10867907703672337,100.0,0.0,100.0,100.0,30,0,0
393,6.0,0.05,200,4,10,10,0.40583197441515084,0.05377578557096499,0.31541938749628207,0.45809047136593556,100.0,0.0,100.0,100.0,30,0,0
394,6.0,0.05,250,2,10,10,0.10424390530910461,0.01697021642448023,0.081992366814905,0.1269661545831023,100.0,0.0,100.0,100.0,30,0,0
395,6.0,0.05,250,4,10,10,0.41231072265951624,0.058727068656822465,0.31253759857295,0.47655146639537266,100.0,0.0,100.0,100.0,30,0,0
396,6.0,0.06,0,2,10,10,0.035721675035204944,0.0057936277247531065,0.028647303524803585,0.04632374012915403,100.0,0.0,100.0,100.0,30,0,0
397,6.0,0.06,0,4,10,10,0.4079177961440398,0.04738205459166286,0.32729629725243004,0.47290282889283003,100.0,0.0,100.0,100.0,30,0,0
398,6.0,0.06,50,2,10,10,0.04037586865993229,0.00766157604589283,0.02823416094617612,0.053097617508319116,100.0,0.0,100.0,100.0,30,0,0
399,6.0,0.06,50,4,10,10,0.40912441033542885,0.044735525286215175,0.334283866833553,0.45682654632157244,100.0,0.0,100.0,100.0,30,0,0
400,6.0,0.06,100,2,10,10,0.05234635620983531,0.007956946617780665,0.03954881507562376,0.06373656227878789,100.0,0.0,100.0,100.0,30,0,0
401,6.0,0.06,100,4,10,10,0.40974871541826463,0.04674453489717935,0.32993752052216113,0.4623011228991037,100.0,0.0,100.0,100.0,30,0,0
402,6.0,0.06,150,2,10,10,0.06849040646459702,0.013191406219445392,0.05497314958987598,0.10023112956021074,100.0,0.0,100.0,100.0,30,0,0
403,6.0,0.06,150,4,10,10,0.4069226287161502,0.05090269509408467,0.31559954929958484,0.45463177694988727,100.0,0.0,100.0,100.0,30,0,0
404,6.0,0.06,200,2,10,10,0.08893070352624911,0.015633244199056477,0.062213474136794976,0.10888125742773506,100.0,0.0,100.0,100.0,30,0,0
405,6.0,0.06,200,4,10,10,0.41329139721693897,0.05245042934319516,0.32860065574369807,0.47490927364871477,100.0,0.0,100.0,100.0,30,0,0
406,6.0,0.06,250,2,10,10,0.1059917768052974,0.01705305803778771,0.08586454974414481,0.13478213064026104,100.0,0.0,100.0,100.0,30,0,0
407,6.0,0.06,250,4,10,10,0.4151542701053318,0.05851306277628989,0.3128074331468369,0.4764749964680817,100.0,0.0,100.0,100.0,30,0,0
408,6.0,0.07,0,2,10,10,0.03803422520662711,0.0067622965924083915,0.02709439497295277,0.046778684926166096,100.0,0.0,100.0,100.0,30,0,0
409,6.0,0.07,0,4,10,10,0.41530202330569993,0.04526315166024917,0.3352016735276587,0.4643071972669741,100.0,0.0,100.0,100.0,30,0,0
410,6.0,0.07,50,2,10,10,0.041824028106941795,0.004663439417144805,0.03361457580254964,0.04778900489251117,100.0,0.0,100.0,100.0,30,0,0
411,6.0,0.07,50,4,10,10,0.415760866391562,0.043533460168672794,0.34362407923379695,0.46628979816432087,100.0,0.0,100.0,100.0,30,0,0
412,6.0,0.07,100,2,10,10,0.0547708424259488,0.010167451416966388,0.04022095387657785,0.06821355677242455,100.0,0.0,100.0,100.0,30,0,0
413,6.0,0.07,100,4,10,10,0.41443159357468307,0.046529070191524524,0.3300089552568814,0.46291465723642616,100.0,0.0,100.0,100.0,30,0,0
414,6.0,0.07,150,2,10,10,0.07025656149388933,0.01230884917371748,0.053109611232194036,0.08724633473325094,100.0,0.0,100.0,100.0,30,0,0
415,6.0,0.07,150,4,10,10,0.4175851392814983,0.051636861337269836,0.32634125975652784,0.4693505721244764,100.0,0.0,100.0,100.0,30,0,0
416,6.0,0.07,200,2,10,10,0.08812019685747481,0.01486253393645904,0.06468246031109774,0.11511906763215456,100.0,0.0,100.0,100.0,30,0,0
417,6.0,0.07,200,4,10,10,0.41854689118956384,0.053505327783284116,0.32978046563755953,0.47532005837765884,100.0,0.0,100.0,100.0,30,0,0
418,6.0,0.07,250,2,10,10,0.10364248019363606,0.019544635805587143,0.07158733769916499,0.13814011867678316,100.0,0.0,100.0,100.0,30,0,0
419,6.0,0.07,250,4,10,10,0.4185181398144449,0.05890790706716187,0.31442460907932385,0.4801922142240016,100.0,0.0,100.0,100.0,30,0,0
420,6.0,0.08,0,2,10,10,0.03672362219135007,0.0065687696681002074,0.030322049195220347,0.05013575357761291,100.0,0.0,100.0,100.0,30,0,0
421,6.0,0.08,0,4,10,10,0.41892293292362337,0.042825041770768686,0.3494456797684325,0.4717729626800023,100.0,0.0,100.0,100.0,30,0,0
422,6.0,0.08,50,2,10,10,0.04186905661577224,0.006235025305169373,0.030834657852169167,0.05512935307807649,100.0,0.0,100.0,100.0,30,0,0
423,6.0,0.08,50,4,10,10,0.42023623639498275,0.045983660836868626,0.3380872713460112,0.47305311217170004,100.0,0.0,100.0,100.0,30,0,0
424,6.0,0.08,100,2,10,10,0.05301593181554638,0.009264252912223402,0.04140591033622543,0.07217871087419815,100.0,0.0,100.0,100.0,30,0,0
425,6.0,0.08,100,4,10,10,0.41849722622951874,0.04511669612950927,0.3486960778601409,0.46947894251408134,100.0,0.0,100.0,100.0,30,0,0
426,6.0,0.08,150,2,10,10,0.07273994056891628,0.013095060665719768,0.054970109266242705,0.09257693349162925,100.0,0.0,100.0,100.0,30,0,0
427,6.0,0.08,150,4,10,10,0.42153493874387793,0.051821581314558524,0.3349800745576215,0.4748633238363853,100.0,0.0,100.0,100.0,30,0,0
428,6.0,0.08,200,2,10,10,0.08831701763016023,0.016601080582011266,0.06419653482007259,0.11573331907485096,100.0,0.0,100.0,100.0,30,0,0
429,6.0,0.08,200,4,10,10,0.4208888084165202,0.05697726425059347,0.30715024651359896,0.47771916865451947,100.0,0.0,100.0,100.0,30,0,0
430,6.0,0.08,250,2,10,10,0.1092080390885708,0.021834394548454154,0.07702393615364932,0.14779879041471242,100.0,0.0,100.0,100.0,30,0,0
431,6.0,0.08,250,4,10,10,0.4227908321762802,0.057968390477594084,0.32014426538822177,0.48335766287810605,100.0,0.0,100.0,100.0,30,0,0
432,6.0,0.09,0,2,10,10,0.03583240933469874,0.0078627964388918,0.021419253001450738,0.045925157798875745,100.0,0.0,100.0,100.0,30,0,0
433,6.0,0.09,0,4,10,10,0.4253835191287522,0.04602205198165922,0.342299941983152,0.48478847180855333,100.0,0.0,100.0,100.0,30,0,0
434,6.0,0.09,50,2,10,10,0.041141412437290754,0.007538776524141417,0.031437993172922375,0.05283424094430164,100.0,0.0,100.0,100.0,30,0,0
435,6.0,0.09,50,4,10,10,0.4228819576463251,0.047622949962957246,0.3351662272054446,0.4779262622283739,100.0,0.0,100.0,100.0,30,0,0
436,6.0,0.09,100,2,10,10,0.058802249116796525,0.008864615756134129,0.04176860252946013,0.0728177139649341,100.0,0.0,100.0,100.0,30,0,0
437,6.0,0.09,100,4,10,10,0.42391046433249857,0.047134353047878164,0.3459813446416425,0.4732726185800044,100.0,0.0,100.0,100.0,30,0,0
438,6.0,0.09,150,2,10,10,0.07419244716631912,0.012974947711183939,0.05596202993341342,0.09492534325900487,100.0,0.0,100.0,100.0,30,0,0
439,6.0,0.09,150,4,10,10,0.42587536764098555,0.05366382391849743,0.334509036850426,0.4817868200564129,100.0,0.0,100.0,100.0,30,0,0
440,6.0,0.09,200,2,10,10,0.09343829684196929,0.017321117102931362,0.06250024506718262,0.12041328027995983,100.0,0.0,100.0,100.0,30,0,0
441,6.0,0.09,200,4,10,10,0.42899209941347866,0.05488403374283286,0.3344873167604887,0.4864081953318416,100.0,0.0,100.0,100.0,30,0,0
442,6.0,0.09,250,2,10,10,0.11561732507387452,0.019955265550952485,0.08393709972723963,0.15289581484157835,100.0,0.0,100.0,100.0,30,0,0
443,6.0,0.09,250,4,10,10,0.4315328762513855,0.059303115518547334,0.3316940062433717,0.49255819382996213,100.0,0.0,100.0,100.0,30,0,0
444,6.0,0.1,0,2,10,10,0.03846466019694419,0.005590456219431548,0.030857795295923002,0.04797365897755502,100.0,0.0,100.0,100.0,30,0,0
445,6.0,0.1,0,4,10,10,0.429833461693892,0.04272745261322544,0.358166239239565,0.47857401174634545,100.0,0.0,100.0,100.0,30,0,0
446,6.0,0.1,50,2,10,10,0.04472955894378253,0.007000881141594931,0.03171221542798395,0.05374010010150099,100.0,0.0,100.0,100.0,30,0,0
447,6.0,0.1,50,4,10,10,0.4316683310650841,0.04460932979004107,0.35561181931270314,0.47742168778044825,100.0,0.0,100.0,100.0,30,0,0
448,6.0,0.1,100,2,10,10,0.058708127975155164,0.008486303902156548,0.04383925021609047,0.07070709438660296,100.0,0.0,100.0,100.0,30,0,0
449,6.0,0.1,100,4,10,10,0.43267510669628245,0.04978490014797414,0.3495062760340226,0.48579817940728115,100.0,0.0,100.0,100.0,30,0,0
450,6.0,0.1,150,2,10,10,0.075538167580573,0.013568810688864718,0.05523499218739297,0.09719847582304712,100.0,0.0,100.0,100.0,30,0,0
451,6.0,0.1,150,4,10,10,0.4301367480874381,0.05231141573668328,0.3318756550467013,0.47901310667975644,100.0,0.0,100.0,100.0,30,0,0
452,6.0,0.1,200,2,10,10,0.0969239471563764,0.017182239608609238,0.07349422834077896,0.1223206691416695,100.0,0.0,100.0,100.0,30,0,0
453,6.0,0.1,200,4,10,10,0.4349018598948383,0.052560996418980765,0.34465771074023815,0.4871201715902642,100.0,0.0,100.0,100.0,30,0,0
454,6.0,0.1,250,2,10,10,0.11723944529309904,0.019189330657869628,0.09069632544986996,0.15177582160273506,100.0,0.0,100.0,100.0,30,0,0
455,6.0,0.1,250,4,10,10,0.43860447671528024,0.057911507056622444,0.335525087842154,0.49442971823733606,100.0,0.0,100.0,100.0,30,0,0
456,6.0,0.11,0,2,10,10,0.0362065693723595,0.010706611933533023,0.02035032681986818,0.056924325177212486,100.0,0.0,100.0,100.0,30,0,0
457,6.0,0.11,0,4,10,10,0.43962927603963087,0.04257593951296123,0.3773603964522632,0.4912953653281413,100.0,0.0,100.0,100.0,30,0,0
458,6.0,0.11,50,2,10,10,0.04423602499172078,0.006356071160710378,0.03621436111246033,0.057323426921388025,100.0,0.0,100.0,100.0,30,0,0
459,6.0,0.11,50,4,10,10,0.43639273925824396,0.04943939949350495,0.34416384211383666,0.48758686355580944,100.0,0.0,100.0,100.0,30,0,0
460,6.0,0.11,100,2,10,10,0.05807527511601884,0.00833704123469856,0.04673368074319376,0.07550306032005995,100.0,0.0,100.0,100.0,30,0,0
461,6.0,0.11,100,4,10,10,0.4380785828975676,0.0521758324467179,0.343068837959406,0.48629388477575813,100.0,0.0,100.0,100.0,30,0,0
462,6.0,0.11,150,2,10,10,0.07939710516133254,0.015831094026520696,0.06142057027736938,0.10791365104216556,100.0,0.0,100.0,100.0,30,0,0
463,6.0,0.11,150,4,10,10,0.43967212477623663,0.053395537854032914,0.34662336056208004,0.49456673730044237,100.0,0.0,100.0,100.0,30,0,0
464,6.0,0.11,200,2,10,10,0.0978029704895492,0.01799491865240943,0.06544348985827897,0.13095189036907848,100.0,0.0,100.0,100.0,30,0,0
465,6.0,0.11,200,4,10,10,0.439302992737297,0.05574659851287243,0.3375864267476703,0.4934671068225864,100.0,0.0,100.0,100.0,30,0,0
466,6.0,0.11,250,2,10,10,0.11689938497906775,0.021171306465190335,0.08086054837208072,0.15920730703612318,100.0,0.0,100.0,100.0,30,0,0
467,6.0,0.11,250,4,10,10,0.4424225520930564,0.05772743112581781,0.34087335102451216,0.5002023051304172,100.0,0.0,100.0,100.0,30,0,0
468,6.0,0.12,0,2,10,10,0.04077975443059525,0.0060690176085905255,0.030556927647963913,0.04859214586542593,100.0,0.0,100.0,100.0,30,0,0
469,6.0,0.12,0,4,10,10,0.44779281194354076,0.04448102158383365,0.37076146225432155,0.5040498120144402,100.0,0.0,100.0,100.0,30,0,0
470,6.0,0.12,50,2,10,10,0.04483841891019931,0.009095259138209308,0.02836393782859846,0.05638992538737101,100.0,0.0,100.0,100.0,30,0,0
471,6.0,0.12,50,4,10,10,0.4462725156916316,0.048077956399138956,0.3592327906350303,0.49963732880125084,100.0,0.0,100.0,100.0,30,0,0
472,6.0,0.12,100,2,10,10,0.06241273179772564,0.012416685509402472,0.046264783610872995,0.08192308470818772,100.0,0.0,100.0,100.0,30,0,0
473,6.0,0.12,100,4,10,10,0.44467143620473426,0.05135619207768819,0.3491330078043176,0.50207226782108,100.0,0.0,100.0,100.0,30,0,0
474,6.0,0.12,150,2,10,10,0.0795602676890825,0.01662526062309192,0.06157151255169274,0.10834480137431186,100.0,0.0,100.0,100.0,30,0,0
475,6.0,0.12,150,4,10,10,0.4475226782372833,0.05655836499571951,0.34344660930880044,0.5020299576467048,100.0,0.0,100.0,100.0,30,0,0
476,6.0,0.12,200,2,10,10,0.10077478833111086,0.016752012598219436,0.076711359018787,0.13168013498072384,100.0,0.0,100.0,100.0,30,0,0
477,6.0,0.12,200,4,10,10,0.44813178979528184,0.05783109904448958,0.34368914717568894,0.5083049719867873,100.0,0.0,100.0,100.0,30,0,0
478,6.0,0.12,250,2,10,10,0.12124342412685599,0.021784845382287747,0.09353964871593327,0.1640949843858347,100.0,0.0,100.0,100.0,30,0,0
479,6.0,0.12,250,4,10,10,0.45197537605450655,0.06394180250217293,0.33478956553470324,0.5151271847630944,100.0,0.0,100.0,100.0,30,0,0
480,6.0,0.13,0,2,10,10,0.04175071335981673,0.009231290656421197,0.027488936724475773,0.054084464735972254,100.0,0.0,100.0,100.0,30,0,0
481,6.0,0.13,0,4,10,10,0.45360210888051566,0.046806349105635324,0.37760434068096815,0.5110632672103762,100.0,0.0,100.0,100.0,30,0,0
482,6.0,0.13,50,2,10,10,0.04750070360073934,0.008892474416911388,0.03112871776153736,0.06540227648124346,100.0,0.0,100.0,100.0,30,0,0
483,6.0,0.13,50,4,10,10,0.4518909768982601,0.046762670299552424,0.36705078872779645,0.5066197968142999,100.0,0.0,100.0,100.0,30,0,0
484,6.0,0.13,100,2,10,10,0.061047504757659646,0.011606004122239695,0.04852978472371977,0.08125039556852649,100.0,0.0,100.0,100.0,30,0,0
485,6.0,0.13,100,4,10,10,0.4531365038395461,0.051501616240604765,0.3561678481269775,0.50573771160228,100.0,0.0,100.0,100.0,30,0,0
486,6.0,0.13,150,2,10,10,0.08324779226563811,0.014114863349191088,0.06929130711228794,0.1089269798776266,100.0,0.0,100.0,100.0,30,0,0
487,6.0,0.13,150,4,10,10,0.4533058480514878,0.056374445099408546,0.3455547485939854,0.5086234384397337,100.0,0.0,100.0,100.0,30,0,0
488,6.0,0.13,200,2,10,10,0.10305708970084845,0.02061690300876925,0.07079735369670524,0.14245688948372773,100.0,0.0,100.0,100.0,30,0,0
489,6.0,0.13,200,4,10,10,0.45607932496676035,0.05814936405492691,0.3533348327358647,0.5175847243774147,100.0,0.0,100.0,100.0,30,0,0
490,6.0,0.13,250,2,10,10,0.12478925897900242,0.020671797684173706,0.09494412081807237,0.1694543829778582,100.0,0.0,100.0,100.0,30,0,0
491,6.0,0.13,250,4,10,10,0.45763763261144497,0.06402924862366034,0.3348904510482417,0.5148540808141303,100.0,0.0,100.0,100.0,30,0,0
492,6.0,0.14,0,2,10,10,0.040899960016139984,0.007505017662596922,0.024420095037034684,0.04909929729849288,100.0,0.0,100.0,100.0,30,0,0
493,6.0,0.14,0,4,10,10,0.4652683068468654,0.048230129367125486,0.3742073003117921,0.5203192836431397,100.0,0.0,100.0,100.0,30,0,0
494,6.0,0.14,50,2,10,10,0.04770045795054855,0.008363226782498614,0.033344776520808715,0.06026122003992909,100.0,0.0,100.0,100.0,30,0,0
495,6.0,0.14,50,4,10,10,0.45987235610772104,0.04970952457419854,0.3668336295145091,0.5123296742081968,100.0,0.0,100.0,100.0,30,0,0
496,6.0,0.14,100,2,10,10,0.06698666621100588,0.012828165595071656,0.050323558452047744,0.09180990550851105,100.0,0.0,100.0,100.0,30,0,0
497,6.0,0.14,100,4,10,10,0.4610051566833686,0.05346076625373637,0.35791002668277055,0.5122569158914376,100.0,0.0,100.0,100.0,30,0,0
498,6.0,0.14,150,2,10,10,0.08661273476885503,0.016510296410633337,0.06037216745317194,0.11376576205486473,100.0,0.0,100.0,100.0,30,0,0
499,6.0,0.14,150,4,10,10,0.46140770567595996,0.05430730392412963,0.36305024804926195,0.5178180089945265,100.0,0.0,100.0,100.0,30,0,0
500,6.0,0.14,200,2,10,10,0.10513017387879495,0.016667453962882904,0.08719118428271477,0.13905706161110712,100.0,0.0,100.0,100.0,30,0,0
501,6.0,0.14,200,4,10,10,0.464710623108006,0.0584126202683804,0.3624368057865328,0.5218898566921345,100.0,0.0,100.0,100.0,30,0,0
502,6.0,0.14,250,2,10,10,0.13303239541239523,0.022445988531798515,0.10270994997736237,0.17957072078044775,100.0,0.0,100.0,100.0,30,0,0
503,6.0,0.14,250,4,10,10,0.46612689618471564,0.0664049293983133,0.3443976866884288,0.5379936161273916,100.0,0.0,100.0,100.0,30,0,0
504,6.0,0.15,0,2,10,10,0.04575856040652979,0.008643857974768372,0.03378376555108007,0.06251794823938839,100.0,0.0,100.0,100.0,30,0,0
505,6.0,0.15,0,4,10,10,0.47054944560239037,0.047810176499262357,0.3860850340167947,0.5279503996804982,100.0,0.0,100.0,100.0,30,0,0
506,6.0,0.15,50,2,10,10,0.050913405068485254,0.010780618722805639,0.03142939170420956,0.06589948242562815,100.0,0.0,100.0,100.0,30,0,0
507,6.0,0.15,50,4,10,10,0.46850316192570995,0.04941556261605952,0.3812156341780693,0.5253621429619871,100.0,0.0,100.0,100.0,30,0,0
508,6.0,0.15,100,2,10,10,0.06701958522594233,0.011158526553354057,0.04961582436718681,0.08865110233966916,100.0,0.0,100.0,100.0,30,0,0
509,6.0,0.15,100,4,10,10,0.4713413568668619,0.05548915229884336,0.36490848888733013,0.5265689527819731,100.0,0.0,100.0,100.0,30,0,0
510,6.0,0.15,150,2,10,10,0.09015047711932869,0.014071059370892973,0.07452509057135748,0.12137420217497803,100.0,0.0,100.0,100.0,30,0,0
511,6.0,0.15,150,4,10,10,0.46984890983572153,0.0551289492474827,0.3694899227701964,0.5263077136031897,100.0,0.0,100.0,100.0,30,0,0
512,6.0,0.15,200,2,10,10,0.11291314485874242,0.01825928479187322,0.09471780059616593,0.1540844765589365,100.0,0.0,100.0,100.0,30,0,0
513,6.0,0.15,200,4,10,10,0.4714634861303034,0.06006973636486675,0.3673226575155475,0.5313651400802075,100.0,0.0,100.0,100.0,30,0,0
514,6.0,0.15,250,2,10,10,0.13464812204955012,0.02442348350153805,0.10615755492113838,0.18617609232019597,100.0,0.0,100.0,100.0,30,0,0
515,6.0,0.15,250,4,10,10,0.47574421464842553,0.0664603581585309,0.3475726377871376,0.539963133581841,100.0,0.0,100.0,100.0,30,0,0
516,6.0,0.16,0,2,10,10,0.04926046804953112,0.008644934300175237,0.032767753154140176,0.06068319396100028,100.0,0.0,100.0,100.0,30,0,0
517,6.0,0.16,0,4,10,10,0.4810483337778134,0.04904058155932773,0.3946367620457771,0.5368779460870695,100.0,0.0,100.0,100.0,30,0,0
518,6.0,0.16,50,2,10,10,0.05536894947549571,0.009888759814775158,0.04260072906086354,0.07092456803297381,100.0,0.0,100.0,100.0,30,0,0
519,6.0,0.16,50,4,10,10,0.4778472468575624,0.05312341653412018,0.3720714993869936,0.5355222088702044,100.0,0.0,100.0,100.0,30,0,0
520,6.0,0.16,100,2,10,10,0.07422085100160022,0.01314195687804837,0.050936170183315456,0.09968931593283802,100.0,0.0,100.0,100.0,30,0,0
521,6.0,0.16,100,4,10,10,0.47793164135993116,0.05482150388900754,0.3766994965892001,0.535679025265699,100.0,0.0,100.0,100.0,30,0,0
522,6.0,0.16,150,2,10,10,0.0937765866930926,0.016938328382634905,0.07099994549255216,0.12970060597978317,100.0,0.0,100.0,100.0,30,0,0
523,6.0,0.16,150,4,10,10,0.4796258691159811,0.056422787941696695,0.37450314657302125,0.5307463626937491,100.0,0.0,100.0,100.0,30,0,0
524,6.0,0.16,200,2,10,10,0.11620942337916418,0.02094293227402179,0.09536254644293546,0.16071620917616317,100.0,0.0,100.0,100.0,30,0,0
525,6.0,0.16,200,4,10,10,0.4797578759426712,0.0632410894645482,0.36206639629593623,0.5375937021764171,100.0,0.0,100.0,100.0,30,0,0
526,6.0,0.16,250,2,10,10,0.14241805150870768,0.024911854612330368,0.11810590268948114,0.19939859195808698,100.0,0.0,100.0,100.0,30,0,0
527,6.0,0.16,250,4,10,10,0.4817071270193862,0.06247711118553521,0.3659521461902561,0.5436934225066586,100.0,0.0,100.0,100.0,30,0,0
528,6.0,0.17,0,2,10,10,0.052607119036408245,0.00735235990795277,0.03831990670764233,0.061327016430916516,100.0,0.0,100.0,100.0,30,0,0
529,6.0,0.17,0,4,10,10,0.49233634405018983,0.048962383961030885,0.4022147835938537,0.5507776833147218,100.0,0.0,100.0,100.0,30,0,0
530,6.0,0.17,50,2,10,10,0.05882785720299307,0.011391408772352259,0.03652852145487955,0.07395077872421545,100.0,0.0,100.0,100.0,30,0,0
531,6.0,0.17,50,4,10,10,0.4877327066633822,0.05265191365138598,0.3922597738336963,0.5424908231923095,100.0,0.0,100.0,100.0,30,0,0
532,6.0,0.17,100,2,10,10,0.07811898247206187,0.015123347696703746,0.052038495731249856,0.10565037060937958,100.0,0.0,100.0,100.0,30,0,0
533,6.0,0.17,100,4,10,10,0.48896678490312995,0.05577525306631388,0.37968904691077093,0.5415952446351118,100.0,0.0,100.0,100.0,30,0,0
534,6.0,0.17,150,2,10,10,0.09530838390077737,0.0179096450815762,0.07115672668536203,0.13574506836748745,100.0,0.0,100.0,100.0,30,0,0
535,6.0,0.17,150,4,10,10,0.48765208762149104,0.056231612683194244,0.3815144164318263,0.5401170954852251,100.0,0.0,100.0,100.0,30,0,0
536,6.0,0.17,200,2,10,10,0.12140431265965927,0.02002683850723758,0.09295726313730952,0.16111630542841635,100.0,0.0,100.0,100.0,30,0,0
537,6.0,0.17,200,4,10,10,0.48950614165074124,0.06402268519431507,0.3685410877383229,0.5525115676899237,100.0,0.0,100.0,100.0,30,0,0
538,6.0,0.17,250,2,10,10,0.14629297208710776,0.02909778793815286,0.11655200808759254,0.20958873943475842,100.0,0.0,100.0,100.0,30,0,0
539,6.0,0.17,250,4,10,10,0.49514601597798336,0.06677207552198201,0.36962468173359014,0.556569472216073,100.0,0.0,100.0,100.0,30,0,0
540,6.0,0.18,0,2,10,10,0.05967955461431618,0.011312946217080105,0.0355772684314947,0.07194652416052348,100.0,0.0,100.0,100.0,30,0,0
541,6.0,0.18,0,4,10,10,0.5005902539855432,0.04916490337504801,0.4127621589863922,0.5595077399383396,100.0,0.0,100.0,100.0,30,0,0
542,6.0,0.18,50,2,10,10,0.06255275855828654,0.014338069020762722,0.036031229704739744,0.08025346028652913,100.0,0.0,100.0,100.0,30,0,0
543,6.0,0.18,50,4,10,10,0.499723923100439,0.051891759064837145,0.4034102660114823,0.5540916852304048,100.0,0.0,100.0,100.0,30,0,0
544,6.0,0.18,100,2,10,10,0.0814168064661819,0.016591309924484522,0.05271844642584459,0.11499720517247551,100.0,0.0,100.0,100.0,30,0,0
545,6.0,0.18,100,4,10,10,0.4975384661023196,0.05374721568843473,0.3919479071506539,0.5498585674584734,100.0,0.0,100.0,100.0,30,0,0
546,6.0,0.18,150,2,10,10,0.10437903837333493,0.016671358754763655,0.0823968764155615,0.14111741662566035,100.0,0.0,100.0,100.0,30,0,0
547,6.0,0.18,150,4,10,10,0.4975859582974871,0.05796107810414159,0.3889196662124652,0.5518870421551851,100.0,0.0,100.0,100.0,30,0,0
548,6.0,0.18,200,2,10,10,0.1223830487511877,0.024203051491980567,0.0934563676398386,0.18021655287691277,100.0,0.0,100.0,100.0,30,0,0
549,6.0,0.18,200,4,10,10,0.4996298740321746,0.06276168157582207,0.3830997794307593,0.5615036673871078,100.0,0.0,100.0,100.0,30,0,0
550,6.0,0.18,250,2,10,10,0.15532348558052794,0.028101118234923526,0.12270281176952978,0.21619033987299877,100.0,0.0,100.0,100.0,30,0,0
551,6.0,0.18,250,4,10,10,0.5000417735518157,0.06446522625132242,0.3795842187630787,0.5614313610230977,100.0,0.0,100.0,100.0,30,0,0
552,6.0,0.19,0,2,10,10,0.06808590975954654,0.010243545035218994,0.05222627106502022,0.07985889094361064,100.0,0.0,100.0,100.0,30,0,0
553,6.0,0.19,0,4,10,10,0.5097849588931697,0.05117791784395744,0.41655369086880567,0.5708105940031146,100.0,0.0,100.0,100.0,30,0,0
554,6.0,0.19,50,2,10,10,0.07088147677624448,0.015338356396560993,0.04813150233704481,0.09605539962025993,100.0,0.0,100.0,100.0,30,0,0
555,6.0,0.19,50,4,10,10,0.5063787472621171,0.051822317628196675,0.40326284703403587,0.5556142024823683,100.0,0.0,100.0,100.0,30,0,0
556,6.0,0.19,100,2,10,10,0.0861316282862697,0.019309863795431963,0.049834035551147814,0.12455382564039164,100.0,0.0,100.0,100.0,30,0,0
557,6.0,0.19,100,4,10,10,0.5091973214697285,0.05421883807629525,0.40627265824047254,0.5629449754159795,100.0,0.0,100.0,100.0,30,0,0
558,6.0,0.19,150,2,10,10,0.10795698752687499,0.02049281524811458,0.08242352389198988,0.1571544440301793,100.0,0.0,100.0,100.0,30,0,0
559,6.0,0.19,150,4,10,10,0.5084358291945661,0.06070609827507527,0.3933878607776579,0.5727830610482605,100.0,0.0,100.0,100.0,30,0,0
560,6.0,0.19,200,2,10,10,0.13741313820443454,0.021813952953448994,0.12048631274320111,0.18879484969870564,100.0,0.0,100.0,100.0,30,0,0
561,6.0,0.19,200,4,10,10,0.5117903582246341,0.0641807561423045,0.39032752733872594,0.5698112189566088,100.0,0.0,100.0,100.0,30,0,0
562,6.0,0.19,250,2,10,10,0.15922627431505926,0.029215960247897375,0.12724286576633992,0.2282338259195408,100.0,0.0,100.0,100.0,30,0,0
563,6.0,0.19,250,4,10,10,0.511934606059648,0.07088822622515452,0.3774937857620413,0.5773796734326431,100.0,0.0,100.0,100.0,30,0,0
564,6.0,0.2,0,2,10,10,0.06981295241211002,0.010587541579970817,0.048005208668195465,0.0840150855509088,100.0,0.0,100.0,100.0,30,0,0
565,6.0,0.2,0,4,10,10,0.5235938938038367,0.04784035728265253,0.43889504162029264,0.5878805994877419,100.0,0.0,100.0,100.0,30,0,0
566,6.0,0.2,50,2,10,10,0.07867663690732203,0.016715110684178296,0.05383159456083008,0.10672577783012753,100.0,0.0,100.0,100.0,30,0,0
567,6.0,0.2,50,4,10,10,0.517658640177197,0.05496107325862789,0.4152734027685751,0.5759411154422064,100.0,0.0,100.0,100.0,30,0,0
568,6.0,0.2,100,2,10,10,0.09506496167099285,0.02051755513118775,0.06431720500546607,0.13605246581947197,100.0,0.0,100.0,100.0,30,0,0
569,6.0,0.2,100,4,10,10,0.5179253877783416,0.05484652360716446,0.41285027226929866,0.5704178256528736,100.0,0.0,100.0,100.0,30,0,0
570,6.0,0.2,150,2,10,10,0.11775778467711025,0.022626551895018738,0.08605062198459035,0.16569659409804807,100.0,0.0,100.0,100.0,30,0,0
571,6.0,0.2,150,4,10,10,0.5192896968479359,0.06281649401698608,0.39709802692948576,0.5852334226833902,100.0,0.0,100.0,100.0,30,0,0
572,6.0,0.2,200,2,10,10,0.14331076567500695,0.02640769240942659,0.10391690516322079,0.19864596759906503,100.0,0.0,100.0,100.0,30,0,0
573,6.0,0.2,200,4,10,10,0.520121482396438,0.06453082143791528,0.3973693169412658,0.5887455629594346,100.0,0.0,100.0,100.0,30,0,0
574,6.0,0.2,250,2,10,10,0.1713922933760187,0.032202875775048705,0.1340323157976584,0.24650350306276517,100.0,0.0,100.0,100.0,30,0,0
575,6.0,0.2,250,4,10,10,0.5217751112100381,0.07053007238648037,0.38349991781236853,0.5878314509308683,100.0,0.0,100.0,100.0,30,0,0
576,6.5,0.05,0,2,10,10,0.03245360954388624,0.0036113199443486175,0.027711542802420715,0.0374041042668416,100.0,0.0,100.0,100.0,30,0,0
577,6.5,0.05,0,4,10,10,0.32294869815561583,0.03525735601792329,0.2759417989590349,0.36959650652172615,100.0,0.0,100.0,100.0,30,0,0
578,6.5,0.05,50,2,10,10,0.040859611923724795,0.005834116215578789,0.03161026266514771,0.05041986000551218,100.0,0.0,100.0,100.0,30,0,0
579,6.5,0.05,50,4,10,10,0.31776237688964815,0.0350632986447209,0.26247320975572824,0.35890900068538273,100.0,0.0,100.0,100.0,30,0,0
580,6.5,0.05,100,2,10,10,0.0549950974894192,0.011971340234942595,0.039240145232170516,0.08249979467173003,100.0,0.0,100.0,100.0,30,0,0
581,6.5,0.05,100,4,10,10,0.3198204980091043,0.03450912142884301,0.26907775624781444,0.3608456361669261,100.0,0.0,100.0,100.0,30,0,0
582,6.5,0.05,150,2,10,10,0.07511684046843187,0.016461971980268737,0.05651548841603122,0.11253276521719012,100.0,0.0,100.0,100.0,30,0,0
583,6.5,0.05,150,4,10,10,0.3240608158477416,0.034219350323763005,0.2726158604790592,0.3757209357444786,100.0,0.0,100.0,100.0,30,0,0
584,6.5,0.05,200,2,10,10,0.09478214033756403,0.021188541394414652,0.07032459056782452,0.14443006818640683,100.0,0.0,100.0,100.0,30,0,0
585,6.5,0.05,200,4,10,10,0.32574043784352036,0.037853156453922635,0.2602067632887148,0.3823469586699575,100.0,0.0,100.0,100.0,30,0,0
586,6.5,0.05,250,2,10,10,0.11427947404874969,0.024836434856533605,0.08770942788527718,0.17495515654587387,100.0,0.0,100.0,100.0,30,0,0
587,6.5,0.05,250,4,10,10,0.33093782023663876,0.03801491099343458,0.2678870036811889,0.3882872099106849,100.0,0.0,100.0,100.0,30,0,0
588,6.5,0.06,0,2,10,10,0.03134299925102786,0.005272767205895732,0.025688734851716254,0.042682040238882356,100.0,0.0,100.0,100.0,30,0,0
589,6.5,0.06,0,4,10,10,0.32161567139155056,0.034870439105733515,0.27284108554523573,0.3683164411222948,100.0,0.0,100.0,100.0,30,0,0
590,6.5,0.06,50,2,10,10,0.04185342767842186,0.00903161479398162,0.030615884814818462,0.05795773327112592,100.0,0.0,100.0,100.0,30,0,0
591,6.5,0.06,50,4,10,10,0.3216718045937589,0.03374346902089817,0.2725409461556039,0.3626179852682527,100.0,0.0,100.0,100.0,30,0,0
592,6.5,0.06,100,2,10,10,0.059823042314213246,0.011755824906018413,0.04320968340656011,0.087102466147982,100.0,0.0,100.0,100.0,30,0,0
593,6.5,0.06,100,4,10,10,0.3232609309433604,0.033270846944422144,0.2681644955673236,0.3553041770037513,100.0,0.0,100.0,100.0,30,0,0
594,6.5,0.06,150,2,10,10,0.07703086019586722,0.016976895596500025,0.05622499951531992,0.11710581599355029,100.0,0.0,100.0,100.0,30,0,0
595,6.5,0.06,150,4,10,10,0.323424938803785,0.03108085459407988,0.2756696324748796,0.3643123992843998,100.0,0.0,100.0,100.0,30,0,0
596,6.5,0.06,200,2,10,10,0.09612199167540396,0.02080504462245011,0.07106961209459718,0.14511036663066215,100.0,0.0,100.0,100.0,30,0,0
597,6.5,0.06,200,4,10,10,0.32960440861773754,0.031897367280926785,0.27942036304057954,0.3716812177665492,100.0,0.0,100.0,100.0,30,0,0
598,6.5,0.06,250,2,10,10,0.11957478249827776,0.02828777092535767,0.08850321400349125,0.18583243011040826,100.0,0.0,100.0,100.0,30,0,0
599,6.5,0.06,250,4,10,10,0.3335706499321079,0.03866646510831355,0.2656849955493614,0.3912502351025077,100.0,0.0,100.0,100.0,30,0,0
600,6.5,0.07,0,2,10,10,0.0363646085053605,0.006196751135900225,0.025734720666806793,0.043842552340520764,100.0,0.0,100.0,100.0,30,0,0
601,6.5,0.07,0,4,10,10,0.32979444910255395,0.036538812536523434,0.28199648556522966,0.37924408421413647,100.0,0.0,100.0,100.0,30,0,0
602,6.5,0.07,50,2,10,10,0.04259552685274435,0.004907432759825509,0.03503737718651378,0.04943367726067397,100.0,0.0,100.0,100.0,30,0,0
603,6.5,0.07,50,4,10,10,0.3243491529133347,0.037802672845713904,0.26104830725156397,0.36716574250950157,100.0,0.0,100.0,100.0,30,0,0
604,6.5,0.07,100,2,10,10,0.05987254383955176,0.010564115548045743,0.043332682253032606,0.0772005685383828,100.0,0.0,100.0,100.0,30,0,0
605,6.5,0.07,100,4,10,10,0.3279786430555812,0.03642822027267203,0.2628680120248745,0.36674865266906603,100.0,0.0,100.0,100.0,30,0,0
606,6.5,0.07,150,2,10,10,0.0822543749424193,0.01766460319621566,0.05796594254541598,0.12482484179800564,100.0,0.0,100.0,100.0,30,0,0
607,6.5,0.07,150,4,10,10,0.3293915233496846,0.037211388718095,0.26427572053747267,0.37968824659262435,100.0,0.0,100.0,100.0,30,0,0
608,6.5,0.07,200,2,10,10,0.1010488533764838,0.02354416557254229,0.07266578231381345,0.15649922784431572,100.0,0.0,100.0,100.0,30,0,0
609,6.5,0.07,200,4,10,10,0.33469076496651,0.03745696099839171,0.2802374633213237,0.39095748943662784,100.0,0.0,100.0,100.0,30,0,0
610,6.5,0.07,250,2,10,10,0.11858409687921448,0.02527529004868586,0.08800402006973206,0.1756011726151694,100.0,0.0,100.0,100.0,30,0,0
611,6.5,0.07,250,4,10,10,0.3365865269801208,0.03792640284593439,0.2704092349426397,0.3935027273496801,100.0,0.0,100.0,100.0,30,0,0
612,6.5,0.08,0,2,10,10,0.03382013438034488,0.004434112398648365,0.02647694574094175,0.041776707334754505,100.0,0.0,100.0,100.0,30,0,0
613,6.5,0.08,0,4,10,10,0.33329650252819215,0.03845246344593903,0.2803429592556153,0.38338349056328197,100.0,0.0,100.0,100.0,30,0,0
614,6.5,0.08,50,2,10,10,0.043004325867879625,0.007591254483635391,0.03406215509010879,0.05990209835530743,100.0,0.0,100.0,100.0,30,0,0
615,6.5,0.08,50,4,10,10,0.33479486457931584,0.035971707786121056,0.2723306431919395,0.3739570964960393,100.0,0.0,100.0,100.0,30,0,0
616,6.5,0.08,100,2,10,10,0.05895722190901259,0.010103553159758631,0.045407154263019577,0.08063854273078733,100.0,0.0,100.0,100.0,30,0,0
617,6.5,0.08,100,4,10,10,0.3339411816041841,0.034174045309227984,0.2765738511190425,0.3712013012669682,100.0,0.0,100.0,100.0,30,0,0
618,6.5,0.08,150,2,10,10,0.08205700652047287,0.017551670691471278,0.058573760588843025,0.12151063668606221,100.0,0.0,100.0,100.0,30,0,0
619,6.5,0.08,150,4,10,10,0.3337406855393424,0.03627517569662705,0.2761062452991374,0.38278104242557337,100.0,0.0,100.0,100.0,30,0,0
620,6.5,0.08,200,2,10,10,0.10327456361463076,0.028925424627109005,0.07264075659191682,0.17063070153972634,100.0,0.0,100.0,100.0,30,0,0
621,6.5,0.08,200,4,10,10,0.33751225235118987,0.036100297916087355,0.2790579395002957,0.39016601214457153,100.0,0.0,100.0,100.0,30,0,0
622,6.5,0.08,250,2,10,10,0.12541943872541256,0.0319890465370314,0.09297193653084744,0.20473567758036235,100.0,0.0,100.0,100.0,30,0,0
623,6.5,0.08,250,4,10,10,0.3429287985029991,0.04052437966955366,0.26762121300689884,0.40424242574095787,100.0,0.0,100.0,100.0,30,0,0
624,6.5,0.09,0,2,10,10,0.03256077134879095,0.0038273991890340167,0.026430342195528783,0.03996281603992672,100.0,0.0,100.0,100.0,30,0,0
625,6.5,0.09,0,4,10,10,0.34043804440054887,0.0358114102681812,0.28908713461694197,0.38539280626762684,100.0,0.0,100.0,100.0,30,0,0
626,6.5,0.09,50,2,10,10,0.039023006929652916,0.006869353336818996,0.027643572173974753,0.04908513552440597,100.0,0.0,100.0,100.0,30,0,0
627,6.5,0.09,50,4,10,10,0.34059065834236957,0.03463598992620204,0.28094553246816184,0.37901637801217297,100.0,0.0,100.0,100.0,30,0,0
628,6.5,0.09,100,2,10,10,0.0634699144960005,0.01346218958721182,0.03708694690975298,0.09038136441258221,100.0,0.0,100.0,100.0,30,0,0
629,6.5,0.09,100,4,10,10,0.3392350289216926,0.036494709145660574,0.28075073119654936,0.37543686488022715,100.0,0.0,100.0,100.0,30,0,0
630,6.5,0.09,150,2,10,10,0.08318474896641329,0.01846635045000141,0.05986724621230118,0.12450636753083998,100.0,0.0,100.0,100.0,30,0,0
631,6.5,0.09,150,4,10,10,0.34134433035802025,0.034985619248998574,0.29149597506790675,0.39368536759750233,100.0,0.0,100.0,100.0,30,0,0
632,6.5,0.09,200,2,10,10,0.1055850855607545,0.02749625708417837,0.07461690738970662,0.17414806124332827,100.0,0.0,100.0,100.0,30,0,0
633,6.5,0.09,200,4,10,10,0.3458617159394317,0.03633843305167556,0.2910661110496608,0.4030085776336028,100.0,0.0,100.0,100.0,30,0,0
634,6.5,0.09,250,2,10,10,0.12891013921565672,0.027285073880372497,0.10129168525664085,0.1942407040522609,100.0,0.0,100.0,100.0,30,0,0
635,6.5,0.09,250,4,10,10,0.348173791379109,0.04050128699270979,0.2793799244135004,0.41110763144038104,100.0,0.0,100.0,100.0,30,0,0
636,6.5,0.1,0,2,10,10,0.034942904339428205,0.005337918186717624,0.027721372603511134,0.0449640806923301,100.0,0.0,100.0,100.0,30,0,0
637,6.5,0.1,0,4,10,10,0.346588098792989,0.039567116015271596,0.2856922768222654,0.403493493211544,100.0,0.0,100.0,100.0,30,0,0
638,6.5,0.1,50,2,10,10,0.043571979056634666,0.009722654685645453,0.029887773698779724,0.0595090368517724,100.0,0.0,100.0,100.0,30,0,0
639,6.5,0.1,50,4,10,10,0.34686185896977034,0.03603343282629014,0.29091869289291994,0.3907843866306278,100.0,0.0,100.0,100.0,30,0,0
640,6.5,0.1,100,2,10,10,0.06040906853433594,0.011020178048060308,0.04872386585408006,0.08564591794093901,100.0,0.0,100.0,100.0,30,0,0
641,6.5,0.1,100,4,10,10,0.34526334249778584,0.03400124188797741,0.287646261391922,0.3860182397973966,100.0,0.0,100.0,100.0,30,0,0
642,6.5,0.1,150,2,10,10,0.08555809266856307,0.01680832365943605,0.06161484647418214,0.1213701164442466,100.0,0.0,100.0,100.0,30,0,0
643,6.5,0.1,150,4,10,10,0.3443968183733569,0.035626183989752355,0.29067111275899765,0.39769113373437787,100.0,0.0,100.0,100.0,30,0,0
644,6.5,0.1,200,2,10,10,0.11051820929569638,0.02690144056724347,0.0791674086742426,0.1754363814254756,100.0,0.0,100.0,100.0,30,0,0
645,6.5,0.1,200,4,10,10,0.3493550739078856,0.03766885880220736,0.2945055160043775,0.4130872951346989,100.0,0.0,100.0,100.0,30,0,0
646,6.5,0.1,250,2,10,10,0.13267594229853735,0.03190972020517359,0.09598997951236389,0.2067172491342992,100.0,0.0,100.0,100.0,30,0,0
647,6.5,0.1,250,4,10,10,0.3543157317276066,0.03897353016183608,0.2883732923068824,0.41732829008076894,100.0,0.0,100.0,100.0,30,0,0
648,6.5,0.11,0,2,10,10,0.032982698555886904,0.0037128261412923916,0.02796716327162752,0.040400385374908025,100.0,0.0,100.0,100.0,30,0,0
649,6.5,0.11,0,4,10,10,0.3543710399991249,0.037018468926350315,0.300144059005977,0.3955434833658822,100.0,0.0,100.0,100.0,30,0,0
650,6.5,0.11,50,2,10,10,0.043859855226004295,0.009601919064418667,0.02593248576373247,0.058806382164538436,100.0,0.0,100.0,100.0,30,0,0
651,6.5,0.11,50,4,10,10,0.3522061597695802,0.0382999051603307,0.2924878447239052,0.39500769214044745,100.0,0.0,100.0,100.0,30,0,0
652,6.5,0.11,100,2,10,10,0.06589425035175048,0.012176131336010015,0.05349687381782562,0.09478728346744232,100.0,0.0,100.0,100.0,30,0,0
653,6.5,0.11,100,4,10,10,0.3539938121566995,0.035500289041867715,0.30044672981679044,0.40474620624236807,100.0,0.0,100.0,100.0,30,0,0
654,6.5,0.11,150,2,10,10,0.0872710042959453,0.019237168737996167,0.06274743380723762,0.13275823158876723,100.0,0.0,100.0,100.0,30,0,0
655,6.5,0.11,150,4,10,10,0.3524599262774512,0.034286383854807874,0.3002738956311961,0.40003715034826176,100.0,0.0,100.0,100.0,30,0,0
656,6.5,0.11,200,2,10,10,0.11399421742966573,0.026224194392848416,0.08304786120506287,0.17469791429960366,100.0,0.0,100.0,100.0,30,0,0
657,6.5,0.11,200,4,10,10,0.3607196814674119,0.03759855888958779,0.30612202062384974,0.4189018878218111,100.0,0.0,100.0,100.0,30,0,0
658,6.5,0.11,250,2,10,10,0.13800565758726163,0.03152731894244198,0.10079508568998972,0.21348482051047735,100.0,0.0,100.0,100.0,30,0,0
659,6.5,0.11,250,4,10,10,0.36002726161164256,0.037417610376445275,0.2991974331082143,0.422149643224276,100.0,0.0,100.0,100.0,30,0,0
660,6.5,0.12,0,2,10,10,0.033555145204129534,0.0077467090275976135,0.02610319523441183,0.04765977693163768,100.0,0.0,100.0,100.0,30,0,0
661,6.5,0.12,0,4,10,10,0.36454585421547925,0.03934713566707465,0.30418887813042217,0.4155690143546081,100.0,0.0,100.0,100.0,30,0,0
662,6.5,0.12,50,2,10,10,0.042506777695923634,0.008405967817526104,0.03238547028498605,0.05765963256332566,100.0,0.0,100.0,100.0,30,0,0
663,6.5,0.12,50,4,10,10,0.36067317815529343,0.03581228912926536,0.3098910810792927,0.40032163720071146,100.0,0.0,100.0,100.0,30,0,0
664,6.5,0.12,100,2,10,10,0.06523455707354517,0.010739773148525799,0.05393995301577111,0.09094482278891662,100.0,0.0,100.0,100.0,30,0,0
665,6.5,0.12,100,4,10,10,0.3617957419058297,0.036828865080964335,0.29837851178585156,0.41042901531486975,100.0,0.0,100.0,100.0,30,0,0
666,6.5,0.12,150,2,10,10,0.0910143308504134,0.02082048854303877,0.06397406208239231,0.14048864518926382,100.0,0.0,100.0,100.0,30,0,0
667,6.5,0.12,150,4,10,10,0.359760596558589,0.03512623250394393,0.29916578436268365,0.4098783728236845,100.0,0.0,100.0,100.0,30,0,0
668,6.5,0.12,200,2,10,10,0.1148520780360496,0.026922236837652453,0.08347586121797514,0.17568550993814092,100.0,0.0,100.0,100.0,30,0,0
669,6.5,0.12,200,4,10,10,0.36643176855570814,0.036610075082713994,0.30323724073329417,0.417082062755433,100.0,0.0,100.0,100.0,30,0,0
670,6.5,0.12,250,2,10,10,0.14466640351672477,0.03409793053423088,0.10792914929812845,0.22643290441529493,100.0,0.0,100.0,100.0,30,0,0
671,6.5,0.12,250,4,10,10,0.3686599150808872,0.03899098679202083,0.29558232608054874,0.4330569975956898,100.0,0.0,100.0,100.0,30,0,0
672,6.5,0.13,0,2,10,10,0.03178741278535859,0.005155165840161556,0.02304178830214501,0.04081357453595789,100.0,0.0,100.0,100.0,30,0,0
673,6.5,0.13,0,4,10,10,0.3714237099907929,0.03766399151534686,0.311756380721573,0.4177060034247227,100.0,0.0,100.0,100.0,30,0,0
674,6.5,0.13,50,2,10,10,0.04080531551477717,0.006298124517446441,0.03167350352502715,0.05351521851440142,100.0,0.0,100.0,100.0,30,0,0
675,6.5,0.13,50,4,10,10,0.3701389610608254,0.03679319425952185,0.31545338572459586,0.4155347002638337,100.0,0.0,100.0,100.0,30,0,0
676,6.5,0.13,100,2,10,10,0.06560577348699499,0.009817493550284022,0.05137488524736968,0.08331252331802157,100.0,0.0,100.0,100.0,30,0,0
677,6.5,0.13,100,4,10,10,0.36835907040597615,0.037457759555325314,0.3025039619048429,0.4117544343158877,100.0,0.0,100.0,100.0,30,0,0
678,6.5,0.13,150,2,10,10,0.0947933862921437,0.019263167757960917,0.07280227331766238,0.13957072728412515,100.0,0.0,100.0,100.0,30,0,0
679,6.5,0.13,150,4,10,10,0.368148223208075,0.0346995013418197,0.3084412160056875,0.4160013540618568,100.0,0.0,100.0,100.0,30,0,0
680,6.5,0.13,200,2,10,10,0.11950643955206905,0.02657586534779735,0.0915827123271158,0.1828141403972101,100.0,0.0,100.0,100.0,30,0,0
681,6.5,0.13,200,4,10,10,0.37264743723956606,0.03910169058622097,0.3040150391723837,0.43177162888526405,100.0,0.0,100.0,100.0,30,0,0
682,6.5,0.13,250,2,10,10,0.14750260394244086,0.03440102723000311,0.110492242600805,0.22814548467697385,100.0,0.0,100.0,100.0,30,0,0
683,6.5,0.13,250,4,10,10,0.3781480372250673,0.0428328525865558,0.3139271935366466,0.4475176994390273,100.0,0.0,100.0,100.0,30,0,0
684,6.5,0.14,0,2,10,10,0.03462828902444913,0.004872822236540317,0.02895565556094465,0.04196236834698682,100.0,0.0,100.0,100.0,30,0,0
685,6.5,0.14,0,4,10,10,0.37918609576089507,0.04044457703033972,0.3109959878483091,0.4315665907289851,100.0,0.0,100.0,100.0,30,0,0
686,6.5,0.14,50,2,10,10,0.044839390087762325,0.006377752286434961,0.03231787641972761,0.05308632225722996,100.0,0.0,100.0,100.0,30,0,0
687,6.5,0.14,50,4,10,10,0.37621559916517083,0.03747767409168972,0.31473373352551787,0.4190028675009043,100.0,0.0,100.0,100.0,30,0,0
688,6.5,0.14,100,2,10,10,0.06586502415467162,0.010920285337522219,0.054845677937797266,0.09109745205053714,100.0,0.0,100.0,100.0,30,0,0
689,6.5,0.14,100,4,10,10,0.3782105422473571,0.03768634807622041,0.3170875838206653,0.43280951774274756,100.0,0.0,100.0,100.0,30,0,0
690,6.5,0.14,150,2,10,10,0.09787660696536468,0.02079365134616341,0.07687453024158002,0.14771815127554622,100.0,0.0,100.0,100.0,30,0,0
691,6.5,0.14,150,4,10,10,0.3786422765572363,0.037797585659194714,0.3112849022310887,0.42941188436299926,100.0,0.0,100.0,100.0,30,0,0
692,6.5,0.14,200,2,10,10,0.12625507302631966,0.0274370774479356,0.0903119332727076,0.18978384361930045,100.0,0.0,100.0,100.0,30,0,0
693,6.5,0.14,200,4,10,10,0.38221802982109077,0.04073597476407469,0.31981566418685775,0.45426718613346484,100.0,0.0,100.0,100.0,30,0,0
694,6.5,0.14,250,2,10,10,0.15397871996695822,0.03532402203454622,0.11572025661730828,0.23849408563273586,100.0,0.0,100.0,100.0,30,0,0
695,6.5,0.14,250,4,10,10,0.38632250173020705,0.03706251998236774,0.33279885914400825,0.4538184460452807,100.0,0.0,100.0,100.0,30,0,0
696,6.5,0.15,0,2,10,10,0.037820071382770735,0.006091307284636824,0.027001907449665467,0.045262520324775214,100.0,0.0,100.0,100.0,30,0,0
697,6.5,0.15,0,4,10,10,0.3896893948319833,0.043668644764513244,0.3163897055842553,0.44846552257663014,100.0,0.0,100.0,100.0,30,0,0
698,6.5,0.15,50,2,10,10,0.045172557107651584,0.007395627777974714,0.035607739326794174,0.055011261394365206,100.0,0.0,100.0,100.0,30,0,0
699,6.5,0.15,50,4,10,10,0.38744641028143023,0.04187002962496347,0.3215163274748847,0.43859020729158305,100.0,0.0,100.0,100.0,30,0,0
700,6.5,0.15,100,2,10,10,0.06829441233078086,0.01291794136959028,0.05529916971641863,0.09501079512792343,100.0,0.0,100.0,100.0,30,0,0
701,6.5,0.15,100,4,10,10,0.3875454846735862,0.036979698878433415,0.32224539577058964,0.43832964965692106,100.0,0.0,100.0,100.0,30,0,0
702,6.5,0.15,150,2,10,10,0.09932835169707092,0.022770162927895056,0.07485886493823043,0.15494230594785122,100.0,0.0,100.0,100.0,30,0,0
703,6.5,0.15,150,4,10,10,0.3875435064527068,0.03722167522061011,0.3300618608101478,0.4432976425943898,100.0,0.0,100.0,100.0,30,0,0
704,6.5,0.15,200,2,10,10,0.1259747950074725,0.028593336011949556,0.08424768374780149,0.19082067832074848,100.0,0.0,100.0,100.0,30,0,0
705,6.5,0.15,200,4,10,10,0.39007242320188384,0.038232332199205854,0.3222017437463594,0.44993005379822276,100.0,0.0,100.0,100.0,30,0,0
706,6.5,0.15,250,2,10,10,0.16121402412793778,0.035950271033794876,0.11558945249318946,0.24357215112437727,100.0,0.0,100.0,100.0,30,0,0
707,6.5,0.15,250,4,10,10,0.3929899904021513,0.04147141339994245,0.32283591770885867,0.46233820291245364,100.0,0.0,100.0,100.0,30,0,0
708,6.5,0.16,0,2,10,10,0.041491068921317445,0.008871474408566601,0.028248647978432944,0.05559015559100178,100.0,0.0,100.0,100.0,30,0,0
709,6.5,0.16,0,4,10,10,0.4006887852908324,0.042975541933986075,0.34032186109321966,0.44808348182571534,100.0,0.0,100.0,100.0,30,0,0
710,6.5,0.16,50,2,10,10,0.04622502703130078,0.008215868537966246,0.03583187485859018,0.05681732939298562,100.0,0.0,100.0,100.0,30,0,0
711,6.5,0.16,50,4,10,10,0.3975833113258306,0.039950953249299787,0.33339935318859354,0.4410454471677283,100.0,0.0,100.0,100.0,30,0,0
712,6.5,0.16,100,2,10,10,0.07140686090481554,0.009969189874919005,0.05466873469876631,0.0894946002002353,100.0,0.0,100.0,100.0,30,0,0
713,6.5,0.16,100,4,10,10,0.3939488569788908,0.03999479997077284,0.32078472646350126,0.4524056105579561,100.0,0.0,100.0,100.0,30,0,0
714,6.5,0.16,150,2,10,10,0.10342110867914726,0.019204261170515803,0.07842794479434023,0.14647435888591656,100.0,0.0,100.0,100.0,30,0,0
715,6.5,0.16,150,4,10,10,0.39409718372522495,0.03857248129191123,0.3369917484951972,0.4489574606631906,100.0,0.0,100.0,100.0,30,0,0
716,6.5,0.16,200,2,10,10,0.13559028350330887,0.030941240369558445,0.10413976786120838,0.20914468305010006,100.0,0.0,100.0,100.0,30,0,0
717,6.5,0.16,200,4,10,10,0.4003177237065974,0.039209477685937896,0.3342043287473115,0.466218089957078,100.0,0.0,100.0,100.0,30,0,0
718,6.5,0.16,250,2,10,10,0.1654567487437713,0.03536226289469729,0.12591444496407575,0.24321644453518387,100.0,0.0,100.0,100.0,30,0,0
719,6.5,0.16,250,4,10,10,0.4056018496587259,0.040238722619101885,0.3488899765784816,0.47459327218421715,100.0,0.0,100.0,100.0,30,0,0
720,6.5,0.17,0,2,10,10,0.04119745604535992,0.006263446761066178,0.03517996945804091,0.05295052444223047,100.0,0.0,100.0,100.0,30,0,0
721,6.5,0.17,0,4,10,10,0.4112087971801951,0.04271793890372855,0.3479906058955831,0.46209483515610844,100.0,0.0,100.0,100.0,30,0,0
722,6.5,0.17,50,2,10,10,0.052313824804662803,0.009051884403525414,0.04015257757522737,0.06564162712558379,100.0,0.0,100.0,100.0,30,0,0
723,6.5,0.17,50,4,10,10,0.4076951500792962,0.03971479138979688,0.33793806086151174,0.45128397006157867,100.0,0.0,100.0,100.0,30,0,0
724,6.5,0.17,100,2,10,10,0.07326539132943163,0.012907521184484289,0.05937177148190742,0.10130054204381911,100.0,0.0,100.0,100.0,30,0,0
725,6.5,0.17,100,4,10,10,0.40655493022089456,0.04088279463524499,0.33485762485781506,0.4599567169049787,100.0,0.0,100.0,100.0,30,0,0
726,6.5,0.17,150,2,10,10,0.10659522651666424,0.021702436029497545,0.08326970998691595,0.15855089619966986,100.0,0.0,100.0,100.0,30,0,0
727,6.5,0.17,150,4,10,10,0.4072696230115714,0.0397834599809425,0.33863462353151164,0.46282073855015793,100.0,0.0,100.0,100.0,30,0,0
728,6.5,0.17,200,2,10,10,0.13857149004244448,0.030019483944350427,0.10383329074736936,0.20391647851197428,100.0,0.0,100.0,100.0,30,0,0
729,6.5,0.17,200,4,10,10,0.41144324040476093,0.040033870481191475,0.3470038643387256,0.4773520073115767,100.0,0.0,100.0,100.0,30,0,0
730,6.5,0.17,250,2,10,10,0.16917305426930812,0.03808534261479176,0.1290855905551748,0.2540193257039443,100.0,0.0,100.0,100.0,30,0,0
731,6.5,0.17,250,4,10,10,0.41225945083481125,0.03947108414933053,0.3512692729763371,0.4824768833587541,100.0,0.0,100.0,100.0,30,0,0
732,6.5,0.18,0,2,10,10,0.04625593953326475,0.005597335820213307,0.036019352450750705,0.052596191266032766,100.0,0.0,100.0,100.0,30,0,0
733,6.5,0.18,0,4,10,10,0.4220211955294926,0.04301875170343227,0.3497732509712826,0.46671861802876435,100.0,0.0,100.0,100.0,30,0,0
734,6.5,0.18,50,2,10,10,0.05471047759901352,0.008453461314309489,0.0425554364347726,0.06630746329030325,100.0,0.0,100.0,100.0,30,0,0
735,6.5,0.18,50,4,10,10,0.4176295740582797,0.04288289637392212,0.347943517941215,0.4731510255560944,100.0,0.0,100.0,100.0,30,0,0
736,6.5,0.18,100,2,10,10,0.08057711207103951,0.01596521388015499,0.06749999966576381,0.11786553221026597,100.0,0.0,100.0,100.0,30,0,0
737,6.5,0.18,100,4,10,10,0.4165871627199638,0.039664307558597796,0.3468054069657373,0.47151482471699047,100.0,0.0,100.0,100.0,30,0,0
738,6.5,0.18,150,2,10,10,0.11195907554875853,0.02266080073009139,0.09018602912727124,0.16427595317960694,100.0,0.0,100.0,100.0,30,0,0
739,6.5,0.18,150,4,10,10,0.4205434678979828,0.038861498578159105,0.35555788339406336,0.4839068484241247,100.0,0.0,100.0,100.0,30,0,0
740,6.5,0.18,200,2,10,10,0.14543654156042032,0.030454205122709785,0.11724354279997744,0.21960308125909833,100.0,0.0,100.0,100.0,30,0,0
741,6.5,0.18,200,4,10,10,0.4217653062729395,0.0416630270136018,0.3510812072758789,0.4896863520911183,100.0,0.0,100.0,100.0,30,0,0
742,6.5,0.18,250,2,10,10,0.1797647884187173,0.03593353228001043,0.14004234249005387,0.2576126910196724,100.0,0.0,100.0,100.0,30,0,0
743,6.5,0.18,250,4,10,10,0.4258117660979983,0.04437265814810388,0.34879701164246296,0.5001068681011368,100.0,0.0,100.0,100.0,30,0,0
744,6.5,0.19,0,2,10,10,0.04983179795502746,0.007335495891390743,0.04005195718454845,0.06267509127036047,100.0,0.0,100.0,100.0,30,0,0
745,6.5,0.19,0,4,10,10,0.4342154133097675,0.045031934107953725,0.35626621324570346,0.48783959488871526,100.0,0.0,100.0,100.0,30,0,0
746,6.5,0.19,50,2,10,10,0.0576261274642126,0.006309216266352849,0.045971154183102304,0.06769768713286704,100.0,0.0,100.0,100.0,30,0,0
747,6.5,0.19,50,4,10,10,0.43107670719219726,0.04493848969101888,0.350846960980745,0.48724578011610536,100.0,0.0,100.0,100.0,30,0,0
748,6.5,0.19,100,2,10,10,0.08863019910842282,0.014402020192024885,0.07112523499975709,0.11916174464063595,100.0,0.0,100.0,100.0,30,0,0
749,6.5,0.19,100,4,10,10,0.4276065429787203,0.04084280668555798,0.3540908206663322,0.48872860779872335,100.0,0.0,100.0,100.0,30,0,0
750,6.5,0.19,150,2,10,10,0.12010715212110974,0.02053470507874853,0.10236931558135542,0.17012355332551846,100.0,0.0,100.0,100.0,30,0,0
751,6.5,0.19,150,4,10,10,0.43145933158753547,0.03950269396527785,0.3694075080418038,0.4906106133974704,100.0,0.0,100.0,100.0,30,0,0
752,6.5,0.19,200,2,10,10,0.1495364485154816,0.03291786099993628,0.11418994269910039,0.22237365758879568,100.0,0.0,100.0,100.0,30,0,0
753,6.5,0.19,200,4,10,10,0.43215341965466586,0.044731545793637396,0.3485760589623272,0.5003825545221496,100.0,0.0,100.0,100.0,30,0,0
754,6.5,0.19,250,2,10,10,0.18930546942672627,0.03704683727439533,0.14701979130763693,0.2630316103152277,100.0,0.0,100.0,100.0,30,0,0
755,6.5,0.19,250,4,10,10,0.43704352693969933,0.041961836925648865,0.36340487923057174,0.5057500891014336,100.0,0.0,100.0,100.0,30,0,0
756,6.5,0.2,0,2,10,10,0.05938867863838713,0.011911403792754212,0.038593444140401494,0.07838627997202324,100.0,0.0,100.0,100.0,30,0,0
757,6.5,0.2,0,4,10,10,0.44642535179001647,0.04404863714366731,0.3689897809389602,0.4962747644118459,100.0,0.0,100.0,100.0,30,0,0
758,6.5,0.2,50,2,10,10,0.06530198315778328,0.009986566307441365,0.04694483359017001,0.07623054506916871,100.0,0.0,100.0,100.0,30,0,0
759,6.5,0.2,50,4,10,10,0.44330728312086753,0.04092473688905965,0.37380632334391856,0.4959734407836458,100.0,0.0,100.0,100.0,30,0,0
760,6.5,0.2,100,2,10,10,0.09085196606675958,0.014181887314560528,0.07437517228284295,0.11819073440510149,100.0,0.0,100.0,100.0,30,0,0
761,6.5,0.2,100,4,10,10,0.4434642223827203,0.04069776493500181,0.37863669023926744,0.5105185931656738,100.0,0.0,100.0,100.0,30,0,0
762,6.5,0.2,150,2,10,10,0.1255104016850423,0.022642339493738565,0.09527557957452366,0.17284022917617417,100.0,0.0,100.0,100.0,30,0,0
763,6.5,0.2,150,4,10,10,0.44059118028359345,0.04281852093474367,0.37051873337405955,0.5090018866391679,100.0,0.0,100.0,100.0,30,0,0
764,6.5,0.2,200,2,10,10,0.16117994868645014,0.031847882245723415,0.12577263571175296,0.23098538506534338,100.0,0.0,100.0,100.0,30,0,0
765,6.5,0.2,200,4,10,10,0.4442051861444504,0.03789752771237286,0.3854731828241613,0.5070532448786005,100.0,0.0,100.0,100.0,30,0,0
766,6.5,0.2,250,2,10,10,0.19489495446292138,0.04093812945822315,0.14213854139609808,0.2812711934613065,100.0,0.0,100.0,100.0,30,0,0
767,6.5,0.2,250,4,10,10,0.4464583656988069,0.04299548207272615,0.3721138400815245,0.521175561652449,100.0,0.0,100.0,100.0,30,0,0
768,7.0,0.05,0,2,10,10,0.03861223394839185,0.00443569425541908,0.03406157837432913,0.04844297876699899,100.0,0.0,100.0,100.0,30,0,0
769,7.0,0.05,0,4,10,10,0.24966442282829587,0.03247252383135674,0.2093103390309066,0.29563843265756967,100.0,0.0,100.0,100.0,30,0,0
770,7.0,0.05,50,2,10,10,0.04482718239864482,0.006600442532784022,0.036074592835430803,0.057017032123026036,100.0,0.0,100.0,100.0,30,0,0
771,7.0,0.05,50,4,10,10,0.24896297509059698,0.031233600248818282,0.21352338405850813,0.3035163992981817,100.0,0.0,100.0,100.0,30,0,0
772,7.0,0.05,100,2,10,10,0.058781910156328755,0.007997541024911478,0.047185847811620475,0.07200075559956158,100.0,0.0,100.0,100.0,30,0,0
773,7.0,0.05,100,4,10,10,0.25277419184942407,0.03247067348141633,0.2163924300018555,0.3034633250775,100.0,0.0,100.0,100.0,30,0,0
774,7.0,0.05,150,2,10,10,0.07497930202879703,0.012713881870523122,0.05813085278074919,0.09634591891210924,100.0,0.0,100.0,100.0,30,0,0
775,7.0,0.05,150,4,10,10,0.2576493678139059,0.03024554739535134,0.21706471475173947,0.3020493506435454,100.0,0.0,100.0,100.0,30,0,0
776,7.0,0.05,200,2,10,10,0.09050794647913248,0.01823788405592819,0.07202162847364081,0.12257695784505562,100.0,0.0,100.0,100.0,30,0,0
777,7.0,0.05,200,4,10,10,0.2598341135149961,0.03164888483370618,0.22586708412091502,0.31165197264568006,100.0,0.0,100.0,100.0,30,0,0
778,7.0,0.05,250,2,10,10,0.1071498686038083,0.017498307287422472,0.08403618077978466,0.13231998735460282,100.0,0.0,100.0,100.0,30,0,0
779,7.0,0.05,250,4,10,10,0.2665696793230379,0.03237427032148745,0.22345066861942506,0.3247716113018777,100.0,0.0,100.0,100.0,30,0,0
780,7.0,0.06,0,2,10,10,0.039053841835584684,0.006072350066863026,0.030887548828343204,0.05185737186758347,100.0,0.0,100.0,100.0,30,0,0
781,7.0,0.06,0,4,10,10,0.2567006764910028,0.03811842972293649,0.20069970116909555,0.32366658521166125,100.0,0.0,100.0,100.0,30,0,0
782,7.0,0.06,50,2,10,10,0.043436153353497306,0.005044099653064718,0.03379478169914809,0.05315174593180849,100.0,0.0,100.0,100.0,30,0,0
783,7.0,0.06,50,4,10,10,0.2548403174464145,0.0348747789381035,0.20981633472084993,0.3108062572594047,100.0,0.0,100.0,100.0,30,0,0
784,7.0,0.06,100,2,10,10,0.05936758926501802,0.010259233655753505,0.04715000950813799,0.07522218506855409,100.0,0.0,100.0,100.0,30,0,0
785,7.0,0.06,100,4,10,10,0.25596760559889564,0.03447865912158466,0.21636950291374038,0.3070424625439403,100.0,0.0,100.0,100.0,30,0,0
786,7.0,0.06,150,2,10,10,0.07561829215083463,0.01247680627988398,0.05983302220491768,0.09920169902258975,100.0,0.0,100.0,100.0,30,0,0
787,7.0,0.06,150,4,10,10,0.2587302604496056,0.03050226742482454,0.22218472097888078,0.30899821967762936,100.0,0.0,100.0,100.0,30,0,0
788,7.0,0.06,200,2,10,10,0.09212749308910999,0.01289071550430772,0.07849397130420703,0.11218249368563109,100.0,0.0,100.0,100.0,30,0,0
789,7.0,0.06,200,4,10,10,0.2615233071143785,0.031655375659249856,0.22237263399242205,0.3203142314917787,100.0,0.0,100.0,100.0,30,0,0
790,7.0,0.06,250,2,10,10,0.10651153637944726,0.02076758188917418,0.08647155950337941,0.14435749818355603,100.0,0.0,100.0,100.0,30,0,0
791,7.0,0.06,250,4,10,10,0.2700098550939252,0.035036930696517546,0.2250498432943732,0.33330962994146834,100.0,0.0,100.0,100.0,30,0,0
792,7.0,0.07,0,2,10,10,0.036883381228426514,0.004097598182363053,0.03106693611529222,0.04326900805899706,100.0,0.0,100.0,100.0,30,0,0
793,7.0,0.07,0,4,10,10,0.26021781182817605,0.03606464801266764,0.21562397187670937,0.31602722669499217,100.0,0.0,100.0,100.0,30,0,0
794,7.0,0.07,50,2,10,10,0.043003532626329125,0.005927689760590749,0.035545450714490126,0.056598208369272596,100.0,0.0,100.0,100.0,30,0,0
795,7.0,0.07,50,4,10,10,0.2590435713762023,0.03323361890982615,0.2197476992071389,0.30813345678113485,100.0,0.0,100.0,100.0,30,0,0
796,7.0,0.07,100,2,10,10,0.06027951209202326,0.010059866717664142,0.04643388794246816,0.07702504752570762,100.0,0.0,100.0,100.0,30,0,0
797,7.0,0.07,100,4,10,10,0.25971566701442883,0.03403368841680137,0.21313060158972755,0.30901757426577753,100.0,0.0,100.0,100.0,30,0,0
798,7.0,0.07,150,2,10,10,0.07621808503582557,0.01326424198169284,0.05488967642714057,0.10020201904876681,100.0,0.0,100.0,100.0,30,0,0
799,7.0,0.07,150,4,10,10,0.2654063521604181,0.032793779875560945,0.22982715191398606,0.31958978920853504,100.0,0.0,100.0,100.0,30,0,0
800,7.0,0.07,200,2,10,10,0.09495143132342017,0.018373230608489253,0.07375859395708814,0.1271387709186579,100.0,0.0,100.0,100.0,30,0,0
801,7.0,0.07,200,4,10,10,0.26672703455832936,0.035298773431339955,0.21881385653112975,0.32576164982756334,100.0,0.0,100.0,100.0,30,0,0
802,7.0,0.07,250,2,10,10,0.11368603177479027,0.022445339339775914,0.08648705280743825,0.14400011482627564,100.0,0.0,100.0,100.0,30,0,0
803,7.0,0.07,250,4,10,10,0.2733475085209575,0.03566748552893812,0.21985428301866794,0.34081484746586144,100.0,0.0,100.0,100.0,30,0,0
804,7.0,0.08,0,2,10,10,0.038015915303806734,0.0049063674413723545,0.030136999883220616,0.046731953874631416,100.0,0.0,100.0,100.0,30,0,0
805,7.0,0.08,0,4,10,10,0.2645825171442869,0.036109688182276736,0.21461264625153054,0.31589090219316845,100.0,0.0,100.0,100.0,30,0,0
806,7.0,0.08,50,2,10,10,0.043791737690508356,0.005758015416955197,0.03571247650017639,0.05536308347198685,100.0,0.0,100.0,100.0,30,0,0
807,7.0,0.08,50,4,10,10,0.2677731400754182,0.035425674972988486,0.22811296220139465,0.3275832536656776,100.0,0.0,100.0,100.0,30,0,0
808,7.0,0.08,100,2,10,10,0.05874307207354183,0.010389573904708389,0.0390632136669311,0.07420593196386392,100.0,0.0,100.0,100.0,30,0,0
809,7.0,0.08,100,4,10,10,0.2647544384908301,0.03526227700875211,0.2170186326891915,0.31753184440765486,100.0,0.0,100.0,100.0,30,0,0
810,7.0,0.08,150,2,10,10,0.0778872511776143,0.01203051125185637,0.06133206536080534,0.09673513456664207,100.0,0.0,100.0,100.0,30,0,0
811,7.0,0.08,150,4,10,10,0.26837253984962917,0.03270670433242272,0.22083430967122183,0.3174027284731598,100.0,0.0,100.0,100.0,30,0,0
812,7.0,0.08,200,2,10,10,0.09456677569389009,0.01603217856119581,0.07803375510921737,0.12124549149634624,100.0,0.0,100.0,100.0,30,0,0
813,7.0,0.08,200,4,10,10,0.2713668120187111,0.035460156686014065,0.21730899401658985,0.3308799691651791,100.0,0.0,100.0,100.0,30,0,0
814,7.0,0.08,250,2,10,10,0.11478800664288027,0.01967117375635841,0.08981682104978539,0.14738992692112599,100.0,0.0,100.0,100.0,30,0,0
815,7.0,0.08,250,4,10,10,0.2783332204711081,0.03373488664851906,0.22652076621656891,0.3404139394934673,100.0,0.0,100.0,100.0,30,0,0
816,7.0,0.09,0,2,10,10,0.037498157383355046,0.004274450897890977,0.03131520378261858,0.04439388690239915,100.0,0.0,100.0,100.0,30,0,0
817,7.0,0.09,0,4,10,10,0.2715481339136209,0.034178129231254385,0.22242037246618182,0.318205493362806,100.0,0.0,100.0,100.0,30,0,0
818,7.0,0.09,50,2,10,10,0.04407874258601158,0.0076246104753939755,0.030858834958410585,0.05712228349082299,100.0,0.0,100.0,100.0,30,0,0
819,7.0,0.09,50,4,10,10,0.2690305035041695,0.03392961398258849,0.22713307094831245,0.3122306051980632,100.0,0.0,100.0,100.0,30,0,0
820,7.0,0.09,100,2,10,10,0.06146857141964598,0.010993422357279063,0.044240436643668724,0.07888774696281413,100.0,0.0,100.0,100.0,30,0,0
821,7.0,0.09,100,4,10,10,0.27348494335253964,0.03440140196199385,0.2261367221424008,0.3237901200329236,100.0,0.0,100.0,100.0,30,0,0
822,7.0,0.09,150,2,10,10,0.0789888221516655,0.013819061848534537,0.063435704949795,0.10181475192880274,100.0,0.0,100.0,100.0,30,0,0
823,7.0,0.09,150,4,10,10,0.2718852881888564,0.03504685277903005,0.21813548635737134,0.32900670600645293,100.0,0.0,100.0,100.0,30,0,0
824,7.0,0.09,200,2,10,10,0.09892134936062578,0.015120970007184653,0.08184638976909796,0.12625420237644525,100.0,0.0,100.0,100.0,30,0,0
825,7.0,0.09,200,4,10,10,0.27827086375300586,0.03145368600692537,0.22911516183874667,0.3333433478309959,100.0,0.0,100.0,100.0,30,0,0
826,7.0,0.09,250,2,10,10,0.11970939586963289,0.022385808845328245,0.0961865085273134,0.154263835888195,100.0,0.0,100.0,100.0,30,0,0
827,7.0,0.09,250,4,10,10,0.28342474545469537,0.03497767388152416,0.23358351535180508,0.3457372977336913,100.0,0.0,100.0,100.0,30,0,0
828,7.0,0.1,0,2,10,10,0.03484436782054783,0.00375700784689223,0.0302237849392015,0.04082370502926257,100.0,0.0,100.0,100.0,30,0,0
829,7.0,0.1,0,4,10,10,0.2779037188640311,0.03176813637528421,0.23659261600344758,0.3227486722378522,100.0,0.0,100.0,100.0,30,0,0
830,7.0,0.1,50,2,10,10,0.04585401678723196,0.007069574051526883,0.0313243120993732,0.0563204084229757,100.0,0.0,100.0,100.0,30,0,0
831,7.0,0.1,50,4,10,10,0.27731765949660214,0.03462951967305683,0.23451799364189566,0.3362642420830538,100.0,0.0,100.0,100.0,30,0,0
832,7.0,0.1,100,2,10,10,0.06297416887296023,0.00830683657876307,0.053338331582226894,0.07726796064432613,100.0,0.0,100.0,100.0,30,0,0
833,7.0,0.1,100,4,10,10,0.2783737070490202,0.03374719348360699,0.22888971932799304,0.3248376889133103,100.0,0.0,100.0,100.0,30,0,0
834,7.0,0.1,150,2,10,10,0.08094572726210239,0.011155368292153139,0.06606143980208931,0.10099669826717479,100.0,0.0,100.0,100.0,30,0,0
835,7.0,0.1,150,4,10,10,0.2804783326948655,0.03518453462560811,0.229381280171247,0.3400931303645219,100.0,0.0,100.0,100.0,30,0,0
836,7.0,0.1,200,2,10,10,0.10025566406298632,0.01720588197579653,0.08367738678228281,0.12830052563458985,100.0,0.0,100.0,100.0,30,0,0
837,7.0,0.1,200,4,10,10,0.28340199690929047,0.035075456732351185,0.22786045281944176,0.3445878373289199,100.0,0.0,100.0,100.0,30,0,0
838,7.0,0.1,250,2,10,10,0.1268799669711594,0.018408752836698464,0.10625035163707154,0.15734701369344256,100.0,0.0,100.0,100.0,30,0,0
839,7.0,0.1,250,4,10,10,0.28887764853665665,0.036359152705098124,0.22809638805184487,0.35142603220993296,100.0,0.0,100.0,100.0,30,0,0
840,7.0,0.11,0,2,10,10,0.036418343582568666,0.004425770680406131,0.02978194309543883,0.04631244091454858,100.0,0.0,100.0,100.0,30,0,0
841,7.0,0.11,0,4,10,10,0.28303255843468866,0.0376035223475264,0.23496269403185818,0.33927027265120907,100.0,0.0,100.0,100.0,30,0,0
842,7.0,0.11,50,2,10,10,0.04477241789386615,0.005569495645708712,0.03524995327469358,0.05227452348421827,100.0,0.0,100.0,100.0,30,0,0
843,7.0,0.11,50,4,10,10,0.2864337815781872,0.04022941082921723,0.24201971127759261,0.3524747190036231,100.0,0.0,100.0,100.0,30,0,0
844,7.0,0.11,100,2,10,10,0.06291234786698331,0.00888182706398148,0.04975615501168825,0.07613366615771372,100.0,0.0,100.0,100.0,30,0,0
845,7.0,0.11,100,4,10,10,0.28234477022593746,0.03658025420070043,0.22480908440226635,0.33606669442730963,100.0,0.0,100.0,100.0,30,0,0
846,7.0,0.11,150,2,10,10,0.08419484971371273,0.012841343036297427,0.0718333353306448,0.10738119527042371,100.0,0.0,100.0,100.0,30,0,0
847,7.0,0.11,150,4,10,10,0.2847378255497931,0.0335232720963378,0.23717894493880098,0.3462065836272228,100.0,0.0,100.0,100.0,30,0,0
848,7.0,0.11,200,2,10,10,0.1075119935465257,0.016847242619045407,0.08649035724788218,0.13189359873028747,100.0,0.0,100.0,100.0,30,0,0
849,7.0,0.11,200,4,10,10,0.2928554221888863,0.03541323293865529,0.23742455055557074,0.35138997334583966,100.0,0.0,100.0,100.0,30,0,0
850,7.0,0.11,250,2,10,10,0.12846407039236868,0.021525009716281213,0.1002357161775073,0.15894220004506424,100.0,0.0,100.0,100.0,30,0,0
851,7.0,0.11,250,4,10,10,0.29587463513069584,0.03746073912367917,0.2278304923408241,0.3580670362792218,100.0,0.0,100.0,100.0,30,0,0
852,7.0,0.12,0,2,10,10,0.03555706687751075,0.007125000209020872,0.024163326748529612,0.05043483513859426,100.0,0.0,100.0,100.0,30,0,0
853,7.0,0.12,0,4,10,10,0.29262453216559214,0.03740238476191394,0.2443266038659874,0.34064814003078786,100.0,0.0,100.0,100.0,30,0,0
854,7.0,0.12,50,2,10,10,0.04637617471083179,0.005872472000965752,0.03915940836981252,0.056372738139001254,100.0,0.0,100.0,100.0,30,0,0
855,7.0,0.12,50,4,10,10,0.291498488110176,0.03553852281447208,0.25294294902621156,0.34388748703311706,100.0,0.0,100.0,100.0,30,0,0
856,7.0,0.12,100,2,10,10,0.06985713823118722,0.006754501414799035,0.05946249911088575,0.08076961855991888,100.0,0.0,100.0,100.0,30,0,0
857,7.0,0.12,100,4,10,10,0.29266641241586594,0.03228755741032149,0.24992597188736723,0.3389699689311209,100.0,0.0,100.0,100.0,30,0,0
858,7.0,0.12,150,2,10,10,0.08554500945285304,0.013343363998916238,0.0716593102206198,0.10768141121660076,100.0,0.0,100.0,100.0,30,0,0
859,7.0,0.12,150,4,10,10,0.29454717180157186,0.03547621947882717,0.24434222510280326,0.35683163487964115,100.0,0.0,100.0,100.0,30,0,0
860,7.0,0.12,200,2,10,10,0.11026228776247309,0.018658187121665067,0.08796003634584391,0.13933382790118296,100.0,0.0,100.0,100.0,30,0,0
861,7.0,0.12,200,4,10,10,0.30005240234806985,0.03654574176095089,0.23985667027828503,0.35771175586040327,100.0,0.0,100.0,100.0,30,0,0
862,7.0,0.12,250,2,10,10,0.1310706548629173,0.026578270860387557,0.10589034123788871,0.17690826202534082,100.0,0.0,100.0,100.0,30,0,0
863,7.0,0.12,250,4,10,10,0.3048338396061502,0.038201340770338536,0.2426903684041566,0.3710802230744285,100.0,0.0,100.0,100.0,30,0,0
864,7.0,0.13,0,2,10,10,0.03511306142399847,0.0036528043292905115,0.02890875775150104,0.0415280614900022,100.0,0.0,100.0,100.0,30,0,0
865,7.0,0.13,0,4,10,10,0.3036037446763198,0.0366392560752835,0.2570670407309957,0.3566640217886572,100.0,0.0,100.0,100.0,30,0,0
866,7.0,0.13,50,2,10,10,0.04603044630166752,0.0053336924966068105,0.037289636605834856,0.052056853508373496,100.0,0.0,100.0,100.0,30,0,0
867,7.0,0.13,50,4,10,10,0.29949481324030736,0.03037009338382743,0.2613282545603299,0.33916413250518634,100.0,0.0,100.0,100.0,30,0,0
868,7.0,0.13,100,2,10,10,0.06591946668402554,0.010208085937310636,0.050409584212465414,0.07893020125782481,100.0,0.0,100.0,100.0,30,0,0
869,7.0,0.13,100,4,10,10,0.30248299702744524,0.03240246074915852,0.2617155851541033,0.34838423454757983,100.0,0.0,100.0,100.0,30,0,0
870,7.0,0.13,150,2,10,10,0.09115541437943964,0.013231957344556249,0.07323188281077934,0.10997069223389822,100.0,0.0,100.0,100.0,30,0,0
871,7.0,0.13,150,4,10,10,0.3024726818779539,0.0350166569776588,0.24227405937115543,0.35272040151419776,100.0,0.0,100.0,100.0,30,0,0
872,7.0,0.13,200,2,10,10,0.11425822874931221,0.021239326218286926,0.08975603247490688,0.14699284865128528,100.0,0.0,100.0,100.0,30,0,0
873,7.0,0.13,200,4,10,10,0.3075022859301654,0.033013925946980875,0.26347974482188363,0.37165785973391435,100.0,0.0,100.0,100.0,30,0,0
874,7.0,0.13,250,2,10,10,0.13825165752947172,0.025127866172900224,0.10739947120724998,0.17727258575529314,100.0,0.0,100.0,100.0,30,0,0
875,7.0,0.13,250,4,10,10,0.3142719783451295,0.036282159566223,0.2563951116245437,0.3779391854338871,100.0,0.0,100.0,100.0,30,0,0
876,7.0,0.14,0,2,10,10,0.0355557895082311,0.0060558151167593895,0.023778538214335065,0.04276044934711709,100.0,0.0,100.0,100.0,30,0,0
877,7.0,0.14,0,4,10,10,0.31227708964368445,0.03766144387570718,0.2643029770006209,0.3684227173498469,100.0,0.0,100.0,100.0,30,0,0
878,7.0,0.14,50,2,10,10,0.04748790836269985,0.007821233677631887,0.02877209939148992,0.05508077060050973,100.0,0.0,100.0,100.0,30,0,0
879,7.0,0.14,50,4,10,10,0.30779038732295394,0.03719002629632533,0.2594583802686123,0.35692731727536825,100.0,0.0,100.0,100.0,30,0,0
880,7.0,0.14,100,2,10,10,0.07364883658577141,0.01178797435197608,0.056795841122029934,0.0921918617342216,100.0,0.0,100.0,100.0,30,0,0
881,7.0,0.14,100,4,10,10,0.3067660180424581,0.03527001036703107,0.25526593488647115,0.3570247259542228,100.0,0.0,100.0,100.0,30,0,0
882,7.0,0.14,150,2,10,10,0.09665417510872112,0.016088241029568993,0.07430768400872277,0.12451476998210737,100.0,0.0,100.0,100.0,30,0,0
883,7.0,0.14,150,4,10,10,0.3133158973705865,0.035245002643118264,0.25995242256008744,0.3683599811425659,100.0,0.0,100.0,100.0,30,0,0
884,7.0,0.14,200,2,10,10,0.12104879893197666,0.019934116726151436,0.09443272059017367,0.1506137651715157,100.0,0.0,100.0,100.0,30,0,0
885,7.0,0.14,200,4,10,10,0.3166203827317443,0.03211003990364156,0.2731515859881279,0.3728599520049955,100.0,0.0,100.0,100.0,30,0,0
886,7.0,0.14,250,2,10,10,0.1431960448131128,0.026118267690521325,0.11268167110964829,0.18134016647070625,100.0,0.0,100.0,100.0,30,0,0
887,7.0,0.14,250,4,10,10,0.32417370306759474,0.039100782574135566,0.2585077333864396,0.3967862856261711,100.0,0.0,100.0,100.0,30,0,0
888,7.0,0.15,0,2,10,10,0.038975302875191534,0.003831068732441255,0.03330613576889954,0.04594341259797438,100.0,0.0,100.0,100.0,30,0,0
889,7.0,0.15,0,4,10,10,0.32411388077827874,0.038323359146023785,0.2758743272076383,0.3755911598126333,100.0,0.0,100.0,100.0,30,0,0
890,7.0,0.15,50,2,10,10,0.05019352210010523,0.0054116669746921715,0.041186453209558105,0.05741048781974057,100.0,0.0,100.0,100.0,30,0,0
891,7.0,0.15,50,4,10,10,0.31864726491934303,0.037898477829518454,0.2656485065009328,0.37026697534754494,100.0,0.0,100.0,100.0,30,0,0
892,7.0,0.15,100,2,10,10,0.07225046982839801,0.010594921481173353,0.057889550365030705,0.08571932239856032,100.0,0.0,100.0,100.0,30,0,0
893,7.0,0.15,100,4,10,10,0.3197041415618169,0.03670417884759403,0.2596230789653082,0.37573403889689216,100.0,0.0,100.0,100.0,30,0,0
894,7.0,0.15,150,2,10,10,0.09687320066001803,0.01571382867931491,0.07489220421849258,0.12311882261038276,100.0,0.0,100.0,100.0,30,0,0
895,7.0,0.15,150,4,10,10,0.32123883260341257,0.03989730304259983,0.2615200788271188,0.38170592252786656,100.0,0.0,100.0,100.0,30,0,0
896,7.0,0.15,200,2,10,10,0.12498506393650902,0.02215129901983868,0.09483999645228149,0.1551734582899521,100.0,0.0,100.0,100.0,30,0,0
897,7.0,0.15,200,4,10,10,0.32615041578348813,0.037549140279378786,0.2660800211603657,0.3888692497872189,100.0,0.0,100.0,100.0,30,0,0
898,7.0,0.15,250,2,10,10,0.15132778934683058,0.02880598924322363,0.11356717356818109,0.1981068433557884,100.0,0.0,100.0,100.0,30,0,0
899,7.0,0.15,250,4,10,10,0.33239116843183825,0.03722912150082338,0.27740187796471405,0.4045191775601977,100.0,0.0,100.0,100.0,30,0,0
900,7.0,0.16,0,2,10,10,0.03999305790802289,0.0071600062515143935,0.028189301084247154,0.054047306045931685,100.0,0.0,100.0,100.0,30,0,0
901,7.0,0.16,0,4,10,10,0.33281278900819794,0.04283822152553806,0.2792539350571259,0.39205824208261936,100.0,0.0,100.0,100.0,30,0,0
902,7.0,0.16,50,2,10,10,0.050727144066690065,0.006210520787037299,0.041345889565811075,0.05946325131077702,100.0,0.0,100.0,100.0,30,0,0
903,7.0,0.16,50,4,10,10,0.32999807769589184,0.03821926224340242,0.27707039122691657,0.39013573651632627,100.0,0.0,100.0,100.0,30,0,0
904,7.0,0.16,100,2,10,10,0.07300987104510237,0.009814702533349276,0.05910051666265049,0.0828546385652105,100.0,0.0,100.0,100.0,30,0,0
905,7.0,0.16,100,4,10,10,0.33334635720868927,0.039702919434769335,0.27158039151764773,0.390579303811432,100.0,0.0,100.0,100.0,30,0,0
906,7.0,0.16,150,2,10,10,0.1022446457681063,0.015989094339009635,0.08080636903977506,0.12881841385645423,100.0,0.0,100.0,100.0,30,0,0
907,7.0,0.16,150,4,10,10,0.33251494713461616,0.03617162554722329,0.2732227188600111,0.3897218364458929,100.0,0.0,100.0,100.0,30,0,0
908,7.0,0.16,200,2,10,10,0.12980152930453506,0.02441539968839638,0.09844792973397194,0.16855500429310713,100.0,0.0,100.0,100.0,30,0,0
909,7.0,0.16,200,4,10,10,0.33558473038588255,0.04102520740956973,0.26700963286256746,0.4020758973767082,100.0,0.0,100.0,100.0,30,0,0
910,7.0,0.16,250,2,10,10,0.15749504686361276,0.02706650810411099,0.12212628805449126,0.20239585308446942,100.0,0.0,100.0,100.0,30,0,0
911,7.0,0.16,250,4,10,10,0.3421463738113444,0.03763818151004067,0.2810200846877083,0.4063187699150048,100.0,0.0,100.0,100.0,30,0,0
912,7.0,0.17,0,2,10,10,0.038114317838130574,0.004386877790991543,0.031579801035130396,0.04527312467419866,100.0,0.0,100.0,100.0,30,0,0
913,7.0,0.17,0,4,10,10,0.34544194214188934,0.04214309307697619,0.28831113434012656,0.4051562361272661,100.0,0.0,100.0,100.0,30,0,0
914,7.0,0.17,50,2,10,10,0.053259400763402596,0.006307693055220789,0.044339930906118465,0.06159037235759119,100.0,0.0,100.0,100.0,30,0,0
915,7.0,0.17,50,4,10,10,0.3426623255821663,0.03655541975599532,0.2979632453190453,0.39659707001343447,100.0,0.0,100.0,100.0,30,0,0
916,7.0,0.17,100,2,10,10,0.0823193689412522,0.012615415121237001,0.06695502508761027,0.1036863494729775,100.0,0.0,100.0,100.0,30,0,0
917,7.0,0.17,100,4,10,10,0.3408701938289614,0.04000170545751715,0.27417079969810115,0.39934739595946533,100.0,0.0,100.0,100.0,30,0,0
918,7.0,0.17,150,2,10,10,0.10611330344744052,0.01658473065173634,0.08152807103075142,0.13060768904940112,100.0,0.0,100.0,100.0,30,0,0
919,7.0,0.17,150,4,10,10,0.34425660388619705,0.04019452468314512,0.27963496045860764,0.4092232595793201,100.0,0.0,100.0,100.0,30,0,0
920,7.0,0.17,200,2,10,10,0.14068318042643277,0.025115890969319547,0.10476789734235699,0.17992762044344132,100.0,0.0,100.0,100.0,30,0,0
921,7.0,0.17,200,4,10,10,0.3473546947674511,0.0411709556188609,0.2707851479970264,0.4150236518640689,100.0,0.0,100.0,100.0,30,0,0
922,7.0,0.17,250,2,10,10,0.16771775251599683,0.03330662389094343,0.12850091456946622,0.22453694802320448,100.0,0.0,100.0,100.0,30,0,0
923,7.0,0.17,250,4,10,10,0.3559630122682408,0.04030900097488623,0.2887009838486225,0.4304542947944923,100.0,0.0,100.0,100.0,30,0,0
924,7.0,0.18,0,2,10,10,0.03928979442647843,0.004636400093170077,0.03143808208354646,0.04825546123842429,100.0,0.0,100.0,100.0,30,0,0
925,7.0,0.18,0,4,10,10,0.3563503268929485,0.04007369485491755,0.3063063742640202,0.403532223272588,100.0,0.0,100.0,100.0,30,0,0
926,7.0,0.18,50,2,10,10,0.05785940537062244,0.008001475975634671,0.04628174592639649,0.07168107112300807,100.0,0.0,100.0,100.0,30,0,0
927,7.0,0.18,50,4,10,10,0.35258056076040345,0.040357396293772274,0.2882165869305546,0.4114558483210637,100.0,0.0,100.0,100.0,30,0,0
928,7.0,0.18,100,2,10,10,0.08322444070629689,0.013388813372054345,0.058119726749358974,0.10251825349792319,100.0,0.0,100.0,100.0,30,0,0
929,7.0,0.18,100,4,10,10,0.3551599936147511,0.03772231215350216,0.29591519337423894,0.4137522334430345,100.0,0.0,100.0,100.0,30,0,0
930,7.0,0.18,150,2,10,10,0.11407710055610817,0.016870229197840755,0.08926297854033423,0.14203049871782555,100.0,0.0,100.0,100.0,30,0,0
931,7.0,0.18,150,4,10,10,0.3554936127449674,0.038307532665860095,0.3002253768179075,0.4145992903544327,100.0,0.0,100.0,100.0,30,0,0
932,7.0,0.18,200,2,10,10,0.1441465564442929,0.025863946563841816,0.11147006487201018,0.18499337905743551,100.0,0.0,100.0,100.0,30,0,0
933,7.0,0.18,200,4,10,10,0.357170959745498,0.04146099799835406,0.2818575008073132,0.4222149898596268,100.0,0.0,100.0,100.0,30,0,0
934,7.0,0.18,250,2,10,10,0.17873285244456677,0.03195322635748507,0.1361059471141454,0.23314310598981156,100.0,0.0,100.0,100.0,30,0,0
935,7.0,0.18,250,4,10,10,0.3617486029691403,0.04221672771582528,0.28448057903955043,0.4316182583545162,100.0,0.0,100.0,100.0,30,0,0
936,7.0,0.19,0,2,10,10,0.046180801803529,0.00870504392837323,0.03637277641913463,0.05973097534427846,100.0,0.0,100.0,100.0,30,0,0
937,7.0,0.19,0,4,10,10,0.3719956448528749,0.041736803474224385,0.3156358085659181,0.4239767758819581,100.0,0.0,100.0,100.0,30,0,0
938,7.0,0.19,50,2,10,10,0.06103420710468656,0.009983587318409868,0.043173726567364935,0.07407203113800313,100.0,0.0,100.0,100.0,30,0,0
939,7.0,0.19,50,4,10,10,0.369082204403153,0.03842442204685412,0.31172101368015953,0.420553337014186,100.0,0.0,100.0,100.0,30,0,0
940,7.0,0.19,100,2,10,10,0.08840967380028714,0.01511125258808626,0.06465712819514345,0.11363691592580094,100.0,0.0,100.0,100.0,30,0,0
941,7.0,0.19,100,4,10,10,0.36591563716952014,0.03957064662936995,0.29104822597288615,0.4180286435304077,100.0,0.0,100.0,100.0,30,0,0
942,7.0,0.19,150,2,10,10,0.12361966922516343,0.020577665096505254,0.08989137794716401,0.15253005528631589,100.0,0.0,100.0,100.0,30,0,0
943,7.0,0.19,150,4,10,10,0.3694943263056211,0.03919769308359111,0.3082761329641221,0.43501728087196473,100.0,0.0,100.0,100.0,30,0,0
944,7.0,0.19,200,2,10,10,0.15437697452028007,0.029742337714361366,0.11099173175212229,0.19646661730862303,100.0,0.0,100.0,100.0,30,0,0
945,7.0,0.19,200,4,10,10,0.3726969424214276,0.042225943283637095,0.3023939879502115,0.4404126088472655,100.0,0.0,100.0,100.0,30,0,0
946,7.0,0.19,250,2,10,10,0.1883289536573746,0.035312735915826815,0.13307492021951375,0.23592562763816013,100.0,0.0,100.0,100.0,30,0,0
947,7.0,0.19,250,4,10,10,0.3772737294863539,0.045651012537988964,0.29955204711766603,0.4549454884474804,100.0,0.0,100.0,100.0,30,0,0
948,7.0,0.2,0,2,10,10,0.05198168695765347,0.006859817915009972,0.0414434976254117,0.06248126438786598,100.0,0.0,100.0,100.0,30,0,0
949,7.0,0.2,0,4,10,10,0.3807546569184983,0.041522658950426235,0.3192845991045659,0.4273840012612047,100.0,0.0,100.0,100.0,30,0,0
950,7.0,0.2,50,2,10,10,0.06787938052166283,0.010928819114992827,0.051549366839499074,0.08054870227694404,100.0,0.0,100.0,100.0,30,0,0
951,7.0,0.2,50,4,10,10,0.3782944851404922,0.03993873848200861,0.31674134375557433,0.43077986693364884,100.0,0.0,100.0,100.0,30,0,0
952,7.0,0.2,100,2,10,10,0.09764107203336164,0.015009604182009272,0.07167413338901288,0.12119906150854272,100.0,0.0,100.0,100.0,30,0,0
953,7.0,0.2,100,4,10,10,0.3771592051921765,0.0425951391382548,0.30283484369235186,0.4357768614155493,100.0,0.0,100.0,100.0,30,0,0
954,7.0,0.2,150,2,10,10,0.13230004509703822,0.02030476712811022,0.09942976471450687,0.16457985785824084,100.0,0.0,100.0,100.0,30,0,0
955,7.0,0.2,150,4,10,10,0.37921678145925464,0.044674031091250836,0.30132519935794466,0.44756608914725377,100.0,0.0,100.0,100.0,30,0,0
956,7.0,0.2,200,2,10,10,0.16260691824609672,0.030528986256593865,0.11870325782427492,0.21195985124092573,100.0,0.0,100.0,100.0,30,0,0
957,7.0,0.2,200,4,10,10,0.381119974266107,0.04585399551253166,0.3012673963191565,0.4547054737022293,100.0,0.0,100.0,100.0,30,0,0
958,7.0,0.2,250,2,10,10,0.1979239750911508,0.03751286204712625,0.14314744403799884,0.25376617062960455,100.0,0.0,100.0,100.0,30,0,0
959,7.0,0.2,250,4,10,10,0.3865293898351125,0.04476419797616506,0.3171961209513005,0.4627593205864695,100.0,0.0,100.0,100.0,30,0,0
960,7.5,0.05,0,2,10,10,0.03754119803517234,0.00552445105881508,0.02962127863582176,0.046240900993646916,100.0,0.0,100.0,100.0,30,0,0
961,7.5,0.05,0,4,10,10,0.1819273423949672,0.027283323666678246,0.1376304569155347,0.21988872070698318,100.0,0.0,100.0,100.0,30,0,0
962,7.5,0.05,50,2,10,10,0.04343369700830242,0.0038627218123419484,0.03913146582034679,0.051089365314983905,100.0,0.0,100.0,100.0,30,0,0
963,7.5,0.05,50,4,10,10,0.18663677254126781,0.029702124527106976,0.14920673182731156,0.24051442127881076,100.0,0.0,100.0,100.0,30,0,0
964,7.5,0.05,100,2,10,10,0.060179719014827236,0.009941988695623585,0.04738228373612472,0.08005908056046283,100.0,0.0,100.0,100.0,30,0,0
965,7.5,0.05,100,4,10,10,0.19171557686470111,0.03176243752674765,0.14964282657380937,0.24274833695193276,100.0,0.0,100.0,100.0,30,0,0
966,7.5,0.05,150,2,10,10,0.07503284667346907,0.014276936339450225,0.06028729412952937,0.10874680040896256,100.0,0.0,100.0,100.0,30,0,0
967,7.5,0.05,150,4,10,10,0.19427205332855846,0.03229817258138703,0.14748538732534092,0.24164114789310318,100.0,0.0,100.0,100.0,30,0,0
968,7.5,0.05,200,2,10,10,0.09234522838262257,0.021734168662225273,0.06640074720453777,0.1465531844944448,100.0,0.0,100.0,100.0,30,0,0
969,7.5,0.05,200,4,10,10,0.20267172611242557,0.04028312235035028,0.14576254455443668,0.2608461527482303,100.0,0.0,100.0,100.0,30,0,0
970,7.5,0.05,250,2,10,10,0.10898974573343437,0.023697759859260186,0.07818401445717209,0.16789997945695637,100.0,0.0,100.0,100.0,30,0,0
971,7.5,0.05,250,4,10,10,0.20875664376951528,0.041614550728564896,0.14994738826379925,0.27965681594879815,100.0,0.0,100.0,100.0,30,0,0
972,7.5,0.06,0,2,10,10,0.03476109430480116,0.004188156684787013,0.025890259634657607,0.040500352807707606,100.0,0.0,100.0,100.0,30,0,0
973,7.5,0.06,0,4,10,10,0.19000658246739183,0.029532754211608614,0.15535494214335807,0.2340450959431675,100.0,0.0,100.0,100.0,30,0,0
974,7.5,0.06,50,2,10,10,0.04454414393494356,0.005902818738675577,0.03702482551727949,0.05793154384553225,100.0,0.0,100.0,100.0,30,0,0
975,7.5,0.06,50,4,10,10,0.19128334338663794,0.028971621352041812,0.15360634697783898,0.24449668698117707,100.0,0.0,100.0,100.0,30,0,0
976,7.5,0.06,100,2,10,10,0.05689818431278189,0.010577198815308119,0.044388097078344034,0.07786151915835071,100.0,0.0,100.0,100.0,30,0,0
977,7.5,0.06,100,4,10,10,0.19350517437477005,0.03212335514722614,0.14165187230402998,0.2379697692010835,100.0,0.0,100.0,100.0,30,0,0
978,7.5,0.06,150,2,10,10,0.07694288387341257,0.014326150173461023,0.05751846915605394,0.11192779985481312,100.0,0.0,100.0,100.0,30,0,0
979,7.5,0.06,150,4,10,10,0.19965065101204896,0.03298860260305634,0.1461240212204776,0.2481805052270182,100.0,0.0,100.0,100.0,30,0,0
980,7.5,0.06,200,2,10,10,0.09465217908244984,0.023379992315843198,0.06924066829581182,0.1521807916200738,100.0,0.0,100.0,100.0,30,0,0
981,7.5,0.06,200,4,10,10,0.2063749434425366,0.03884496234936803,0.15380688222882907,0.26199143546993725,100.0,0.0,100.0,100.0,30,0,0
982,7.5,0.06,250,2,10,10,0.11366906184609533,0.02538484544567405,0.0820661009892794,0.1747478819265852,100.0,0.0,100.0,100.0,30,0,0
983,7.5,0.06,250,4,10,10,0.21276334263166685,0.04570872757784119,0.14932298466309063,0.2884436842447586,100.0,0.0,100.0,100.0,30,0,0
984,7.5,0.07,0,2,10,10,0.03219596990619559,0.005292962595040749,0.024825956480083605,0.03958247737266869,100.0,0.0,100.0,100.0,30,0,0
985,7.5,0.07,0,4,10,10,0.19264716791611794,0.03159723408687953,0.14895693302454024,0.24598585646585258,100.0,0.0,100.0,100.0,30,0,0
986,7.5,0.07,50,2,10,10,0.04425155948305443,0.006891652536571844,0.035643246711112804,0.055169824815542334,100.0,0.0,100.0,100.0,30,0,0
987,7.5,0.07,50,4,10,10,0.19446600863939414,0.030560409388446452,0.15174326617823464,0.2453514264085579,100.0,0.0,100.0,100.0,30,0,0
988,7.5,0.07,100,2,10,10,0.05699497781425874,0.007826351102518113,0.044302390212791164,0.07377492539564988,100.0,0.0,100.0,100.0,30,0,0
989,7.5,0.07,100,4,10,10,0.19981435563586675,0.03218555834159059,0.15581306440441328,0.24994912839998515,100.0,0.0,100.0,100.0,30,0,0
990,7.5,0.07,150,2,10,10,0.08007305964166615,0.01497472928572499,0.06257118609888848,0.11563768893194132,100.0,0.0,100.0,100.0,30,0,0
991,7.5,0.07,150,4,10,10,0.20485446746846608,0.03346044364525052,0.15191837817253862,0.25398733699393855,100.0,0.0,100.0,100.0,30,0,0
992,7.5,0.07,200,2,10,10,0.09812328872536394,0.022471052563065867,0.07267867493059282,0.15475828739435893,100.0,0.0,100.0,100.0,30,0,0
993,7.5,0.07,200,4,10,10,0.21052760231574785,0.04241856730058092,0.1471981185412361,0.2735830126162809,100.0,0.0,100.0,100.0,30,0,0
994,7.5,0.07,250,2,10,10,0.11837882884285636,0.03110474098621153,0.08003995169908247,0.19504866126628306,100.0,0.0,100.0,100.0,30,0,0
995,7.5,0.07,250,4,10,10,0.21700477885346814,0.042092206538929595,0.1489963545942932,0.2861603624209255,100.0,0.0,100.0,100.0,30,0,0
996,7.5,0.08,0,2,10,10,0.035840759733966006,0.0035112984144529485,0.02781157026571829,0.0403493179774641,100.0,0.0,100.0,100.0,30,0,0
997,7.5,0.08,0,4,10,10,0.19770662246220988,0.030223778690055002,0.15371271946961715,0.24865438697387773,100.0,0.0,100.0,100.0,30,0,0
998,7.5,0.08,50,2,10,10,0.044350393683276576,0.0056895931957090225,0.03514170725940357,0.053060312830254946,100.0,0.0,100.0,100.0,30,0,0
999,7.5,0.08,50,4,10,10,0.1980069150802072,0.02968913663792863,0.1610636536049916,0.25418953832675634,100.0,0.0,100.0,100.0,30,0,0
1000,7.5,0.08,100,2,10,10,0.06312317680010518,0.011833652374869634,0.048626028110445745,0.08971188486435794,100.0,0.0,100.0,100.0,30,0,0
1001,7.5,0.08,100,4,10,10,0.2022809810479318,0.030071955508286362,0.15848914769972433,0.2542339691114113,100.0,0.0,100.0,100.0,30,0,0
1002,7.5,0.08,150,2,10,10,0.08026447692251368,0.017342807306324336,0.06328173632459318,0.12243692388407794,100.0,0.0,100.0,100.0,30,0,0
1003,7.5,0.08,150,4,10,10,0.2057210986597131,0.035212483921473886,0.15310924610456444,0.2549080549105615,100.0,0.0,100.0,100.0,30,0,0
1004,7.5,0.08,200,2,10,10,0.10212715448977254,0.023539199931492557,0.07587701796233283,0.15430272053112862,100.0,0.0,100.0,100.0,30,0,0
1005,7.5,0.08,200,4,10,10,0.21400405115316837,0.040096054283735805,0.15503677053059858,0.26964798578912125,100.0,0.0,100.0,100.0,30,0,0
1006,7.5,0.08,250,2,10,10,0.12506363020728925,0.03319057935650448,0.09330102301646576,0.20799082633976393,100.0,0.0,100.0,100.0,30,0,0
1007,7.5,0.08,250,4,10,10,0.2224106912388648,0.04335200831955597,0.15852224591228448,0.2919015338299149,100.0,0.0,100.0,100.0,30,0,0
1008,7.5,0.09,0,2,10,10,0.03701599518987491,0.005266690183900351,0.0295934828750113,0.04327988405815244,100.0,0.0,100.0,100.0,30,0,0
1009,7.5,0.09,0,4,10,10,0.20497952042001627,0.029411785964729216,0.16259245872881933,0.2550264749736062,100.0,0.0,100.0,100.0,30,0,0
1010,7.5,0.09,50,2,10,10,0.046957991830619064,0.009236319534551651,0.031030257318684293,0.06078253545217518,100.0,0.0,100.0,100.0,30,0,0
1011,7.5,0.09,50,4,10,10,0.20537803299279478,0.02939000659536284,0.16661561395968658,0.2531146123433606,100.0,0.0,100.0,100.0,30,0,0
1012,7.5,0.09,100,2,10,10,0.06365509437501433,0.007873075884331638,0.0507789994645153,0.08050052921514052,100.0,0.0,100.0,100.0,30,0,0
1013,7.5,0.09,100,4,10,10,0.20798677145289807,0.030647619011475582,0.16161045642605862,0.24736658295675315,100.0,0.0,100.0,100.0,30,0,0
1014,7.5,0.09,150,2,10,10,0.08456307254663183,0.017404064789083018,0.06138824838931198,0.12378596763390655,100.0,0.0,100.0,100.0,30,0,0
1015,7.5,0.09,150,4,10,10,0.21441159474254454,0.03489270296651507,0.1551913098584102,0.2654299529984793,100.0,0.0,100.0,100.0,30,0,0
1016,7.5,0.09,200,2,10,10,0.10830825910943113,0.023061014687396623,0.08475237381970478,0.16326718578511,100.0,0.0,100.0,100.0,30,0,0
1017,7.5,0.09,200,4,10,10,0.22088309642666443,0.041391681350552156,0.15933438397837077,0.2839710345263619,100.0,0.0,100.0,100.0,30,0,0
1018,7.5,0.09,250,2,10,10,0.13057791484414874,0.02989969239899866,0.0999948310734153,0.20512025751048965,100.0,0.0,100.0,100.0,30,0,0
1019,7.5,0.09,250,4,10,10,0.23023893808203805,0.04734405092098207,0.16439229647521333,0.3069837702612308,100.0,0.0,100.0,100.0,30,0,0
1020,7.5,0.1,0,2,10,10,0.03188644998999777,0.0036962163313626253,0.02597130488888418,0.03633256350411033,100.0,0.0,100.0,100.0,30,0,0
1021,7.5,0.1,0,4,10,10,0.2120686714134803,0.03195450492623881,0.16173490011207434,0.25686721206621405,100.0,0.0,100.0,100.0,30,0,0
1022,7.5,0.1,50,2,10,10,0.04503779525242883,0.0061851877635604735,0.030844486098763512,0.053833856257335284,100.0,0.0,100.0,100.0,30,0,0
1023,7.5,0.1,50,4,10,10,0.21124746062250432,0.03396784943267148,0.17082835790923476,0.271333123637965,100.0,0.0,100.0,100.0,30,0,0
1024,7.5,0.1,100,2,10,10,0.0655172686355635,0.014720282098855529,0.04612639919823825,0.10009232893213486,100.0,0.0,100.0,100.0,30,0,0
1025,7.5,0.1,100,4,10,10,0.21372838149346904,0.033834371666012074,0.1701333532577658,0.27442294835909176,100.0,0.0,100.0,100.0,30,0,0
1026,7.5,0.1,150,2,10,10,0.08742556292859799,0.01832850703313211,0.06796041556771297,0.1329137470341722,100.0,0.0,100.0,100.0,30,0,0
1027,7.5,0.1,150,4,10,10,0.2180989653096796,0.03937093506188108,0.1615201575265732,0.2789105744099858,100.0,0.0,100.0,100.0,30,0,0
1028,7.5,0.1,200,2,10,10,0.11034690480576595,0.026067506836562965,0.08553568554915368,0.17291345680736533,100.0,0.0,100.0,100.0,30,0,0
1029,7.5,0.1,200,4,10,10,0.22540720214956472,0.04116325284275273,0.16622694102703478,0.2870239500655393,100.0,0.0,100.0,100.0,30,0,0
1030,7.5,0.1,250,2,10,10,0.13590270341059443,0.03645456175048469,0.09622293801614806,0.22893613130089221,100.0,0.0,100.0,100.0,30,0,0
1031,7.5,0.1,250,4,10,10,0.23430390878631197,0.04742003964588108,0.1625519630167748,0.31161425226711525,100.0,0.0,100.0,100.0,30,0,0
1032,7.5,0.11,0,2,10,10,0.03364751818761116,0.0029451834041597288,0.029596467732952037,0.037726121542634126,100.0,0.0,100.0,100.0,30,0,0
1033,7.5,0.11,0,4,10,10,0.22009374834665393,0.03339040165762177,0.17660315662872036,0.2730866471493209,100.0,0.0,100.0,100.0,30,0,0
1034,7.5,0.11,50,2,10,10,0.049212393232275525,0.005825884292616811,0.041632725930153415,0.05920633985870228,100.0,0.0,100.0,100.0,30,0,0
1035,7.5,0.11,50,4,10,10,0.21891862130524437,0.030526375868083686,0.17722776769540324,0.2712960964415942,100.0,0.0,100.0,100.0,30,0,0
1036,7.5,0.11,100,2,10,10,0.06764673989448865,0.0118100064304308,0.05525198098276754,0.09380233129708941,100.0,0.0,100.0,100.0,30,0,0
1037,7.5,0.11,100,4,10,10,0.22040783606830378,0.03349188009601192,0.17387287974711377,0.2735971607122138,100.0,0.0,100.0,100.0,30,0,0
1038,7.5,0.11,150,2,10,10,0.09260905627423319,0.01905704221066293,0.0669976576171613,0.13743316904590505,100.0,0.0,100.0,100.0,30,0,0
1039,7.5,0.11,150,4,10,10,0.2283618561537752,0.0366411471036779,0.1715569686962318,0.285870392264417,100.0,0.0,100.0,100.0,30,0,0
1040,7.5,0.11,200,2,10,10,0.1162710494064361,0.027253501756795702,0.090490019219809,0.18593297487647797,100.0,0.0,100.0,100.0,30,0,0
1041,7.5,0.11,200,4,10,10,0.2352147188103555,0.043483456060063305,0.16793338425879342,0.2985644131334817,100.0,0.0,100.0,100.0,30,0,0
1042,7.5,0.11,250,2,10,10,0.14300959171631117,0.03721695850685114,0.09435045227559936,0.2283578690731319,100.0,0.0,100.0,100.0,30,0,0
1043,7.5,0.11,250,4,10,10,0.24144546232225209,0.04801950254477487,0.16920582348863802,0.3247810314104263,100.0,0.0,100.0,100.0,30,0,0
1044,7.5,0.12,0,2,10,10,0.032798138206616534,0.006738700025680143,0.02464353056773276,0.04160266759589799,100.0,0.0,100.0,100.0,30,0,0
1045,7.5,0.12,0,4,10,10,0.22487540273272208,0.030923098074753363,0.18300859957379137,0.26796586086050794,100.0,0.0,100.0,100.0,30,0,0
1046,7.5,0.12,50,2,10,10,0.04608101842176062,0.007116654786343574,0.03470749143922137,0.056103524036160125,100.0,0.0,100.0,100.0,30,0,0
1047,7.5,0.12,50,4,10,10,0.2274395399818542,0.03142610840510006,0.19100966542211106,0.2825429810712869,100.0,0.0,100.0,100.0,30,0,0
1048,7.5,0.12,100,2,10,10,0.06879407754731234,0.0132584280226948,0.049469375380306845,0.09654009111369903,100.0,0.0,100.0,100.0,30,0,0
1049,7.5,0.12,100,4,10,10,0.2296797849268458,0.0331028265946117,0.17894092924897662,0.2793341872294426,100.0,0.0,100.0,100.0,30,0,0
1050,7.5,0.12,150,2,10,10,0.09746948649261329,0.019200170571654667,0.07662076849564874,0.1430618716472983,100.0,0.0,100.0,100.0,30,0,0
1051,7.5,0.12,150,4,10,10,0.23506225102642614,0.04039828425403247,0.17423911102282363,0.2955934705574703,100.0,0.0,100.0,100.0,30,0,0
1052,7.5,0.12,200,2,10,10,0.12104591278586015,0.027468268819859927,0.08108793234173842,0.18422363784493875,100.0,0.0,100.0,100.0,30,0,0
1053,7.5,0.12,200,4,10,10,0.24158641606580228,0.04707661136066786,0.17119859869178514,0.3158442891864987,100.0,0.0,100.0,100.0,30,0,0
1054,7.5,0.12,250,2,10,10,0.14561029029375744,0.0371859755406188,0.10499591555107657,0.2346423651170774,100.0,0.0,100.0,100.0,30,0,0
1055,7.5,0.12,250,4,10,10,0.2471123507752885,0.05155007702812794,0.17605441671122168,0.33164419089691033,100.0,0.0,100.0,100.0,30,0,0
1056,7.5,0.13,0,2,10,10,0.03399269397237655,0.0043399784952275955,0.025521932002169023,0.03906164179557411,100.0,0.0,100.0,100.0,30,0,0
1057,7.5,0.13,0,4,10,10,0.23741157680381325,0.03426234316289071,0.1964651904464826,0.2935590410053228,100.0,0.0,100.0,100.0,30,0,0
1058,7.5,0.13,50,2,10,10,0.04569889986583436,0.008112419407737059,0.03477579193004484,0.05823952117164854,100.0,0.0,100.0,100.0,30,0,0
1059,7.5,0.13,50,4,10,10,0.23609278688612217,0.0316797844913262,0.19314471155343424,0.2790304795856849,100.0,0.0,100.0,100.0,30,0,0
1060,7.5,0.13,100,2,10,10,0.0726719604162905,0.013150085139714912,0.05290399319654149,0.10296303667072822,100.0,0.0,100.0,100.0,30,0,0
1061,7.5,0.13,100,4,10,10,0.2387881413298322,0.03301471669560558,0.1871302211771381,0.29396188081528446,100.0,0.0,100.0,100.0,30,0,0
1062,7.5,0.13,150,2,10,10,0.09781140456648173,0.019771665078730724,0.07421984629838149,0.14677989863413776,100.0,0.0,100.0,100.0,30,0,0
1063,7.5,0.13,150,4,10,10,0.2415496962298827,0.04319551611026642,0.18115885426242226,0.3017003427907272,100.0,0.0,100.0,100.0,30,0,0
1064,7.5,0.13,200,2,10,10,0.12699532794322926,0.026739270400973014,0.08910458125538816,0.18653099340053744,100.0,0.0,100.0,100.0,30,0,0
1065,7.5,0.13,200,4,10,10,0.2502453422672703,0.045634422885732204,0.18518306739780807,0.3250767176388491,100.0,0.0,100.0,100.0,30,0,0
1066,7.5,0.13,250,2,10,10,0.1543229606726908,0.0366108138465951,0.10307406898819253,0.24051360288462575,100.0,0.0,100.0,100.0,30,0,0
1067,7.5,0.13,250,4,10,10,0.25817284869089374,0.05101230230537461,0.18398283212856892,0.3461989368912966,100.0,0.0,100.0,100.0,30,0,0
1068,7.5,0.14,0,2,10,10,0.035380389430824215,0.0049265731119465415,0.02796906280142909,0.041978140760138,100.0,0.0,100.0,100.0,30,0,0
1069,7.5,0.14,0,4,10,10,0.24703646212116936,0.0368737621122184,0.20079332940826147,0.30483291952234687,100.0,0.0,100.0,100.0,30,0,0
1070,7.5,0.14,50,2,10,10,0.05025450697728536,0.00778767216430115,0.03947951743974009,0.061493895264612373,100.0,0.0,100.0,100.0,30,0,0
1071,7.5,0.14,50,4,10,10,0.24572836547956553,0.03524792795538709,0.19301282660779343,0.2911456292881573,100.0,0.0,100.0,100.0,30,0,0
1072,7.5,0.14,100,2,10,10,0.07114031190739462,0.012712844903339961,0.05750493922007168,0.101675943478444,100.0,0.0,100.0,100.0,30,0,0
1073,7.5,0.14,100,4,10,10,0.2470793485924522,0.03688387292710788,0.19468188373532544,0.3104182818813054,100.0,0.0,100.0,100.0,30,0,0
1074,7.5,0.14,150,2,10,10,0.10351833255915169,0.022045151273167026,0.07861878582033716,0.15988564787273088,100.0,0.0,100.0,100.0,30,0,0
1075,7.5,0.14,150,4,10,10,0.2516920886504517,0.04293099426150884,0.18650349269477948,0.3136853015849639,100.0,0.0,100.0,100.0,30,0,0
1076,7.5,0.14,200,2,10,10,0.13396009311174506,0.032791459409597046,0.09048340001948711,0.2096737080401425,100.0,0.0,100.0,100.0,30,0,0
1077,7.5,0.14,200,4,10,10,0.26150191786571386,0.045327766139721615,0.19132831557626273,0.3272456839991955,100.0,0.0,100.0,100.0,30,0,0
1078,7.5,0.14,250,2,10,10,0.16207853051434706,0.041054146916292174,0.11739583800631469,0.2601722298104568,100.0,0.0,100.0,100.0,30,0,0
1079,7.5,0.14,250,4,10,10,0.2656239999378359,0.05288442870281119,0.18759711336295823,0.35070492088870453,100.0,0.0,100.0,100.0,30,0,0
1080,7.5,0.15,0,2,10,10,0.03029197095273135,0.005463181658120586,0.023399675256909707,0.041266153253474346,100.0,0.0,100.0,100.0,30,0,0
1081,7.5,0.15,0,4,10,10,0.2574255001806145,0.030734745757937807,0.21510501916269997,0.2964647686554906,100.0,0.0,100.0,100.0,30,0,0
1082,7.5,0.15,50,2,10,10,0.04803535738423317,0.009142686718836782,0.03708482604345666,0.06378597955419145,100.0,0.0,100.0,100.0,30,0,0
1083,7.5,0.15,50,4,10,10,0.25282082965670083,0.03405548091942882,0.2030695669866804,0.30219409759131494,100.0,0.0,100.0,100.0,30,0,0
1084,7.5,0.15,100,2,10,10,0.07655169992065211,0.014735651968125126,0.057001569786571345,0.11240502180778437,100.0,0.0,100.0,100.0,30,0,0
1085,7.5,0.15,100,4,10,10,0.256121516747723,0.034968326217081,0.2063177473307253,0.3087153751198974,100.0,0.0,100.0,100.0,30,0,0
1086,7.5,0.15,150,2,10,10,0.10817245098106695,0.023693222572760072,0.07540186530476771,0.16623613802763743,100.0,0.0,100.0,100.0,30,0,0
1087,7.5,0.15,150,4,10,10,0.2624115022839532,0.04165061520136266,0.19292237715363983,0.31354436849729644,100.0,0.0,100.0,100.0,30,0,0
1088,7.5,0.15,200,2,10,10,0.13904065671751703,0.034563980482566314,0.09674331663563708,0.22101640235914433,100.0,0.0,100.0,100.0,30,0,0
1089,7.5,0.15,200,4,10,10,0.2670944453415615,0.048219561600432136,0.18900010644964693,0.33586188392495453,100.0,0.0,100.0,100.0,30,0,0
1090,7.5,0.15,250,2,10,10,0.16867387224230765,0.04051175484322863,0.1092501659197211,0.2588465523085208,100.0,0.0,100.0,100.0,30,0,0
1091,7.5,0.15,250,4,10,10,0.27879828351280517,0.05543522150561852,0.19228363908143473,0.3647193491040493,100.0,0.0,100.0,100.0,30,0,0
1092,7.5,0.16,0,2,10,10,0.03361523018530359,0.007082296179495461,0.020787543081686188,0.04315513843258811,100.0,0.0,100.0,100.0,30,0,0
1093,7.5,0.16,0,4,10,10,0.268575430729323,0.034480290347324895,0.22729966600346785,0.3199465163636555,100.0,0.0,100.0,100.0,30,0,0
1094,7.5,0.16,50,2,10,10,0.05250331704052201,0.007416686020922806,0.0432380620314548,0.06389154155901355,100.0,0.0,100.0,100.0,30,0,0
1095,7.5,0.16,50,4,10,10,0.2677202627002083,0.03450160425033105,0.2214946232899758,0.3241710739066927,100.0,0.0,100.0,100.0,30,0,0
1096,7.5,0.16,100,2,10,10,0.08089825121885409,0.01791218477623213,0.05769340014857346,0.12135444378567928,100.0,0.0,100.0,100.0,30,0,0
1097,7.5,0.16,100,4,10,10,0.2688052637757302,0.04024811911408527,0.20323016523181933,0.32062805403690836,100.0,0.0,100.0,100.0,30,0,0
1098,7.5,0.16,150,2,10,10,0.11304713947182043,0.026236842845133,0.08097280939774126,0.1706412683660692,100.0,0.0,100.0,100.0,30,0,0
1099,7.5,0.16,150,4,10,10,0.27331600928748084,0.042812489260410556,0.20723901854398333,0.3287536093353684,100.0,0.0,100.0,100.0,30,0,0
1100,7.5,0.16,200,2,10,10,0.14686867340944199,0.033977768885299915,0.09633887348653154,0.22422029705934618,100.0,0.0,100.0,100.0,30,0,0
1101,7.5,0.16,200,4,10,10,0.2805439555522459,0.047001314749539766,0.21120028214715872,0.3560326981941597,100.0,0.0,100.0,100.0,30,0,0
1102,7.5,0.16,250,2,10,10,0.1777287718572932,0.04540257525369782,0.1157136459037157,0.28332518827540715,100.0,0.0,100.0,100.0,30,0,0
1103,7.5,0.16,250,4,10,10,0.28767005866283324,0.05430885669507912,0.2045831751132634,0.3700582137383031,100.0,0.0,100.0,100.0,30,0,0
1104,7.5,0.17,0,2,10,10,0.03498753764358632,0.007173849964208181,0.02469528629257384,0.04805353882622232,100.0,0.0,100.0,100.0,30,0,0
1105,7.5,0.17,0,4,10,10,0.2821322238671958,0.037145885397973,0.22907953997007777,0.3253457482748072,100.0,0.0,100.0,100.0,30,0,0
1106,7.5,0.17,50,2,10,10,0.05611941632551478,0.010577545953152337,0.037888108701106,0.07164316044632568,100.0,0.0,100.0,100.0,30,0,0
1107,7.5,0.17,50,4,10,10,0.27881285430680974,0.03369413535513125,0.23434574797908958,0.32682067189276576,100.0,0.0,100.0,100.0,30,0,0
1108,7.5,0.17,100,2,10,10,0.08569357923411167,0.014690128012722079,0.0657402176364555,0.12269510833881685,100.0,0.0,100.0,100.0,30,0,0
1109,7.5,0.17,100,4,10,10,0.28059310940905713,0.03932535803217214,0.2201004029353633,0.3358689800079972,100.0,0.0,100.0,100.0,30,0,0
1110,7.5,0.17,150,2,10,10,0.11930263998538948,0.023763353217557126,0.0827590361759713,0.176211690541017,100.0,0.0,100.0,100.0,30,0,0
1111,7.5,0.17,150,4,10,10,0.28535993149486993,0.04263849162060485,0.21649667822707605,0.3410832118151994,100.0,0.0,100.0,100.0,30,0,0
1112,7.5,0.17,200,2,10,10,0.15307811443969785,0.035182648306029386,0.10577696144737857,0.23569771872296283,100.0,0.0,100.0,100.0,30,0,0
1113,7.5,0.17,200,4,10,10,0.2902773649726443,0.048924168725154524,0.2105967830721657,0.3603568778073644,100.0,0.0,100.0,100.0,30,0,0
1114,7.5,0.17,250,2,10,10,0.18775405902977896,0.04588839658369408,0.1248324944262007,0.29440594798509406,100.0,0.0,100.0,100.0,30,0,0
1115,7.5,0.17,250,4,10,10,0.29770363179488324,0.05661890802984625,0.21202261973090986,0.3904518651559064,100.0,0.0,100.0,100.0,30,0,0
1116,7.5,0.18,0,2,10,10,0.037860879738607287,0.007139787096848352,0.026405513505426383,0.048734122669641854,100.0,0.0,100.0,100.0,30,0,0
1117,7.5,0.18,0,4,10,10,0.2928749421164417,0.038006277672861,0.244505823119496,0.3367262067370856,100.0,0.0,100.0,100.0,30,0,0
1118,7.5,0.18,50,2,10,10,0.06139671267185627,0.011205366119672978,0.04128112424587893,0.08430591233151559,100.0,0.0,100.0,100.0,30,0,0
1119,7.5,0.18,50,4,10,10,0.29448830765380085,0.034363805750514134,0.24585088472399588,0.3437587684475237,100.0,0.0,100.0,100.0,30,0,0
1120,7.5,0.18,100,2,10,10,0.09305105133383798,0.01671094335138904,0.06636701048628475,0.12649747830147326,100.0,0.0,100.0,100.0,30,0,0
1121,7.5,0.18,100,4,10,10,0.29100299401171165,0.03702099361357174,0.23318927936955877,0.340297976218974,100.0,0.0,100.0,100.0,30,0,0
1122,7.5,0.18,150,2,10,10,0.12703380689992716,0.027136794787132452,0.09158039923685875,0.18566663805521302,100.0,0.0,100.0,100.0,30,0,0
1123,7.5,0.18,150,4,10,10,0.2965339232435086,0.04588024181791005,0.22462138218053873,0.355858914792141,100.0,0.0,100.0,100.0,30,0,0
1124,7.5,0.18,200,2,10,10,0.16252483397551204,0.03530613087566345,0.11383863112762373,0.24669489223010263,100.0,0.0,100.0,100.0,30,0,0
1125,7.5,0.18,200,4,10,10,0.30380387573035306,0.04994029064715576,0.22580029492097056,0.37218263982746674,100.0,0.0,100.0,100.0,30,0,0
1126,7.5,0.18,250,2,10,10,0.1992156607040941,0.04913999426669335,0.1298596405956357,0.30925356440345836,100.0,0.0,100.0,100.0,30,0,0
1127,7.5,0.18,250,4,10,10,0.3121148809176146,0.05966426556714693,0.21895824188210722,0.40935433532859417,100.0,0.0,100.0,100.0,30,0,0
1128,7.5,0.19,0,2,10,10,0.04281843274893428,0.00818106813928229,0.0300348772152651,0.058038397529358327,100.0,0.0,100.0,100.0,30,0,0
1129,7.5,0.19,0,4,10,10,0.30914302993057924,0.03455292927115671,0.25649782327189224,0.3456054542088576,100.0,0.0,100.0,100.0,30,0,0
1130,7.5,0.19,50,2,10,10,0.0637002717010882,0.010679658316876834,0.04654096419732385,0.07899653088462853,100.0,0.0,100.0,100.0,30,0,0
1131,7.5,0.19,50,4,10,10,0.3063814699232938,0.03668334630794934,0.24674983995951583,0.3541665354763924,100.0,0.0,100.0,100.0,30,0,0
1132,7.5,0.19,100,2,10,10,0.09303999962581469,0.018728165434117944,0.07215868541712105,0.14089474919747644,100.0,0.0,100.0,100.0,30,0,0
1133,7.5,0.19,100,4,10,10,0.30892320071776735,0.03814222956995472,0.24824409169260386,0.35779825508773805,100.0,0.0,100.0,100.0,30,0,0
1134,7.5,0.19,150,2,10,10,0.1332994314176011,0.030837770432816092,0.09567062029035016,0.21116227636108098,100.0,0.0,100.0,100.0,30,0,0
1135,7.5,0.19,150,4,10,10,0.30921632035840474,0.04345539294522895,0.23829911788195102,0.3658755120411348,100.0,0.0,100.0,100.0,30,0,0
1136,7.5,0.19,200,2,10,10,0.17101273873375442,0.037902491025348296,0.11450185413597491,0.2603791959565879,100.0,0.0,100.0,100.0,30,0,0
1137,7.5,0.19,200,4,10,10,0.31531626953963526,0.04820974652497507,0.23910006443650703,0.38316811806399187,100.0,0.0,100.0,100.0,30,0,0
1138,7.5,0.19,250,2,10,10,0.2102489832216315,0.049835205346277424,0.13677319846665317,0.32100218562814414,100.0,0.0,100.0,100.0,30,0,0
1139,7.5,0.19,250,4,10,10,0.3223624189701938,0.06176219430186397,0.21999035751766816,0.4184132742767573,100.0,0.0,100.0,100.0,30,0,0
1140,7.5,0.2,0,2,10,10,0.045356385168625224,0.009049192626355663,0.03652083583218136,0.06505496816216493,100.0,0.0,100.0,100.0,30,0,0
1141,7.5,0.2,0,4,10,10,0.3228748418928852,0.036985770400941864,0.27075373446908557,0.37101105489441144,100.0,0.0,100.0,100.0,30,0,0
1142,7.5,0.2,50,2,10,10,0.06788254490281963,0.011121002490119403,0.05285366658210336,0.08761795348832235,100.0,0.0,100.0,100.0,30,0,0
1143,7.5,0.2,50,4,10,10,0.32002077997654116,0.038200048957543295,0.2591829989182006,0.3709865376026733,100.0,0.0,100.0,100.0,30,0,0
1144,7.5,0.2,100,2,10,10,0.10362715410296228,0.022435685794053785,0.07768264375032168,0.15515787859867336,100.0,0.0,100.0,100.0,30,0,0
1145,7.5,0.2,100,4,10,10,0.32191181001783303,0.03875664740540091,0.26000551303730685,0.3706698431725068,100.0,0.0,100.0,100.0,30,0,0
1146,7.5,0.2,150,2,10,10,0.1439434188903951,0.028719845169404023,0.11132189132711158,0.21555285911162847,100.0,0.0,100.0,100.0,30,0,0
1147,7.5,0.2,150,4,10,10,0.3238173788690674,0.04423151328577496,0.2467456675541683,0.3726068207118359,100.0,0.0,100.0,100.0,30,0,0
1148,7.5,0.2,200,2,10,10,0.18097939237500776,0.04194486114070543,0.12334358634616953,0.27909176124429275,100.0,0.0,100.0,100.0,30,0,0
1149,7.5,0.2,200,4,10,10,0.33024502704639375,0.0520807834473713,0.24569028150402386,0.40091327894963497,100.0,0.0,100.0,100.0,30,0,0
1150,7.5,0.2,250,2,10,10,0.22314581609546544,0.05536929558473483,0.14162534764915596,0.3504773754857267,96.33333333333334,11.595018087284059,63.333333333333336,100.0,30,0,0
1151,7.5,0.2,250,4,10,10,0.33447352021607696,0.05923059695027904,0.2383111019785995,0.4289298131335883,100.0,0.0,100.0,100.0,30,0,0
1152,8.0,0.05,0,2,10,10,0.03682440892249797,0.005173902423031138,0.029117759029985674,0.04522988772611822,100.0,0.0,100.0,100.0,30,0,0
1153,8.0,0.05,0,4,10,10,0.13164937639610166,0.02641265918511837,0.08774757841980202,0.170523767038517,100.0,0.0,100.0,100.0,30,0,0
1154,8.0,0.05,50,2,10,10,0.04367160185412362,0.003933104737440225,0.03845094908520571,0.04859649544649831,100.0,0.0,100.0,100.0,30,0,0
1155,8.0,0.05,50,4,10,10,0.13118128722825612,0.029038413286045787,0.07792448187994322,0.18180033295013487,100.0,0.0,100.0,100.0,30,0,0
1156,8.0,0.05,100,2,10,10,0.05410134855089814,0.008061426558204812,0.0419384891116302,0.06591341347035666,100.0,0.0,100.0,100.0,30,0,0
1157,8.0,0.05,100,4,10,10,0.1318874177379054,0.028740846923504655,0.08070883359505286,0.1862578228739897,100.0,0.0,100.0,100.0,30,0,0
1158,8.0,0.05,150,2,10,10,0.06990801645482415,0.012466149396082976,0.05321718579821814,0.09205255788121551,100.0,0.0,100.0,100.0,30,0,0
1159,8.0,0.05,150,4,10,10,0.13539513622079866,0.029155193316428542,0.08342664101491537,0.18615537612567468,100.0,0.0,100.0,100.0,30,0,0
1160,8.0,0.05,200,2,10,10,0.0938691096621624,0.01734150721064574,0.06351969306914777,0.11369911703205317,100.0,0.0,100.0,100.0,30,0,0
1161,8.0,0.05,200,4,10,10,0.1413431118579315,0.030145777876676463,0.09643704838317135,0.20133683208702088,100.0,0.0,100.0,100.0,30,0,0
1162,8.0,0.05,250,2,10,10,0.10999060079125811,0.022656021648424715,0.07121021839602963,0.13938128971012984,100.0,0.0,100.0,100.0,30,0,0
1163,8.0,0.05,250,4,10,10,0.1503082072443598,0.028822281058492875,0.10673699833059365,0.19307096876008356,100.0,0.0,100.0,100.0,30,0,0
1164,8.0,0.06,0,2,10,10,0.031024563005928603,0.0038588258545635876,0.02377785748770499,0.03669319094676957,100.0,0.0,100.0,100.0,30,0,0
1165,8.0,0.06,0,4,10,10,0.13542807859725445,0.03129484310237245,0.08454104403091357,0.18891969986049617,100.0,0.0,100.0,100.0,30,0,0
1166,8.0,0.06,50,2,10,10,0.041135195621297735,0.008196850344913062,0.028088946640135407,0.05495679479899382,100.0,0.0,100.0,100.0,30,0,0
1167,8.0,0.06,50,4,10,10,0.1360478408546551,0.027504842366087977,0.08992065090422319,0.1847452248862099,100.0,0.0,100.0,100.0,30,0,0
1168,8.0,0.06,100,2,10,10,0.058147199767328094,0.007730605288646598,0.044510435955530975,0.07033668680349849,100.0,0.0,100.0,100.0,30,0,0
1169,8.0,0.06,100,4,10,10,0.13308303865086188,0.02755629207635221,0.08670288345399567,0.18156361418785916,100.0,0.0,100.0,100.0,30,0,0
1170,8.0,0.06,150,2,10,10,0.07453480340175822,0.01167463660456691,0.06018136174897082,0.0958880912714352,100.0,0.0,100.0,100.0,30,0,0
1171,8.0,0.06,150,4,10,10,0.135439309452852,0.029847258639538563,0.07799196183767816,0.18899518613626434,100.0,0.0,100.0,100.0,30,0,0
1172,8.0,0.06,200,2,10,10,0.0944439706579484,0.015134533398936107,0.06500690448964375,0.11771256181106926,100.0,0.0,100.0,100.0,30,0,0
1173,8.0,0.06,200,4,10,10,0.14412408006572897,0.029683767507618163,0.09455963405375557,0.1906841211996125,100.0,0.0,100.0,100.0,30,0,0
1174,8.0,0.06,250,2,10,10,0.11446444984034623,0.023574520199442967,0.07264066537379867,0.14422333686055885,100.0,0.0,100.0,100.0,30,0,0
1175,8.0,0.06,250,4,10,10,0.15625222691410554,0.03263926899044218,0.10958526330800718,0.22201530420973337,100.0,0.0,100.0,100.0,30,0,0
1176,8.0,0.07,0,2,10,10,0.03290781723881216,0.004700288735449809,0.02505549906723081,0.041258460105114934,100.0,0.0,100.0,100.0,30,0,0
1177,8.0,0.07,0,4,10,10,0.14043546396265014,0.0279426005541479,0.09327676197898883,0.18223404973094273,100.0,0.0,100.0,100.0,30,0,0
1178,8.0,0.07,50,2,10,10,0.042274916018624785,0.005810891897722978,0.03420033966905776,0.05107402715661339,100.0,0.0,100.0,100.0,30,0,0
1179,8.0,0.07,50,4,10,10,0.1383858147842274,0.029465744201995547,0.09553771701381393,0.19363127420681134,100.0,0.0,100.0,100.0,30,0,0
1180,8.0,0.07,100,2,10,10,0.05938356467903527,0.009716603208052012,0.049184236516392636,0.0758808984102509,100.0,0.0,100.0,100.0,30,0,0
1181,8.0,0.07,100,4,10,10,0.1418818169230211,0.02902368436526865,0.09390792024896101,0.20164615280051867,100.0,0.0,100.0,100.0,30,0,0
1182,8.0,0.07,150,2,10,10,0.07932953122453971,0.011989918820012442,0.06187251526228999,0.09580221803782818,100.0,0.0,100.0,100.0,30,0,0
1183,8.0,0.07,150,4,10,10,0.14371226750411462,0.02991117491359429,0.09635678753098247,0.2012663497308608,100.0,0.0,100.0,100.0,30,0,0
1184,8.0,0.07,200,2,10,10,0.09768800485206779,0.017068937668051423,0.06800856831174605,0.1190043821367676,100.0,0.0,100.0,100.0,30,0,0
1185,8.0,0.07,200,4,10,10,0.1473757396737652,0.03079640959041356,0.10342930414143364,0.20318201170229758,100.0,0.0,100.0,100.0,30,0,0
1186,8.0,0.07,250,2,10,10,0.11825832151999915,0.021464776610776542,0.07742732544614665,0.14643613680412285,100.0,0.0,100.0,100.0,30,0,0
1187,8.0,0.07,250,4,10,10,0.1573730164402819,0.033854227009861584,0.11210606985601834,0.22083066007943156,100.0,0.0,100.0,100.0,30,0,0
1188,8.0,0.08,0,2,10,10,0.03227593260220222,0.0049786757324927645,0.02542804158899362,0.04167223855130056,100.0,0.0,100.0,100.0,30,0,0
1189,8.0,0.08,0,4,10,10,0.142988585185084,0.028140214435923083,0.09805826477951048,0.18904385301866444,100.0,0.0,100.0,100.0,30,0,0
1190,8.0,0.08,50,2,10,10,0.04237883148350242,0.004625665633972072,0.03660756202785407,0.05235465929757523,100.0,0.0,100.0,100.0,30,0,0
1191,8.0,0.08,50,4,10,10,0.1444231197902488,0.03082092408558758,0.08807599262275556,0.20116188938358268,100.0,0.0,100.0,100.0,30,0,0
1192,8.0,0.08,100,2,10,10,0.059879637528134355,0.00918056350395326,0.04700359317142699,0.07630199951380484,100.0,0.0,100.0,100.0,30,0,0
1193,8.0,0.08,100,4,10,10,0.14387641891870673,0.031097869743140598,0.09475772777482248,0.203531852541352,100.0,0.0,100.0,100.0,30,0,0
1194,8.0,0.08,150,2,10,10,0.08090569113709081,0.012655430735863442,0.061730642581691135,0.10066549816967396,100.0,0.0,100.0,100.0,30,0,0
1195,8.0,0.08,150,4,10,10,0.14620467679813737,0.030000549814333758,0.09621437812323812,0.20325919099233714,100.0,0.0,100.0,100.0,30,0,0
1196,8.0,0.08,200,2,10,10,0.10230044215521139,0.01845772043451567,0.07160523491031802,0.12427365455218403,100.0,0.0,100.0,100.0,30,0,0
1197,8.0,0.08,200,4,10,10,0.15305723869921736,0.03284440065842908,0.10422511248694473,0.2107261028803121,100.0,0.0,100.0,100.0,30,0,0
1198,8.0,0.08,250,2,10,10,0.12383940979580635,0.024211228915201846,0.07713669680926553,0.15460614688653349,100.0,0.0,100.0,100.0,30,0,0
1199,8.0,0.08,250,4,10,10,0.16455755934678537,0.03607356487810168,0.11054267647592582,0.22833739518856944,100.0,0.0,100.0,100.0,30,0,0
1200,8.0,0.09,0,2,10,10,0.03188745866482672,0.0041543969530659555,0.022993355379479125,0.037702657669382376,100.0,0.0,100.0,100.0,30,0,0
1201,8.0,0.09,0,4,10,10,0.15140288365003915,0.031100045541597173,0.10325352911297103,0.2073887717869677,100.0,0.0,100.0,100.0,30,0,0
1202,8.0,0.09,50,2,10,10,0.044054395614644415,0.007361645994737741,0.03503463561528508,0.05569700384362233,100.0,0.0,100.0,100.0,30,0,0
1203,8.0,0.09,50,4,10,10,0.14889168432959782,0.028624974433697638,0.103496407465872,0.20447672115157214,100.0,0.0,100.0,100.0,30,0,0
1204,8.0,0.09,100,2,10,10,0.06291208637652237,0.011683236545003325,0.04184907966911941,0.07916532094500582,100.0,0.0,100.0,100.0,30,0,0
1205,8.0,0.09,100,4,10,10,0.14916861133568768,0.02877958051678391,0.09915375447432719,0.20335203763033236,100.0,0.0,100.0,100.0,30,0,0
1206,8.0,0.09,150,2,10,10,0.08417432259112262,0.016718678050898876,0.05413705295327647,0.10681388199606724,100.0,0.0,100.0,100.0,30,0,0
1207,8.0,0.09,150,4,10,10,0.15384283670687454,0.030798712320231524,0.10326904675874943,0.20760423660421967,100.0,0.0,100.0,100.0,30,0,0
1208,8.0,0.09,200,2,10,10,0.10805834944754311,0.021544491352070948,0.06792201769439205,0.13965196716626566,100.0,0.0,100.0,100.0,30,0,0
1209,8.0,0.09,200,4,10,10,0.15882180049257702,0.033900550804638996,0.10128471747272368,0.21684871717480217,100.0,0.0,100.0,100.0,30,0,0
1210,8.0,0.09,250,2,10,10,0.13018179096912935,0.025427480963748333,0.08200373549079544,0.16578757964894383,100.0,0.0,100.0,100.0,30,0,0
1211,8.0,0.09,250,4,10,10,0.169320353423763,0.030727111003347605,0.13150860969551278,0.2256080541531408,100.0,0.0,100.0,100.0,30,0,0
1212,8.0,0.1,0,2,10,10,0.035113402934164026,0.006178085324767659,0.02687648298158844,0.04301456211684179,100.0,0.0,100.0,100.0,30,0,0
1213,8.0,0.1,0,4,10,10,0.1594944768979656,0.027965785970494844,0.12307985074824228,0.2106599737188877,100.0,0.0,100.0,100.0,30,0,0
1214,8.0,0.1,50,2,10,10,0.04701454504994092,0.0059329755128999856,0.03856553985570465,0.05643549075904577,100.0,0.0,100.0,100.0,30,0,0
1215,8.0,0.1,50,4,10,10,0.1534111358841151,0.029319055372013285,0.10378947653611804,0.2096023116435964,100.0,0.0,100.0,100.0,30,0,0
1216,8.0,0.1,100,2,10,10,0.06490618650226404,0.010482090785745501,0.043470133574994574,0.08429209724581684,100.0,0.0,100.0,100.0,30,0,0
1217,8.0,0.1,100,4,10,10,0.15840698177360704,0.032909693229646236,0.10291907231509413,0.21812823798537392,100.0,0.0,100.0,100.0,30,0,0
1218,8.0,0.1,150,2,10,10,0.08721171308223644,0.01565262365042696,0.0573783545901465,0.1096754855634019,100.0,0.0,100.0,100.0,30,0,0
1219,8.0,0.1,150,4,10,10,0.15810233857160003,0.03166911523537229,0.10388408114872533,0.21839523304562067,100.0,0.0,100.0,100.0,30,0,0
1220,8.0,0.1,200,2,10,10,0.11055457528907112,0.02103761508218504,0.07213922433724407,0.14030333376346596,100.0,0.0,100.0,100.0,30,0,0
1221,8.0,0.1,200,4,10,10,0.1679663900900235,0.03367185208851491,0.12350492445294381,0.23752740010164244,100.0,0.0,100.0,100.0,30,0,0
1222,8.0,0.1,250,2,10,10,0.13546497886881498,0.023609534648901444,0.08674709816306513,0.16411633243925042,100.0,0.0,100.0,100.0,30,0,0
1223,8.0,0.1,250,4,10,10,0.17136578766471408,0.03728939343717632,0.10591394182852176,0.22638718253512213,100.0,0.0,100.0,100.0,30,0,0
1224,8.0,0.11,0,2,10,10,0.03264792479444636,0.002617188034183131,0.029386371420041486,0.036997797424607314,100.0,0.0,100.0,100.0,30,0,0
1225,8.0,0.11,0,4,10,10,0.167931531361099,0.027792147353354803,0.12194288202093077,0.21037136822776395,100.0,0.0,100.0,100.0,30,0,0
1226,8.0,0.11,50,2,10,10,0.04716158178762464,0.006499098198835968,0.03775310865202309,0.056080082465774804,100.0,0.0,100.0,100.0,30,0,0
1227,8.0,0.11,50,4,10,10,0.16086035488629696,0.028493978696475936,0.11858999006580406,0.21878922581928442,100.0,0.0,100.0,100.0,30,0,0
1228,8.0,0.11,100,2,10,10,0.06783219323008628,0.013106322850130395,0.04676111788894638,0.08751848281801132,100.0,0.0,100.0,100.0,30,0,0
1229,8.0,0.11,100,4,10,10,0.16194857091742737,0.03489227631050106,0.10478056655378702,0.22981724823552274,100.0,0.0,100.0,100.0,30,0,0
1230,8.0,0.11,150,2,10,10,0.09133607092411712,0.01706365877898781,0.05971436189673773,0.11855897933962377,100.0,0.0,100.0,100.0,30,0,0
1231,8.0,0.11,150,4,10,10,0.16375069437037865,0.03520851009389778,0.10146677816974618,0.23325622387828057,100.0,0.0,100.0,100.0,30,0,0
1232,8.0,0.11,200,2,10,10,0.11843696225163813,0.017628233196623648,0.0833362653600211,0.14311664847059807,100.0,0.0,100.0,100.0,30,0,0
1233,8.0,0.11,200,4,10,10,0.17380512766084885,0.03245119804980888,0.11764814718571089,0.23540995961948488,100.0,0.0,100.0,100.0,30,0,0
1234,8.0,0.11,250,2,10,10,0.1525465549268923,0.04333981264792177,0.08293996289044309,0.24546263539312752,99.77011494252874,0.7269603816478992,97.70114942528737,100.0,30,0,0
1235,8.0,0.11,250,4,10,10,0.18170583114680494,0.03658265323093688,0.1346924358038414,0.2474876915406904,100.0,0.0,100.0,100.0,30,0,0
1236,8.0,0.12,0,2,10,10,0.033396826473323524,0.005815582796076161,0.02613839018090641,0.042637137718701756,100.0,0.0,100.0,100.0,30,0,0
1237,8.0,0.12,0,4,10,10,0.17518676392851246,0.030031419731247858,0.12626920116211993,0.22138248216534517,100.0,0.0,100.0,100.0,30,0,0
1238,8.0,0.12,50,2,10,10,0.04666577654152386,0.004139937525508625,0.04012406621208521,0.052463369706036496,100.0,0.0,100.0,100.0,30,0,0
1239,8.0,0.12,50,4,10,10,0.1727394343588189,0.031800072872907335,0.11755220593952703,0.22529047749322414,100.0,0.0,100.0,100.0,30,0,0
1240,8.0,0.12,100,2,10,10,0.07182928735401503,0.012050193855966122,0.05197298276871414,0.09227748320765099,100.0,0.0,100.0,100.0,30,0,0
1241,8.0,0.12,100,4,10,10,0.17223923182559875,0.030665692438260426,0.11941531322025677,0.22656665382832705,100.0,0.0,100.0,100.0,30,0,0
1242,8.0,0.12,150,2,10,10,0.0956024166372578,0.0165228310188297,0.06429324399409976,0.12071703823145098,100.0,0.0,100.0,100.0,30,0,0
1243,8.0,0.12,150,4,10,10,0.17334195554511778,0.034173669587868764,0.1091249468559236,0.234221446419383,100.0,0.0,100.0,100.0,30,0,0
1244,8.0,0.12,200,2,10,10,0.12228403574867461,0.02197149960694868,0.0784279184443099,0.1546279862413901,100.0,0.0,100.0,100.0,30,0,0
1245,8.0,0.12,200,4,10,10,0.1794538514160396,0.03408415939541093,0.12396882622883544,0.24360429001357284,100.0,0.0,100.0,100.0,30,0,0
1246,8.0,0.12,250,2,10,10,0.1619031589526708,0.04264210531465637,0.09499057159875239,0.25528492699907396,99.77011494252874,0.7269603816478992,97.70114942528737,100.0,30,0,0
1247,8.0,0.12,250,4,10,10,0.18538232127840915,0.030642854504935323,0.1370742598934563,0.23445045294492162,100.0,0.0,100.0,100.0,30,0,0
1248,8.0,0.13,0,2,10,10,0.03605564780030372,0.005317089442704549,0.02808077852813501,0.042519166061282365,100.0,0.0,100.0,100.0,30,0,0
1249,8.0,0.13,0,4,10,10,0.18395649990778645,0.029600207759741974,0.13701691319149625,0.23293837549767824,100.0,0.0,100.0,100.0,30,0,0
1250,8.0,0.13,50,2,10,10,0.050359042023182934,0.008274484947135424,0.04140672095207803,0.0686144747824826,100.0,0.0,100.0,100.0,30,0,0
1251,8.0,0.13,50,4,10,10,0.18090777032784094,0.03136351287097698,0.12821301438131325,0.23627940203516554,100.0,0.0,100.0,100.0,30,0,0
1252,8.0,0.13,100,2,10,10,0.07272214139035817,0.01305085111421766,0.04808443197840282,0.09592405525040422,100.0,0.0,100.0,100.0,30,0,0
1253,8.0,0.13,100,4,10,10,0.18138364672667234,0.034144031630790585,0.12640721330866003,0.25036132063091093,100.0,0.0,100.0,100.0,30,0,0
1254,8.0,0.13,150,2,10,10,0.10153215795459962,0.01827468248857556,0.06357457687592502,0.12630637352479782,100.0,0.0,100.0,100.0,30,0,0
1255,8.0,0.13,150,4,10,10,0.18326644447920692,0.03480278387813977,0.11952642996761809,0.2505057916484469,100.0,0.0,100.0,100.0,30,0,0
1256,8.0,0.13,200,2,10,10,0.1305761336954229,0.02565037931783387,0.08198153387906511,0.17005649765637806,100.0,0.0,100.0,100.0,30,0,0
1257,8.0,0.13,200,4,10,10,0.18938965627098134,0.034392009407072426,0.13121735966086695,0.25606670002362425,100.0,0.0,100.0,100.0,30,0,0
1258,8.0,0.13,250,2,10,10,0.1687929150736543,0.04576413781008784,0.09120513646865047,0.26231430782261017,99.77011494252874,0.7269603816478992,97.70114942528737,100.0,30,0,0
1259,8.0,0.13,250,4,10,10,0.19463704812950397,0.03684279581839416,0.13263264928929705,0.25430468818121627,100.0,0.0,100.0,100.0,30,0,0
1260,8.0,0.14,0,2,10,10,0.033226534730217736,0.0034430796753200216,0.02722770802885972,0.03850220287561135,100.0,0.0,100.0,100.0,30,0,0
1261,8.0,0.14,0,4,10,10,0.19646503519320105,0.03188835991739439,0.15521354761015696,0.244068216393759,100.0,0.0,100.0,100.0,30,0,0
1262,8.0,0.14,50,2,10,10,0.04744760774042737,0.007170776721870282,0.040455271502708494,0.05967947020793032,100.0,0.0,100.0,100.0,30,0,0
1263,8.0,0.14,50,4,10,10,0.19038199818359852,0.0339797427073833,0.1400099654756618,0.2555182044016107,100.0,0.0,100.0,100.0,30,0,0
1264,8.0,0.14,100,2,10,10,0.07625315607204111,0.014030341779203365,0.0539633715690814,0.09949704349641116,100.0,0.0,100.0,100.0,30,0,0
1265,8.0,0.14,100,4,10,10,0.18618938074474106,0.03131534792233658,0.13488342833840838,0.24391845730584194,100.0,0.0,100.0,100.0,30,0,0
1266,8.0,0.14,150,2,10,10,0.10865979913756281,0.021148092766240363,0.0645993368802713,0.13434734071455912,100.0,0.0,100.0,100.0,30,0,0
1267,8.0,0.14,150,4,10,10,0.19089848247386726,0.036508735951426854,0.12860624254821817,0.2645718758019901,100.0,0.0,100.0,100.0,30,0,0
1268,8.0,0.14,200,2,10,10,0.1381760690748349,0.025843674981697234,0.08018086617326037,0.1673581154896011,100.0,0.0,100.0,100.0,30,0,0
1269,8.0,0.14,200,4,10,10,0.19736979603185573,0.03746073608696438,0.12445475924745197,0.2661360993816025,100.0,0.0,100.0,100.0,30,0,0
1270,8.0,0.14,250,2,10,10,0.16743011427737015,0.0333104814268199,0.0991183077963234,0.20851938875610868,100.0,0.0,100.0,100.0,30,0,0
1271,8.0,0.14,250,4,10,10,0.20261865717126107,0.037629229878542336,0.15199731942030928,0.2722779289722192,100.0,0.0,100.0,100.0,30,0,0
1272,8.0,0.15,0,2,10,10,0.03378774599966855,0.003751858154957876,0.027753442913679233,0.038841312389654804,100.0,0.0,100.0,100.0,30,0,0
1273,8.0,0.15,0,4,10,10,0.2063819903502795,0.030880402321626848,0.1600454790461546,0.2541825454293341,100.0,0.0,100.0,100.0,30,0,0
1274,8.0,0.15,50,2,10,10,0.051397934110299935,0.00900664405398422,0.040115052698469066,0.06410614617691467,100.0,0.0,100.0,100.0,30,0,0
1275,8.0,0.15,50,4,10,10,0.20149617129018488,0.03260036237773826,0.14804476848796821,0.2607341346584002,100.0,0.0,100.0,100.0,30,0,0
1276,8.0,0.15,100,2,10,10,0.08227038261539839,0.015578766201712764,0.05228113772210938,0.10048494329737057,100.0,0.0,100.0,100.0,30,0,0
1277,8.0,0.15,100,4,10,10,0.19771665878912378,0.034094928917651354,0.13994254156476718,0.2593012311667184,100.0,0.0,100.0,100.0,30,0,0
1278,8.0,0.15,150,2,10,10,0.11235045086214517,0.020728209600284417,0.07151619070926576,0.1402931752171008,100.0,0.0,100.0,100.0,30,0,0
1279,8.0,0.15,150,4,10,10,0.19962875018597687,0.03636600877502226,0.1380772441919148,0.27158905191378396,100.0,0.0,100.0,100.0,30,0,0
1280,8.0,0.15,200,2,10,10,0.1444043707449796,0.02765799979931504,0.08789608829858098,0.18277970712815814,100.0,0.0,100.0,100.0,30,0,0
1281,8.0,0.15,200,4,10,10,0.20490135748266805,0.03463439173035297,0.13880026695939468,0.2692265392667879,100.0,0.0,100.0,100.0,30,0,0
1282,8.0,0.15,250,2,10,10,0.19924205722286617,0.07595929227988293,0.10350393397510031,0.390517433687642,99.54022988505747,1.4539207632958076,95.40229885057471,100.0,30,0,0
1283,8.0,0.15,250,4,10,10,0.21140954295181405,0.03761289703794177,0.1496830819844014,0.27691042238053254,100.0,0.0,100.0,100.0,30,0,0
1284,8.0,0.16,0,2,10,10,0.032320842494600176,0.0019589910375707336,0.02948299322246692,0.034662313215245315,100.0,0.0,100.0,100.0,30,0,0
1285,8.0,0.16,0,4,10,10,0.21917354032746644,0.03304936985991965,0.17613589661942944,0.27097022826479505,100.0,0.0,100.0,100.0,30,0,0
1286,8.0,0.16,50,2,10,10,0.05174947020795998,0.008977771675510664,0.04032124677842966,0.06720742257791552,100.0,0.0,100.0,100.0,30,0,0
1287,8.0,0.16,50,4,10,10,0.2131244780395254,0.03156140834751537,0.16163538200901373,0.26652589229628454,100.0,0.0,100.0,100.0,30,0,0
1288,8.0,0.16,100,2,10,10,0.0858873152577216,0.015289850350509141,0.05676446810144296,0.1073666891269016,100.0,0.0,100.0,100.0,30,0,0
1289,8.0,0.16,100,4,10,10,0.21205286666287199,0.038032520061199504,0.14982820237936642,0.28604619961633276,100.0,0.0,100.0,100.0,30,0,0
1290,8.0,0.16,150,2,10,10,0.11902936272410955,0.024982012701356582,0.07278248584217444,0.1497862289859632,100.0,0.0,100.0,100.0,30,0,0
1291,8.0,0.16,150,4,10,10,0.21117050182653005,0.033877685948552956,0.14947965092708637,0.27612391787311347,100.0,0.0,100.0,100.0,30,0,0
1292,8.0,0.16,200,2,10,10,0.1532272585013173,0.03016723144525781,0.08918547715882356,0.19103194137335144,100.0,0.0,100.0,100.0,30,0,0
1293,8.0,0.16,200,4,10,10,0.21622003191383876,0.03450541647924378,0.15462050791516954,0.277950685509288,100.0,0.0,100.0,100.0,30,0,0
1294,8.0,0.16,250,2,10,10,0.19748322387867095,0.04732314133997331,0.10666511783537426,0.2802433148467822,99.77011494252874,0.7269603816478992,97.70114942528737,100.0,30,0,0
1295,8.0,0.16,250,4,10,10,0.22225452277943697,0.039096176921047485,0.15482733376139898,0.2927904792840749,100.0,0.0,100.0,100.0,30,0,0
1296,8.0,0.17,0,2,10,10,0.036191662155673175,0.006143513255075213,0.02799539611811602,0.04886115839677623,100.0,0.0,100.0,100.0,30,0,0
1297,8.0,0.17,0,4,10,10,0.23235787180675685,0.03202211598865207,0.18290130734977464,0.279329207505263,100.0,0.0,100.0,100.0,30,0,0
1298,8.0,0.17,50,2,10,10,0.05838715205859109,0.008406384309153242,0.045205239698883244,0.06892196950305789,100.0,0.0,100.0,100.0,30,0,0
1299,8.0,0.17,50,4,10,10,0.22644082058115042,0.03622566384422529,0.17187989294740344,0.2908849404667333,100.0,0.0,100.0,100.0,30,0,0
1300,8.0,0.17,100,2,10,10,0.08686215145207397,0.01535990256494704,0.057054900001844135,0.10790990203978633,100.0,0.0,100.0,100.0,30,0,0
1301,8.0,0.17,100,4,10,10,0.22035698348467667,0.036993753065367806,0.16036082611869085,0.28522614386463396,100.0,0.0,100.0,100.0,30,0,0
1302,8.0,0.17,150,2,10,10,0.1283112485617043,0.023780882296828308,0.07747667545216733,0.16061072919926817,100.0,0.0,100.0,100.0,30,0,0
1303,8.0,0.17,150,4,10,10,0.22249138875252208,0.03557230439647383,0.15437489722915657,0.2832603735884654,100.0,0.0,100.0,100.0,30,0,0
1304,8.0,0.17,200,2,10,10,0.17146331970677892,0.04612835460476716,0.09637634943967371,0.2693639634166802,99.77011494252874,0.7269603816478992,97.70114942528737,100.0,30,0,0
1305,8.0,0.17,200,4,10,10,0.2271308823231791,0.03805263093756303,0.1554309297387291,0.2943227341301155,100.0,0.0,100.0,100.0,30,0,0
1306,8.0,0.17,250,2,10,10,0.23010032798184393,0.10227182927995505,0.11400101308821087,0.49719755921891773,99.3103448275862,2.1808811449437164,93.10344827586205,100.0,30,0,0
1307,8.0,0.17,250,4,10,10,0.232578957429138,0.03835955200551475,0.16780597722884208,0.2994079543388173,100.0,0.0,100.0,100.0,30,0,0
1308,8.0,0.18,0,2,10,10,0.036843175228780785,0.005643967696166704,0.030047672219818595,0.04694698946664091,100.0,0.0,100.0,100.0,30,0,0
1309,8.0,0.18,0,4,10,10,0.2463878434335772,0.033231434290584755,0.20023333225578752,0.29919860642436824,100.0,0.0,100.0,100.0,30,0,0
1310,8.0,0.18,50,2,10,10,0.05873871234277428,0.008478085365827512,0.049291222692006836,0.07114603060069873,100.0,0.0,100.0,100.0,30,0,0
1311,8.0,0.18,50,4,10,10,0.23712150191518916,0.03355332143018704,0.1811238972245063,0.2929248701497331,100.0,0.0,100.0,100.0,30,0,0
1312,8.0,0.18,100,2,10,10,0.09504620176463971,0.016554981521308174,0.06704107730097587,0.11845322008144832,100.0,0.0,100.0,100.0,30,0,0
1313,8.0,0.18,100,4,10,10,0.2361059743189891,0.03564577791357526,0.17420873411057872,0.30340007528112994,100.0,0.0,100.0,100.0,30,0,0
1314,8.0,0.18,150,2,10,10,0.1351169155320922,0.026371047529107457,0.07832268275067394,0.16465259424493353,100.0,0.0,100.0,100.0,30,0,0
1315,8.0,0.18,150,4,10,10,0.2360962093116085,0.035039594941111314,0.17313903294649344,0.29576328379047473,100.0,0.0,100.0,100.0,30,0,0
1316,8.0,0.18,200,2,10,10,0.17089653477128086,0.028979396390646693,0.1103976715203957,0.2070733545822205,100.0,0.0,100.0,100.0,30,0,0
1317,8.0,0.18,200,4,10,10,0.23836170536167106,0.03747547108803202,0.16794114533684476,0.2989543992996672,100.0,0.0,100.0,100.0,30,0,0
1318,8.0,0.18,250,2,10,10,0.24209253695166083,0.10089830662916491,0.1278508873482295,0.5016360979979312,99.3103448275862,2.1808811449437164,93.10344827586205,100.0,30,0,0
1319,8.0,0.18,250,4,10,10,0.24466984124950844,0.039056245571619935,0.1782019827954349,0.31384439519111385,100.0,0.0,100.0,100.0,30,0,0
1320,8.0,0.19,0,2,10,10,0.04096424224927619,0.005284493313030911,0.032201457032470786,0.05050219544911816,100.0,0.0,100.0,100.0,30,0,0
1321,8.0,0.19,0,4,10,10,0.2584909368738683,0.03306315434611155,0.21587279637092718,0.30539413414900063,100.0,0.0,100.0,100.0,30,0,0
1322,8.0,0.19,50,2,10,10,0.06209464412992381,0.00944465721250231,0.04619244329136091,0.07736602364245787,100.0,0.0,100.0,100.0,30,0,0
1323,8.0,0.19,50,4,10,10,0.25350038910763023,0.03450371928583396,0.2072309957331571,0.3128868541228825,100.0,0.0,100.0,100.0,30,0,0
1324,8.0,0.19,100,2,10,10,0.10175876643268662,0.018548827337429397,0.07087384617151239,0.12768257459586316,100.0,0.0,100.0,100.0,30,0,0
1325,8.0,0.19,100,4,10,10,0.2491340271064107,0.036659169363354206,0.19020618222567523,0.3173656612649917,100.0,0.0,100.0,100.0,30,0,0
1326,8.0,0.19,150,2,10,10,0.1430713434739153,0.029810992825586462,0.08232038662641815,0.18138000483339053,100.0,0.0,100.0,100.0,30,0,0
1327,8.0,0.19,150,4,10,10,0.24772295810977565,0.037939772550137134,0.17324952786718947,0.30538963807685376,100.0,0.0,100.0,100.0,30,0,0
1328,8.0,0.19,200,2,10,10,0.181377977260719,0.035514629036571155,0.10809490519982773,0.2285846669345618,100.0,0.0,100.0,100.0,30,0,0
1329,8.0,0.19,200,4,10,10,0.25211250943096586,0.03954902382651625,0.18084388808635263,0.3209398495981044,100.0,0.0,100.0,100.0,30,0,0
1330,8.0,0.19,250,2,10,10,0.2542751234227275,0.09803434847792679,0.1335388019060394,0.5068043594270595,99.3103448275862,2.1808811449437164,93.10344827586205,100.0,30,0,0
1331,8.0,0.19,250,4,10,10,0.25601897025446985,0.041859533589056815,0.17849078949314903,0.32380354235414277,100.0,0.0,100.0,100.0,30,0,0
1332,8.0,0.2,0,2,10,10,0.04418132415970316,0.0072426037862540395,0.03657098857971848,0.05942465883949665,100.0,0.0,100.0,100.0,30,0,0
1333,8.0,0.2,0,4,10,10,0.2721546514384056,0.03601533325759959,0.22836102081588305,0.3252142681017893,100.0,0.0,100.0,100.0,30,0,0
1334,8.0,0.2,50,2,10,10,0.06636273689010933,0.010942348151866248,0.05298021460709031,0.0807958704451673,100.0,0.0,100.0,100.0,30,0,0
1335,8.0,0.2,50,4,10,10,0.26805396975085916,0.034860987755923785,0.2163208524430266,0.3174691902241868,100.0,0.0,100.0,100.0,30,0,0
1336,8.0,0.2,100,2,10,10,0.10717774510856429,0.01983045530380941,0.07078155384833847,0.13269637220951977,100.0,0.0,100.0,100.0,30,0,0
1337,8.0,0.2,100,4,10,10,0.2623763456358391,0.036197991406647825,0.20453923544278352,0.32842121941750047,100.0,0.0,100.0,100.0,30,0,0
1338,8.0,0.2,150,2,10,10,0.15023129018093478,0.030236583285482066,0.08856805333078917,0.1883179032585709,100.0,0.0,100.0,100.0,30,0,0
1339,8.0,0.2,150,4,10,10,0.2632554305482339,0.03996670690715047,0.19004980838128235,0.33143651844290156,100.0,0.0,100.0,100.0,30,0,0
1340,8.0,0.2,200,2,10,10,0.19527821411732782,0.038694391118228956,0.11655760727629198,0.25342839220346336,100.0,0.0,100.0,100.0,30,0,0
1341,8.0,0.2,200,4,10,10,0.26724890015676495,0.04108974038372413,0.19314172388671058,0.3390616817467465,100.0,0.0,100.0,100.0,30,0,0
1342,8.0,0.2,250,2,10,10,0.26737225520154084,0.09517890255536295,0.1393663433936131,0.5049366284315432,99.3103448275862,2.1808811449437164,93.10344827586205,100.0,30,0,0
1343,8.0,0.2,250,4,10,10,0.2686524988351892,0.042040257981131965,0.1946338192952944,0.3397026014570588,100.0,0.0,100.0,100.0,30,0,0
1344,8.5,0.05,0,2,10,10,0.034362382280885964,0.005295484632811398,0.027448813283462926,0.04504447599595907,100.0,0.0,100.0,100.0,30,0,0
1345,8.5,0.05,0,4,10,10,0.09145632870946377,0.02362585320060573,0.05199911023684354,0.13729079452396023,100.0,0.0,100.0,100.0,30,0,0
1346,8.5,0.05,50,2,10,10,0.042517536543068175,0.006973514169174076,0.034060763089738905,0.053947234986681775,100.0,0.0,100.0,100.0,30,0,0
1347,8.5,0.05,50,4,10,10,0.09021800474978761,0.020304615812469444,0.056780194264508865,0.12629301082786673,100.0,0.0,100.0,100.0,30,0,0
1348,8.5,0.05,100,2,10,10,0.05395381103031337,0.009384101627842662,0.041566458957807834,0.07318159203333933,100.0,0.0,100.0,100.0,30,0,0
1349,8.5,0.05,100,4,10,10,0.09322419907793282,0.021369766133813934,0.05827795517708683,0.1203425929743206,100.0,0.0,100.0,100.0,30,0,0
1350,8.5,0.05,150,2,10,10,0.07130113618805936,0.012661656230372857,0.055686519094228705,0.09847456764042194,100.0,0.0,100.0,100.0,30,0,0
1351,8.5,0.05,150,4,10,10,0.10288407616816578,0.0202558056903539,0.06433395061448102,0.12914235944901753,100.0,0.0,100.0,100.0,30,0,0
1352,8.5,0.05,200,2,10,10,0.08922607989476414,0.017664204581698886,0.06342695899307514,0.12842676309428844,100.0,0.0,100.0,100.0,30,0,0
1353,8.5,0.05,200,4,10,10,0.11021042457331875,0.020818078859147347,0.07723065300704914,0.13337112060577327,100.0,0.0,100.0,100.0,30,0,0
1354,8.5,0.05,250,2,10,10,0.10982739256763396,0.01736724542130189,0.08626050592629075,0.15363453668922275,100.0,0.0,100.0,100.0,30,0,0
1355,8.5,0.05,250,4,10,10,0.12217435606520821,0.021474522322997507,0.08743391031139403,0.14935964977558766,100.0,0.0,100.0,100.0,30,0,0
1356,8.5,0.06,0,2,10,10,0.03236941674218358,0.003709468186291711,0.027414277102104753,0.0402920933567785,100.0,0.0,100.0,100.0,30,0,0
1357,8.5,0.06,0,4,10,10,0.09756048068175946,0.022997824218128467,0.05888821378415915,0.14153317226602544,100.0,0.0,100.0,100.0,30,0,0
1358,8.5,0.06,50,2,10,10,0.044134694466777015,0.006739132565331037,0.03505058612170071,0.058656844995661206,100.0,0.0,100.0,100.0,30,0,0
1359,8.5,0.06,50,4,10,10,0.09527392118381835,0.01884363026708469,0.05862800276965872,0.1188103420164129,100.0,0.0,100.0,100.0,30,0,0
1360,8.5,0.06,100,2,10,10,0.058774947725438356,0.007427403650874951,0.04925710234263253,0.07318117342544143,100.0,0.0,100.0,100.0,30,0,0
1361,8.5,0.06,100,4,10,10,0.09589704317456885,0.021056129670548575,0.057874455415342134,0.12376947692677924,100.0,0.0,100.0,100.0,30,0,0
1362,8.5,0.06,150,2,10,10,0.07334261667840236,0.015669845671714724,0.053042620567820935,0.10909460255335801,100.0,0.0,100.0,100.0,30,0,0
1363,8.5,0.06,150,4,10,10,0.10456420924823406,0.02094100723180374,0.07026459746185622,0.13592064290503122,100.0,0.0,100.0,100.0,30,0,0
1364,8.5,0.06,200,2,10,10,0.09462788933743953,0.01740278161036037,0.07351262608283055,0.1334820612254781,100.0,0.0,100.0,100.0,30,0,0
1365,8.5,0.06,200,4,10,10,0.11713140029991424,0.02049311047210668,0.08329765423090701,0.13817254404447177,100.0,0.0,100.0,100.0,30,0,0
1366,8.5,0.06,250,2,10,10,0.11177944129349729,0.022342585504136377,0.08657548621450846,0.16910861996042761,100.0,0.0,100.0,100.0,30,0,0
1367,8.5,0.06,250,4,10,10,0.1261941601776018,0.02103312823056641,0.08581193927413934,0.15813693597300102,100.0,0.0,100.0,100.0,30,0,0
1368,8.5,0.07,0,2,10,10,0.033033648678055215,0.003816841144501378,0.027589335801249965,0.03965957080056436,100.0,0.0,100.0,100.0,30,0,0
1369,8.5,0.07,0,4,10,10,0.09904075028735362,0.021430162095738586,0.06490238128678341,0.13831051794418212,100.0,0.0,100.0,100.0,30,0,0
1370,8.5,0.07,50,2,10,10,0.04227866417077136,0.0068459004997785105,0.031075695409900822,0.05688883502817251,100.0,0.0,100.0,100.0,30,0,0
1371,8.5,0.07,50,4,10,10,0.0987012941088373,0.023645588215552432,0.05800945112121331,0.13636407465373626,100.0,0.0,100.0,100.0,30,0,0
1372,8.5,0.07,100,2,10,10,0.05943714852664879,0.013578686215688232,0.03755384895850752,0.08730945354949339,100.0,0.0,100.0,100.0,30,0,0
1373,8.5,0.07,100,4,10,10,0.1031114571094994,0.02047206863458344,0.06708281964246722,0.12912287633034536,100.0,0.0,100.0,100.0,30,0,0
1374,8.5,0.07,150,2,10,10,0.07900088636101199,0.01327810772997366,0.06865571439740027,0.11200058817139942,100.0,0.0,100.0,100.0,30,0,0
1375,8.5,0.07,150,4,10,10,0.10816878965895885,0.021256137030961957,0.07569304032161206,0.13152933626887084,100.0,0.0,100.0,100.0,30,0,0
1376,8.5,0.07,200,2,10,10,0.09900909802552454,0.02042785973528859,0.07530682002267802,0.15144911318560364,100.0,0.0,100.0,100.0,30,0,0
1377,8.5,0.07,200,4,10,10,0.12023731334324654,0.02333170085568028,0.07979607229660927,0.14767211013615852,100.0,0.0,100.0,100.0,30,0,0
1378,8.5,0.07,250,2,10,10,0.11582766243741487,0.01930600154042072,0.09391492467104763,0.16499259761960208,100.0,0.0,100.0,100.0,30,0,0
1379,8.5,0.07,250,4,10,10,0.13027643717160237,0.019820191599828705,0.09096783574042265,0.15345686435423533,100.0,0.0,100.0,100.0,30,0,0
1380,8.5,0.08,0,2,10,10,0.03360849728349916,0.004750002010893169,0.02700789632163658,0.041280247572692684,100.0,0.0,100.0,100.0,30,0,0
1381,8.5,0.08,0,4,10,10,0.10572421520228618,0.025530618245328273,0.0640986862482051,0.15271492992570523,100.0,0.0,100.0,100.0,30,0,0
1382,8.5,0.08,50,2,10,10,0.042301422247317665,0.00885434962135626,0.031983794372122336,0.06212461208670331,100.0,0.0,100.0,100.0,30,0,0
1383,8.5,0.08,50,4,10,10,0.1053800380592482,0.02207607908393756,0.0736366891578647,0.1434091278140586,100.0,0.0,100.0,100.0,30,0,0
1384,8.5,0.08,100,2,10,10,0.059703264033974655,0.01248927506837456,0.04174234074962272,0.08853420590648597,100.0,0.0,100.0,100.0,30,0,0
1385,8.5,0.08,100,4,10,10,0.10718960482908264,0.019720751176603404,0.07075601887408718,0.13202825989749076,100.0,0.0,100.0,100.0,30,0,0
1386,8.5,0.08,150,2,10,10,0.07986563296794355,0.014495470896474297,0.055000384474645315,0.11182340713812587,100.0,0.0,100.0,100.0,30,0,0
1387,8.5,0.08,150,4,10,10,0.11312898229126338,0.019934834621139937,0.07762670480798224,0.13235912293490912,100.0,0.0,100.0,100.0,30,0,0
1388,8.5,0.08,200,2,10,10,0.1043354605231626,0.023706625506968098,0.06945608690284673,0.15814756067279492,100.0,0.0,100.0,100.0,30,0,0
1389,8.5,0.08,200,4,10,10,0.1213483109797534,0.0208856850239494,0.07944376410125513,0.14399965032532253,100.0,0.0,100.0,100.0,30,0,0
1390,8.5,0.08,250,2,10,10,0.12190385280176577,0.02095230943028268,0.09187907525883604,0.17033367696997867,100.0,0.0,100.0,100.0,30,0,0
1391,8.5,0.08,250,4,10,10,0.13463992667474303,0.02311894312015498,0.09227535748465009,0.16131350337497263,100.0,0.0,100.0,100.0,30,0,0
1392,8.5,0.09,0,2,10,10,0.031164058604058253,0.0032542999543725176,0.0242099666432041,0.03536412700242308,100.0,0.0,100.0,100.0,30,0,0
1393,8.5,0.09,0,4,10,10,0.11089962910752815,0.024188762450090797,0.06898962465848767,0.14947375133664542,100.0,0.0,100.0,100.0,30,0,0
1394,8.5,0.09,50,2,10,10,0.040282761883612364,0.0073760348196922,0.03073195570783616,0.05478193308922965,100.0,0.0,100.0,100.0,30,0,0
1395,8.5,0.09,50,4,10,10,0.1093198342523983,0.02211375555041753,0.07209243261022867,0.1427619065519021,100.0,0.0,100.0,100.0,30,0,0
1396,8.5,0.09,100,2,10,10,0.06136330949445681,0.013310175993107944,0.044015072859523295,0.08893512535596727,100.0,0.0,100.0,100.0,30,0,0
1397,8.5,0.09,100,4,10,10,0.11222012261766501,0.02314458314875839,0.07273583388431633,0.14315442594840141,100.0,0.0,100.0,100.0,30,0,0
1398,8.5,0.09,150,2,10,10,0.08296730380398845,0.016177319672137213,0.05623639567338173,0.11498361103269157,100.0,0.0,100.0,100.0,30,0,0
1399,8.5,0.09,150,4,10,10,0.1199418654952485,0.020760324173231735,0.08552325617420431,0.1471146448870642,100.0,0.0,100.0,100.0,30,0,0
1400,8.5,0.09,200,2,10,10,0.10714833334389025,0.02080426236477473,0.07709766827382576,0.15308953846467058,100.0,0.0,100.0,100.0,30,0,0
1401,8.5,0.09,200,4,10,10,0.12876447428586127,0.020841703180976535,0.09062548177861159,0.1520732911379274,100.0,0.0,100.0,100.0,30,0,0
1402,8.5,0.09,250,2,10,10,0.12891622086878884,0.024858412004220284,0.10310724856844537,0.19207398905660714,100.0,0.0,100.0,100.0,30,0,0
1403,8.5,0.09,250,4,10,10,0.14319227581709493,0.02600959165740899,0.09306976698635318,0.17631322239947136,100.0,0.0,100.0,100.0,30,0,0
1404,8.5,0.1,0,2,10,10,0.0327326617033827,0.007378113581297418,0.023772051099575458,0.0459005212089236,100.0,0.0,100.0,100.0,30,0,0
1405,8.5,0.1,0,4,10,10,0.11581236075263654,0.021853221786657006,0.08303601585272324,0.15028050072488114,100.0,0.0,100.0,100.0,30,0,0
1406,8.5,0.1,50,2,10,10,0.043627623288320365,0.006332603599161564,0.03342519133436961,0.05387059299239965,100.0,0.0,100.0,100.0,30,0,0
1407,8.5,0.1,50,4,10,10,0.11737269886637969,0.024423046354514213,0.07915880690548353,0.15964593442763939,100.0,0.0,100.0,100.0,30,0,0
1408,8.5,0.1,100,2,10,10,0.06404278993594599,0.013405181764321384,0.04380524308051314,0.09033565584549046,100.0,0.0,100.0,100.0,30,0,0
1409,8.5,0.1,100,4,10,10,0.11700302361819377,0.02110910125649129,0.08216176343658667,0.14057987585403267,100.0,0.0,100.0,100.0,30,0,0
1410,8.5,0.1,150,2,10,10,0.08887566175542663,0.013863251863292233,0.06769301253275188,0.11995405050597631,100.0,0.0,100.0,100.0,30,0,0
1411,8.5,0.1,150,4,10,10,0.12511204263399905,0.022202110456252963,0.09313122842689912,0.1496457417306515,100.0,0.0,100.0,100.0,30,0,0
1412,8.5,0.1,200,2,10,10,0.11273323282403111,0.023440234722825158,0.07926399061618504,0.16217839105730344,100.0,0.0,100.0,100.0,30,0,0
1413,8.5,0.1,200,4,10,10,0.13438541931857156,0.022107037305419203,0.09615822165105069,0.16366259747620115,100.0,0.0,100.0,100.0,30,0,0
1414,8.5,0.1,250,2,10,10,0.13626164302435184,0.026130626584951744,0.09538056354380176,0.19662870273570696,100.0,0.0,100.0,100.0,30,0,0
1415,8.5,0.1,250,4,10,10,0.14493117335764297,0.023938338261084713,0.09963223330151527,0.17848213394435752,100.0,0.0,100.0,100.0,30,0,0
1416,8.5,0.11,0,2,10,10,0.03333101777311,0.006001234297815103,0.02504491105240454,0.04309761295028872,100.0,0.0,100.0,100.0,30,0,0
1417,8.5,0.11,0,4,10,10,0.12257807884100413,0.02724084416820838,0.07761150801060453,0.17061281699150355,100.0,0.0,100.0,100.0,30,0,0
1418,8.5,0.11,50,2,10,10,0.045461959965311154,0.01159159167237469,0.029101615286780513,0.06266123921283036,100.0,0.0,100.0,100.0,30,0,0
1419,8.5,0.11,50,4,10,10,0.12128587867666504,0.024556065767284224,0.07929302722095925,0.15844499909184212,100.0,0.0,100.0,100.0,30,0,0
1420,8.5,0.11,100,2,10,10,0.0686906115059411,0.009762995526031264,0.060052422319573494,0.0947821657257828,100.0,0.0,100.0,100.0,30,0,0
1421,8.5,0.11,100,4,10,10,0.12388881732334393,0.023677118991865174,0.08440375736850413,0.1638648839955784,100.0,0.0,100.0,100.0,30,0,0
1422,8.5,0.11,150,2,10,10,0.09329961514250915,0.01933538697777368,0.0637746152161005,0.13612180778405883,100.0,0.0,100.0,100.0,30,0,0
1423,8.5,0.11,150,4,10,10,0.1301699621576124,0.02242328062564388,0.09313611169342796,0.14901283379212257,100.0,0.0,100.0,100.0,30,0,0
1424,8.5,0.11,200,2,10,10,0.11860235117138247,0.025808061186773135,0.0869904856316772,0.1795613938718885,100.0,0.0,100.0,100.0,30,0,0
1425,8.5,0.11,200,4,10,10,0.1384174320231681,0.02232420332153938,0.1002680456213408,0.16264665630308986,100.0,0.0,100.0,100.0,30,0,0
1426,8.5,0.11,250,2,10,10,0.1449101329577533,0.028171424231191292,0.11041190968668395,0.21360196972460985,100.0,0.0,100.0,100.0,30,0,0
1427,8.5,0.11,250,4,10,10,0.15181594409064464,0.024520232294134126,0.10017171444237137,0.17887434330671223,100.0,0.0,100.0,100.0,30,0,0
1428,8.5,0.12,0,2,10,10,0.03419235837528007,0.0035267220779001433,0.028264439460559985,0.04079563622389585,100.0,0.0,100.0,100.0,30,0,0
1429,8.5,0.12,0,4,10,10,0.13304845188094702,0.025321262943670552,0.09343212849183269,0.17602585616128374,100.0,0.0,100.0,100.0,30,0,0
1430,8.5,0.12,50,2,10,10,0.04691863643256661,0.0072941337797803795,0.03700169488591113,0.05873966038695535,100.0,0.0,100.0,100.0,30,0,0
1431,8.5,0.12,50,4,10,10,0.12902155042284466,0.025775217096533385,0.09069058141509974,0.17719626897282006,100.0,0.0,100.0,100.0,30,0,0
1432,8.5,0.12,100,2,10,10,0.07213794210304822,0.01387966246498775,0.05666585597003968,0.10286354100658102,100.0,0.0,100.0,100.0,30,0,0
1433,8.5,0.12,100,4,10,10,0.12954083828995794,0.026637735508547113,0.09060466621943687,0.17706051935835107,100.0,0.0,100.0,100.0,30,0,0
1434,8.5,0.12,150,2,10,10,0.09510622323392671,0.018941067799637012,0.07258303630060316,0.14122586285185587,100.0,0.0,100.0,100.0,30,0,0
1435,8.5,0.12,150,4,10,10,0.13782372646335217,0.021743333692302247,0.10407667711017089,0.1652446049702528,100.0,0.0,100.0,100.0,30,0,0
1436,8.5,0.12,200,2,10,10,0.12449581793977567,0.023814028981785595,0.10209952594865913,0.18440523209983975,100.0,0.0,100.0,100.0,30,0,0
1437,8.5,0.12,200,4,10,10,0.14529436031437262,0.02288639612194198,0.10289959242194124,0.17113376228371166,100.0,0.0,100.0,100.0,30,0,0
1438,8.5,0.12,250,2,10,10,0.15299423028956638,0.022520411994788398,0.11624669463376876,0.20490402227126744,100.0,0.0,100.0,100.0,30,0,0
1439,8.5,0.12,250,4,10,10,0.15942692954895513,0.026737532191751706,0.10616857330861351,0.19208105073063997,100.0,0.0,100.0,100.0,30,0,0
1440,8.5,0.13,0,2,10,10,0.03338962527415852,0.004878776986994595,0.027146213142511044,0.04161032131785375,100.0,0.0,100.0,100.0,30,0,0
1441,8.5,0.13,0,4,10,10,0.1417078047873817,0.02604728334782152,0.1052799369174357,0.18990341227750787,100.0,0.0,100.0,100.0,30,0,0
1442,8.5,0.13,50,2,10,10,0.04479031765432799,0.009756195316390433,0.0311263914712701,0.0628991301963991,100.0,0.0,100.0,100.0,30,0,0
1443,8.5,0.13,50,4,10,10,0.13824907821111793,0.024534797173536207,0.09835589697728343,0.1727085138327685,100.0,0.0,100.0,100.0,30,0,0
1444,8.5,0.13,100,2,10,10,0.07317897217262517,0.012713671450779786,0.062493713443629105,0.10077570657570624,100.0,0.0,100.0,100.0,30,0,0
1445,8.5,0.13,100,4,10,10,0.14019372727104654,0.02590930157541904,0.09224106764836877,0.1676899920831432,100.0,0.0,100.0,100.0,30,0,0
1446,8.5,0.13,150,2,10,10,0.1027410817655946,0.01749619816561385,0.07852760280466957,0.14198931022673458,100.0,0.0,100.0,100.0,30,0,0
1447,8.5,0.13,150,4,10,10,0.14366646510167963,0.024328084848177813,0.10562938375656405,0.17534402515839656,100.0,0.0,100.0,100.0,30,0,0
1448,8.5,0.13,200,2,10,10,0.1324091475856936,0.025548721327264826,0.10547506212371728,0.19792339857200214,100.0,0.0,100.0,100.0,30,0,0
1449,8.5,0.13,200,4,10,10,0.15423922598809892,0.02518572576748676,0.11027164409948322,0.18243274770497311,100.0,0.0,100.0,100.0,30,0,0
1450,8.5,0.13,250,2,10,10,0.16452474349302754,0.02736051784396795,0.11936772401402383,0.22478402096599562,100.0,0.0,100.0,100.0,30,0,0
1451,8.5,0.13,250,4,10,10,0.1644143109736016,0.02550024365890809,0.11047221768900324,0.1925982490314764,100.0,0.0,100.0,100.0,30,0,0
1452,8.5,0.14,0,2,10,10,0.033559276556585436,0.005482488507563737,0.027536188398411394,0.04367125047024698,100.0,0.0,100.0,100.0,30,0,0
1453,8.5,0.14,0,4,10,10,0.1548005202199039,0.02666060495633023,0.11355839818269604,0.20124771642651054,100.0,0.0,100.0,100.0,30,0,0
1454,8.5,0.14,50,2,10,10,0.05015926471728573,0.008688481868306397,0.03358151406884973,0.0631164278921597,100.0,0.0,100.0,100.0,30,0,0
1455,8.5,0.14,50,4,10,10,0.14932448033912854,0.025402973801125512,0.1046552897223778,0.1902368526360301,100.0,0.0,100.0,100.0,30,0,0
1456,8.5,0.14,100,2,10,10,0.07645232111219212,0.014546475599735532,0.05875048550296335,0.10937891540011718,100.0,0.0,100.0,100.0,30,0,0
1457,8.5,0.14,100,4,10,10,0.1508688326770958,0.024215801001787798,0.11189523651998622,0.18767302629480487,100.0,0.0,100.0,100.0,30,0,0
1458,8.5,0.14,150,2,10,10,0.10694052684446646,0.021251817794455695,0.07903201244203768,0.1576357911398743,100.0,0.0,100.0,100.0,30,0,0
1459,8.5,0.14,150,4,10,10,0.15494769801539035,0.027567480078710956,0.10682770418232727,0.18209371898333415,100.0,0.0,100.0,100.0,30,0,0
1460,8.5,0.14,200,2,10,10,0.13955125833677956,0.025317279455969805,0.10865892237586298,0.20156232721703402,100.0,0.0,100.0,100.0,30,0,0
1461,8.5,0.14,200,4,10,10,0.16289748096563567,0.02740018821681048,0.10994949585039691,0.1894300430319881,100.0,0.0,100.0,100.0,30,0,0
1462,8.5,0.14,250,2,10,10,0.1743615907651008,0.02908881342492526,0.1417005307140979,0.24384299037360035,100.0,0.0,100.0,100.0,30,0,0
1463,8.5,0.14,250,4,10,10,0.17332100773045192,0.0294412596823908,0.11493087366563136,0.20940884046837102,100.0,0.0,100.0,100.0,30,0,0
1464,8.5,0.15,0,2,10,10,0.033133691369269455,0.003955117276741236,0.026884043544284853,0.039486777841219185,100.0,0.0,100.0,100.0,30,0,0
1465,8.5,0.15,0,4,10,10,0.1622964728027074,0.028276348346552748,0.11607351041261588,0.21100353980220246,100.0,0.0,100.0,100.0,30,0,0
1466,8.5,0.15,50,2,10,10,0.050956772791555624,0.010653894964465142,0.039540855807512154,0.07444959951304131,100.0,0.0,100.0,100.0,30,0,0
1467,8.5,0.15,50,4,10,10,0.1604725012845297,0.026388934794084166,0.12134932195693167,0.20180591159565298,100.0,0.0,100.0,100.0,30,0,0
1468,8.5,0.15,100,2,10,10,0.08291382402153558,0.016328515299085626,0.061798765312887194,0.11909940650186064,100.0,0.0,100.0,100.0,30,0,0
1469,8.5,0.15,100,4,10,10,0.15999067185245078,0.02563404842705444,0.11797562247091686,0.1908456675590768,100.0,0.0,100.0,100.0,30,0,0
1470,8.5,0.15,150,2,10,10,0.11528230808080646,0.025128029340499944,0.0818731572353693,0.17425200845640432,100.0,0.0,100.0,100.0,30,0,0
1471,8.5,0.15,150,4,10,10,0.16509869157240764,0.026834709711994194,0.12716675822781262,0.2023765022101149,100.0,0.0,100.0,100.0,30,0,0
1472,8.5,0.15,200,2,10,10,0.14848618448995038,0.026626009032151513,0.11220740288670712,0.21009083810508897,100.0,0.0,100.0,100.0,30,0,0
1473,8.5,0.15,200,4,10,10,0.17273158628318194,0.02901521435282704,0.1186291671374038,0.19833487774323924,100.0,0.0,100.0,100.0,30,0,0
1474,8.5,0.15,250,2,10,10,0.18324565758310904,0.028433995278450037,0.15536443813821413,0.253618695146231,100.0,0.0,100.0,100.0,30,0,0
1475,8.5,0.15,250,4,10,10,0.18660053182861366,0.03249330234957042,0.12248795411060436,0.22247950579014505,100.0,0.0,100.0,100.0,30,0,0
1476,8.5,0.16,0,2,10,10,0.03629167445509487,0.005187689026963085,0.029006276583259754,0.04387091036567986,100.0,0.0,100.0,100.0,30,0,0
1477,8.5,0.16,0,4,10,10,0.1744408085317463,0.02694340709030571,0.1339950672638586,0.21224856325438238,100.0,0.0,100.0,100.0,30,0,0
1478,8.5,0.16,50,2,10,10,0.05628564786812503,0.008432928612040945,0.04683275008939719,0.07497369633357269,100.0,0.0,100.0,100.0,30,0,0
1479,8.5,0.16,50,4,10,10,0.1686387128903094,0.025470543642714536,0.127734599838233,0.19850426975607458,100.0,0.0,100.0,100.0,30,0,0
1480,8.5,0.16,100,2,10,10,0.08878633752518539,0.01944183805885024,0.06564766049128194,0.1358377101345819,100.0,0.0,100.0,100.0,30,0,0
1481,8.5,0.16,100,4,10,10,0.170838385166238,0.02560362851068642,0.12824780595464455,0.20903284386650633,100.0,0.0,100.0,100.0,30,0,0
1482,8.5,0.16,150,2,10,10,0.12231297114064872,0.02493862999891897,0.08436456214279797,0.17861592561205872,100.0,0.0,100.0,100.0,30,0,0
1483,8.5,0.16,150,4,10,10,0.17560989100418758,0.02651278450652292,0.13552274719537025,0.20619927736563026,100.0,0.0,100.0,100.0,30,0,0
1484,8.5,0.16,200,2,10,10,0.15849200532717297,0.02563363407718582,0.12450589488499386,0.21541735014781016,100.0,0.0,100.0,100.0,30,0,0
1485,8.5,0.16,200,4,10,10,0.1809317645675764,0.026086644326432932,0.14160841139720076,0.20875364583640746,100.0,0.0,100.0,100.0,30,0,0
1486,8.5,0.16,250,2,10,10,0.19796908229367252,0.033140456970819666,0.15023570423225663,0.27894944654007486,100.0,0.0,100.0,100.0,30,0,0
1487,8.5,0.16,250,4,10,10,0.19309474987082997,0.03241461579918793,0.13700641018007323,0.22910612110074838,100.0,0.0,100.0,100.0,30,0,0
1488,8.5,0.17,0,2,10,10,0.03629392632730356,0.005523717830548258,0.027029989613598444,0.042963830956949174,100.0,0.0,100.0,100.0,30,0,0
1489,8.5,0.17,0,4,10,10,0.18935979711324918,0.033283899334301786,0.14446813792494254,0.24572453569125652,100.0,0.0,100.0,100.0,30,0,0
1490,8.5,0.17,50,2,10,10,0.05882698618094989,0.015895632880319012,0.032730608448174006,0.09620497524209326,100.0,0.0,100.0,100.0,30,0,0
1491,8.5,0.17,50,4,10,10,0.18431283169048487,0.03116636273100396,0.13678245573217043,0.23606467019916325,100.0,0.0,100.0,100.0,30,0,0
1492,8.5,0.17,100,2,10,10,0.09472124202140997,0.01969234769185457,0.07290203245291875,0.14209607313101966,100.0,0.0,100.0,100.0,30,0,0
1493,8.5,0.17,100,4,10,10,0.18543225069445385,0.027745991229079496,0.13979886491509552,0.21590252353999725,100.0,0.0,100.0,100.0,30,0,0
1494,8.5,0.17,150,2,10,10,0.13180772038762095,0.028542569487649005,0.09439457282487136,0.19837720695714448,100.0,0.0,100.0,100.0,30,0,0
1495,8.5,0.17,150,4,10,10,0.18654684410013095,0.029228898344304092,0.14413238566856998,0.2266099059303012,100.0,0.0,100.0,100.0,30,0,0
1496,8.5,0.17,200,2,10,10,0.17087385530013705,0.0328804792372423,0.1319843412760072,0.2521092521073918,100.0,0.0,100.0,100.0,30,0,0
1497,8.5,0.17,200,4,10,10,0.1924437838698278,0.027785797472371743,0.14751548702933978,0.22090178441923872,100.0,0.0,100.0,100.0,30,0,0
1498,8.5,0.17,250,2,10,10,0.21060323666740238,0.03570512505638402,0.17058659964965095,0.3029172468799138,100.0,0.0,100.0,100.0,30,0,0
1499,8.5,0.17,250,4,10,10,0.20282956819592196,0.03250726097486047,0.14422747211926693,0.23388078745242966,100.0,0.0,100.0,100.0,30,0,0
1500,8.5,0.18,0,2,10,10,0.03650048393470552,0.0069883304673433785,0.028249032613392983,0.04723114957175614,100.0,0.0,100.0,100.0,30,0,0
1501,8.5,0.18,0,4,10,10,0.20387042295143143,0.028531964268631547,0.16640341153508184,0.2472460383773429,100.0,0.0,100.0,100.0,30,0,0
1502,8.5,0.18,50,2,10,10,0.06254863998963552,0.012464531052186858,0.04337545289540531,0.08735946014582341,100.0,0.0,100.0,100.0,30,0,0
1503,8.5,0.18,50,4,10,10,0.19683827087125716,0.031711170013106034,0.15079689885263134,0.24319861134984075,100.0,0.0,100.0,100.0,30,0,0
1504,8.5,0.18,100,2,10,10,0.10089653999740096,0.02172494662876119,0.07481095218331008,0.15038538162095552,100.0,0.0,100.0,100.0,30,0,0
1505,8.5,0.18,100,4,10,10,0.1960986530323109,0.027496352926808604,0.15497488226292747,0.22694455529532254,100.0,0.0,100.0,100.0,30,0,0
1506,8.5,0.18,150,2,10,10,0.13983347730883375,0.030693059297502413,0.1030198939584267,0.2106395677707199,100.0,0.0,100.0,100.0,30,0,0
1507,8.5,0.18,150,4,10,10,0.199171152376572,0.030068197570476296,0.16228221587731453,0.23464990848014697,100.0,0.0,100.0,100.0,30,0,0
1508,8.5,0.18,200,2,10,10,0.18230588135150777,0.033881045779428784,0.14078569212105338,0.2608450515223806,100.0,0.0,100.0,100.0,30,0,0
1509,8.5,0.18,200,4,10,10,0.20446267704636814,0.03211105508722478,0.15666707985392084,0.2412915208964843,100.0,0.0,100.0,100.0,30,0,0
1510,8.5,0.18,250,2,10,10,0.22507626690033672,0.04186513490858447,0.17263675039636595,0.3302884028141944,100.0,0.0,100.0,100.0,30,0,0
1511,8.5,0.18,250,4,10,10,0.21480876146109168,0.032895384901529275,0.15563931491611557,0.25402828254130366,100.0,0.0,100.0,100.0,30,0,0
1512,8.5,0.19,0,2,10,10,0.04205165070138693,0.007101086355490444,0.031673783051153946,0.054531748060179124,100.0,0.0,100.0,100.0,30,0,0
1513,8.5,0.19,0,4,10,10,0.21654461644592335,0.029402444570358188,0.18095656709230265,0.2611648311358506,100.0,0.0,100.0,100.0,30,0,0
1514,8.5,0.19,50,2,10,10,0.06774648198106159,0.01670513918440532,0.04915500744433924,0.10720157750515795,100.0,0.0,100.0,100.0,30,0,0
1515,8.5,0.19,50,4,10,10,0.212959595508125,0.03077381365539774,0.1696603771987474,0.25403810270766053,100.0,0.0,100.0,100.0,30,0,0
1516,8.5,0.19,100,2,10,10,0.1058023875454428,0.02331417993457362,0.07628125177197843,0.15748940661016222,100.0,0.0,100.0,100.0,30,0,0
1517,8.5,0.19,100,4,10,10,0.20869799892573396,0.0293156775353449,0.16376262395509258,0.24243661180313203,100.0,0.0,100.0,100.0,30,0,0
1518,8.5,0.19,150,2,10,10,0.14995847514723556,0.029485415112990666,0.11980298349993468,0.22547613698652588,100.0,0.0,100.0,100.0,30,0,0
1519,8.5,0.19,150,4,10,10,0.2136955730053114,0.03065709044839713,0.1700864262738877,0.25074318186000394,100.0,0.0,100.0,100.0,30,0,0
1520,8.5,0.19,200,2,10,10,0.1953370821120897,0.03675730108719794,0.1557921373038891,0.2873887782229158,100.0,0.0,100.0,100.0,30,0,0
1521,8.5,0.19,200,4,10,10,0.21803766585148487,0.03342385161926463,0.1661195576596265,0.25899189800033606,100.0,0.0,100.0,100.0,30,0,0
1522,8.5,0.19,250,2,10,10,0.24169355113626714,0.04290578848169802,0.1847722249447391,0.34581478196345583,100.0,0.0,100.0,100.0,30,0,0
1523,8.5,0.19,250,4,10,10,0.22629205697102223,0.033594545275294374,0.16256641577337005,0.2666701816798192,100.0,0.0,100.0,100.0,30,0,0
1524,8.5,0.2,0,2,10,10,0.04914171524757416,0.011001919091193692,0.035002933801343825,0.06665740068514932,100.0,0.0,100.0,100.0,30,0,0
1525,8.5,0.2,0,4,10,10,0.23644863052230733,0.03757289785396934,0.1887119066391283,0.29840385999922675,100.0,0.0,100.0,100.0,30,0,0
1526,8.5,0.2,50,2,10,10,0.07109001860203208,0.018940344462614413,0.042467594201403114,0.11084279353484772,100.0,0.0,100.0,100.0,30,0,0
1527,8.5,0.2,50,4,10,10,0.2322462657670023,0.03390498223520942,0.18221099128952412,0.28300535353679873,100.0,0.0,100.0,100.0,30,0,0
1528,8.5,0.2,100,2,10,10,0.11421784881082701,0.025879981016625805,0.08109054784427877,0.1706244912149295,100.0,0.0,100.0,100.0,30,0,0
1529,8.5,0.2,100,4,10,10,0.22571058189002086,0.03382538432606685,0.17539740885334135,0.2728856038013781,100.0,0.0,100.0,100.0,30,0,0
1530,8.5,0.2,150,2,10,10,0.1605062011892494,0.03173542335394551,0.12152306163932418,0.23548790832073674,100.0,0.0,100.0,100.0,30,0,0
1531,8.5,0.2,150,4,10,10,0.2277880113623937,0.03219498194910115,0.18054366516723105,0.266693531125042,100.0,0.0,100.0,100.0,30,0,0
1532,8.5,0.2,200,2,10,10,0.20871662308239497,0.03973363214656082,0.1642592086814514,0.3065255521313078,100.0,0.0,100.0,100.0,30,0,0
1533,8.5,0.2,200,4,10,10,0.23154926446496232,0.0334678244803645,0.18495910558041695,0.26706786728652826,100.0,0.0,100.0,100.0,30,0,0
1534,8.5,0.2,250,2,10,10,0.2546140330513743,0.04253215241260706,0.18988193803146491,0.35391410295724457,100.0,0.0,100.0,100.0,30,0,0
1535,8.5,0.2,250,4,10,10,0.24252713191059794,0.034900767818444575,0.18765137638200624,0.2813230242251943,100.0,0.0,100.0,100.0,30,0,0
1536,9.0,0.05,0,2,10,10,0.03502719569501641,0.005588409469571053,0.02662028635320826,0.04634545048707203,100.0,0.0,100.0,100.0,30,0,0
1537,9.0,0.05,0,4,10,10,0.06263356783002266,0.016183085567740417,0.039825725904359593,0.08951993497474016,100.0,0.0,100.0,100.0,30,0,0
1538,9.0,0.05,50,2,10,10,0.04338349093316251,0.004307882684855388,0.037910944736788715,0.05033297247241464,100.0,0.0,100.0,100.0,30,0,0
1539,9.0,0.05,50,4,10,10,0.07087032528791735,0.0131681333372137,0.05370696592449641,0.09491548895528516,100.0,0.0,100.0,100.0,30,0,0
1540,9.0,0.05,100,2,10,10,0.05898790967581837,0.011286267101540392,0.04851363218495164,0.08306283190069656,100.0,0.0,100.0,100.0,30,0,0
1541,9.0,0.05,100,4,10,10,0.0811548206091222,0.012398921622586552,0.06571145217928077,0.0991873159744368,100.0,0.0,100.0,100.0,30,0,0
1542,9.0,0.05,150,2,10,10,0.07446333147117853,0.014277397982314251,0.0570630267719929,0.10585649465820424,100.0,0.0,100.0,100.0,30,0,0
1543,9.0,0.05,150,4,10,10,0.0986581570504591,0.023060838328803002,0.06426072200631687,0.1441599613354563,100.0,0.0,100.0,100.0,30,0,0
1544,9.0,0.05,200,2,10,10,0.09266447837357662,0.015189290181913988,0.07128175682797468,0.12468648396908237,100.0,0.0,100.0,100.0,30,0,0
1545,9.0,0.05,200,4,10,10,0.11540335074023253,0.027393496744861367,0.07700587146290604,0.16575810945355648,100.0,0.0,100.0,100.0,30,0,0
1546,9.0,0.05,250,2,10,10,0.1170637139161049,0.021813821695433167,0.08398783019812617,0.15998452877402797,100.0,0.0,100.0,100.0,30,0,0
1547,9.0,0.05,250,4,10,10,0.13474244488894344,0.030541977609034866,0.08407429691161543,0.18736010285911583,100.0,0.0,100.0,100.0,30,0,0
1548,9.0,0.06,0,2,10,10,0.03436683067606962,0.0027940597866569143,0.02982877389122729,0.03747805241133336,100.0,0.0,100.0,100.0,30,0,0
1549,9.0,0.06,0,4,10,10,0.06226012748899253,0.01715485294764731,0.04515473105830666,0.09592954050090602,100.0,0.0,100.0,100.0,30,0,0
1550,9.0,0.06,50,2,10,10,0.04454400152753559,0.006642483180419909,0.033295988700639996,0.05564259321941112,100.0,0.0,100.0,100.0,30,0,0
1551,9.0,0.06,50,4,10,10,0.07182270360154686,0.014689990703288767,0.05239812067923851,0.09895617679040791,100.0,0.0,100.0,100.0,30,0,0
1552,9.0,0.06,100,2,10,10,0.05631960880442277,0.00898889839933675,0.040400185685659167,0.07163977695049373,100.0,0.0,100.0,100.0,30,0,0
1553,9.0,0.06,100,4,10,10,0.08529932673414567,0.018243487056853306,0.0583125503232079,0.10991854907547198,100.0,0.0,100.0,100.0,30,0,0
1554,9.0,0.06,150,2,10,10,0.07896971792905563,0.014342005816501247,0.05458281100777825,0.11251802676542898,100.0,0.0,100.0,100.0,30,0,0
1555,9.0,0.06,150,4,10,10,0.10075344717152009,0.0186627767993262,0.07873323951900761,0.13432525144632665,100.0,0.0,100.0,100.0,30,0,0
1556,9.0,0.06,200,2,10,10,0.09822683054841773,0.016853442611399667,0.0739335382595912,0.13075246320498812,100.0,0.0,100.0,100.0,30,0,0
1557,9.0,0.06,200,4,10,10,0.12147202922491185,0.025208154464795633,0.08715221367897806,0.1710680069673207,100.0,0.0,100.0,100.0,30,0,0
1558,9.0,0.06,250,2,10,10,0.12689524234100402,0.040516531784759,0.08080377570199956,0.22206014360465096,99.33333333333334,2.1081851067789197,93.33333333333333,100.0,30,0,0
1559,9.0,0.06,250,4,10,10,0.14078775867768317,0.03035157092503784,0.0885402651277058,0.18869381770661117,100.0,0.0,100.0,100.0,30,0,0
1560,9.0,0.07,0,2,10,10,0.03543644475820644,0.005022479602556908,0.028651457361459742,0.04702793184011637,100.0,0.0,100.0,100.0,30,0,0
1561,9.0,0.07,0,4,10,10,0.0691766455072593,0.016653824464364354,0.04916299103437984,0.10344906045748851,100.0,0.0,100.0,100.0,30,0,0
1562,9.0,0.07,50,2,10,10,0.04157719028879709,0.00544222899379004,0.03556979679657043,0.051864031746256645,100.0,0.0,100.0,100.0,30,0,0
1563,9.0,0.07,50,4,10,10,0.07666849978997094,0.015025301783572783,0.057927630933646466,0.10680384144745224,100.0,0.0,100.0,100.0,30,0,0
1564,9.0,0.07,100,2,10,10,0.060031552702366306,0.010120718298854626,0.04933864820621217,0.08753687699407718,100.0,0.0,100.0,100.0,30,0,0
1565,9.0,0.07,100,4,10,10,0.08936357378387719,0.017814585436039292,0.06790595698596769,0.1159009031045876,100.0,0.0,100.0,100.0,30,0,0
1566,9.0,0.07,150,2,10,10,0.08173023143836497,0.015433726992840704,0.057764795054135266,0.11628107382602458,100.0,0.0,100.0,100.0,30,0,0
1567,9.0,0.07,150,4,10,10,0.10737884165665082,0.021769158311436342,0.07715618273133397,0.15147980796835983,100.0,0.0,100.0,100.0,30,0,0
1568,9.0,0.07,200,2,10,10,0.10264901188657613,0.01925363235028092,0.07279783961249059,0.1399887747791814,100.0,0.0,100.0,100.0,30,0,0
1569,9.0,0.07,200,4,10,10,0.1254346070309394,0.03031270076522168,0.08376878323531228,0.18173919784280615,100.0,0.0,100.0,100.0,30,0,0
1570,9.0,0.07,250,2,10,10,0.14004453582232354,0.05544851746043318,0.08227486830981977,0.2811704028337252,99.0,3.1622776601683786,90.0,100.0,30,0,0
1571,9.0,0.07,250,4,10,10,0.14567111049966397,0.03320648435993468,0.09660002456635929,0.20130413939701652,100.0,0.0,100.0,100.0,30,0,0
1572,9.0,0.08,0,2,10,10,0.033218852122529806,0.005007410833200819,0.02814251307529427,0.04467311943184943,100.0,0.0,100.0,100.0,30,0,0
1573,9.0,0.08,0,4,10,10,0.0723456840524044,0.01795678396199963,0.04618398611653699,0.0995420313681037,100.0,0.0,100.0,100.0,30,0,0
1574,9.0,0.08,50,2,10,10,0.044105264363522294,0.005956990765482136,0.036050027010163105,0.05503659007129578,100.0,0.0,100.0,100.0,30,0,0
1575,9.0,0.08,50,4,10,10,0.08240297297849422,0.014334406606720926,0.06223500088140297,0.10468563734887072,100.0,0.0,100.0,100.0,30,0,0
1576,9.0,0.08,100,2,10,10,0.0625501077432411,0.008722106451050768,0.052665090172464714,0.08419839671078788,100.0,0.0,100.0,100.0,30,0,0
1577,9.0,0.08,100,4,10,10,0.0934028689879239,0.01738432465376321,0.06853604147202845,0.11714488449215442,100.0,0.0,100.0,100.0,30,0,0
1578,9.0,0.08,150,2,10,10,0.08807796915654018,0.014680793352367584,0.07291384299838817,0.1197189402044922,100.0,0.0,100.0,100.0,30,0,0
1579,9.0,0.08,150,4,10,10,0.11155344163429096,0.026200734312861285,0.082910514029062,0.1659561657328752,100.0,0.0,100.0,100.0,30,0,0
1580,9.0,0.08,200,2,10,10,0.10692090748587739,0.021077692004134937,0.07716269454997177,0.1479283893332329,100.0,0.0,100.0,100.0,30,0,0
1581,9.0,0.08,200,4,10,10,0.129913102136135,0.027430492988888923,0.08717612303210853,0.18069348062652804,100.0,0.0,100.0,100.0,30,0,0
1582,9.0,0.08,250,2,10,10,0.1478070657800326,0.05257181969227495,0.09489176518621621,0.27928841785204955,99.0,3.1622776601683786,90.0,100.0,30,0,0
1583,9.0,0.08,250,4,10,10,0.15081506723024016,0.03312426016398684,0.0973555225399737,0.20304527664293345,100.0,0.0,100.0,100.0,30,0,0
1584,9.0,0.09,0,2,10,10,0.0316472952121268,0.003387056732824394,0.02286545860345195,0.03525404622971754,100.0,0.0,100.0,100.0,30,0,0
1585,9.0,0.09,0,4,10,10,0.07927861906434455,0.01824180217014101,0.05640434860498627,0.11382321933061208,100.0,0.0,100.0,100.0,30,0,0
1586,9.0,0.09,50,2,10,10,0.045584475812759276,0.006011567894914632,0.03461673051069877,0.05215055941135575,100.0,0.0,100.0,100.0,30,0,0
1587,9.0,0.09,50,4,10,10,0.08117246007269206,0.014986300901866147,0.061593882112483934,0.10398404680217571,100.0,0.0,100.0,100.0,30,0,0
1588,9.0,0.09,100,2,10,10,0.06635024098296888,0.007990311389966212,0.051886755827688515,0.07537814587223014,100.0,0.0,100.0,100.0,30,0,0
1589,9.0,0.09,100,4,10,10,0.0996772434901577,0.019397399305032773,0.07119024522855022,0.1283751043838823,100.0,0.0,100.0,100.0,30,0,0
1590,9.0,0.09,150,2,10,10,0.08645933061897268,0.01562251848652283,0.0654776001982199,0.11849024985818934,100.0,0.0,100.0,100.0,30,0,0
1591,9.0,0.09,150,4,10,10,0.11311176238581852,0.02304455808738698,0.08491292646501931,0.1448662776227296,100.0,0.0,100.0,100.0,30,0,0
1592,9.0,0.09,200,2,10,10,0.11161584560109923,0.01968520127064844,0.08260618672702734,0.15027007918100305,100.0,0.0,100.0,100.0,30,0,0
1593,9.0,0.09,200,4,10,10,0.13929059302066538,0.03130073421614448,0.08769825879593508,0.20010309039480376,100.0,0.0,100.0,100.0,30,0,0
1594,9.0,0.09,250,2,10,10,0.15472315530130115,0.05071825650458414,0.10127613501796691,0.27985814531909026,99.0,3.1622776601683786,90.0,100.0,30,0,0
1595,9.0,0.09,250,4,10,10,0.15791242872989858,0.035431836133927766,0.10533166409796967,0.22475630931639035,100.0,0.0,100.0,100.0,30,0,0
1596,9.0,0.1,0,2,10,10,0.034128745491000846,0.0029511562537922332,0.03000389417272629,0.040083915491251565,100.0,0.0,100.0,100.0,30,0,0
1597,9.0,0.1,0,4,10,10,0.08191710344835076,0.020988513727686873,0.05250304114996104,0.12266917948565824,100.0,0.0,100.0,100.0,30,0,0
1598,9.0,0.1,50,2,10,10,0.04679920427734354,0.007434844942755903,0.03795221196496684,0.06145355102344737,100.0,0.0,100.0,100.0,30,0,0
1599,9.0,0.1,50,4,10,10,0.09348106744337412,0.018222056063685554,0.07194958127766914,0.12379496465961293,100.0,0.0,100.0,100.0,30,0,0
1600,9.0,0.1,100,2,10,10,0.07003467866027827,0.01140870311942011,0.05647150709482262,0.09591804426622548,100.0,0.0,100.0,100.0,30,0,0
1601,9.0,0.1,100,4,10,10,0.10529349390138595,0.019296707356821683,0.0826229487544246,0.1357895087078491,100.0,0.0,100.0,100.0,30,0,0
1602,9.0,0.1,150,2,10,10,0.09445536338918252,0.01642364179146758,0.06807155301051811,0.12581214602436686,100.0,0.0,100.0,100.0,30,0,0
1603,9.0,0.1,150,4,10,10,0.12249894994170349,0.02610271852326051,0.08614358182522004,0.17142359640926533,100.0,0.0,100.0,100.0,30,0,0
1604,9.0,0.1,200,2,10,10,0.12072723567035118,0.0227372866080613,0.08167640272397103,0.1577583542826244,100.0,0.0,100.0,100.0,30,0,0
1605,9.0,0.1,200,4,10,10,0.1439327186191398,0.029650575218280257,0.10292484416530286,0.20057386624542253,100.0,0.0,100.0,100.0,30,0,0
1606,9.0,0.1,250,2,10,10,0.1617388575382089,0.05300947646181107,0.10327462692297036,0.2893871116066353,99.0,3.1622776601683786,90.0,100.0,30,0,0
1607,9.0,0.1,250,4,10,10,0.16719773484967299,0.03715002706695744,0.10466680550512075,0.23426717548227827,100.0,0.0,100.0,100.0,30,0,0
1608,9.0,0.11,0,2,10,10,0.03325572288261821,0.003922249406419581,0.026652026266141934,0.038537988232686025,100.0,0.0,100.0,100.0,30,0,0
1609,9.0,0.11,0,4,10,10,0.0928084455092589,0.01914750201481632,0.06691728674590303,0.1325011782345622,100.0,0.0,100.0,100.0,30,0,0
1610,9.0,0.11,50,2,10,10,0.04766433517251206,0.006792197630276993,0.03628091444571976,0.057541765569153136,100.0,0.0,100.0,100.0,30,0,0
1611,9.0,0.11,50,4,10,10,0.09946119632711643,0.018926724541231968,0.07264242648562486,0.13105179632745004,100.0,0.0,100.0,100.0,30,0,0
1612,9.0,0.11,100,2,10,10,0.07349552961834857,0.011509760037484414,0.05708957960412057,0.09849859769892237,100.0,0.0,100.0,100.0,30,0,0
1613,9.0,0.11,100,4,10,10,0.1109795847069249,0.021212033224171225,0.08430737464924792,0.1392974140915877,100.0,0.0,100.0,100.0,30,0,0
1614,9.0,0.11,150,2,10,10,0.10052665978239708,0.0181646212287176,0.06627744457309419,0.12817170855725574,100.0,0.0,100.0,100.0,30,0,0
1615,9.0,0.11,150,4,10,10,0.1272459709992098,0.029817186009641436,0.09138044492969115,0.1790824920798222,100.0,0.0,100.0,100.0,30,0,0
1616,9.0,0.11,200,2,10,10,0.12711395474036208,0.02484344981543817,0.08713969839312778,0.17554570398042602,100.0,0.0,100.0,100.0,30,0,0
1617,9.0,0.11,200,4,10,10,0.15001401368210313,0.03327469046810275,0.10810477277854869,0.21530078677041495,100.0,0.0,100.0,100.0,30,0,0
1618,9.0,0.11,250,2,10,10,0.16853211530901874,0.050686298290474496,0.11005390305740735,0.2867656623410905,99.0,3.1622776601683786,90.0,100.0,30,0,0
1619,9.0,0.11,250,4,10,10,0.1706016108167919,0.036397560203116186,0.1069100018305826,0.23080918584419916,100.0,0.0,100.0,100.0,30,0,0
1620,9.0,0.12,0,2,10,10,0.03212020105086175,0.002557929758294389,0.02914400649546466,0.03661646660887887,100.0,0.0,100.0,100.0,30,0,0
1621,9.0,0.12,0,4,10,10,0.10316439995430673,0.023040750348628996,0.06967839406197901,0.14364911356367932,100.0,0.0,100.0,100.0,30,0,0
1622,9.0,0.12,50,2,10,10,0.04868160350168513,0.00824108750482333,0.03549083202892183,0.05904309805226781,100.0,0.0,100.0,100.0,30,0,0
1623,9.0,0.12,50,4,10,10,0.10613571959833215,0.0192547454866749,0.08459311703628773,0.13684352287988188,100.0,0.0,100.0,100.0,30,0,0
1624,9.0,0.12,100,2,10,10,0.07766958297085144,0.015159461981092817,0.0553655681710056,0.10797943695278844,100.0,0.0,100.0,100.0,30,0,0
1625,9.0,0.12,100,4,10,10,0.11920187934920552,0.023557186644381105,0.09589901380129445,0.15266563155268395,100.0,0.0,100.0,100.0,30,0,0
1626,9.0,0.12,150,2,10,10,0.10653015022624843,0.018559160540693915,0.07084522573035355,0.1395277891240172,100.0,0.0,100.0,100.0,30,0,0
1627,9.0,0.12,150,4,10,10,0.13788547381613891,0.03026054937893138,0.10466000720848884,0.19206900070081825,100.0,0.0,100.0,100.0,30,0,0
1628,9.0,0.12,200,2,10,10,0.1399685564408188,0.02475189467876682,0.10273864842780818,0.18411363984872728,100.0,0.0,100.0,100.0,30,0,0
1629,9.0,0.12,200,4,10,10,0.15495356916002814,0.03236960970402538,0.10423819356340214,0.21066658301169613,100.0,0.0,100.0,100.0,30,0,0
1630,9.0,0.12,250,2,10,10,0.17866936552898977,0.054056089148263,0.10951903220279428,0.29982531394770673,99.0,3.1622776601683786,90.0,100.0,30,0,0
1631,9.0,0.12,250,4,10,10,0.1803612186049064,0.039166662199669425,0.11797507147012813,0.2443020196408048,100.0,0.0,100.0,100.0,30,0,0
1632,9.0,0.13,0,2,10,10,0.03375129969752352,0.004540898546913528,0.026934797659227874,0.042840222951544514,100.0,0.0,100.0,100.0,30,0,0
1633,9.0,0.13,0,4,10,10,0.11112996042003802,0.023431784059287593,0.08495829817243057,0.15258914001720372,100.0,0.0,100.0,100.0,30,0,0
1634,9.0,0.13,50,2,10,10,0.0516273756822073,0.00894239795189833,0.04196782670045677,0.06824348311349192,100.0,0.0,100.0,100.0,30,0,0
1635,9.0,0.13,50,4,10,10,0.11424140444132595,0.02223560429490527,0.0793435552403411,0.1412337480215831,100.0,0.0,100.0,100.0,30,0,0
1636,9.0,0.13,100,2,10,10,0.08208214775618844,0.014148607081095119,0.061671363797989515,0.10645578379253551,100.0,0.0,100.0,100.0,30,0,0
1637,9.0,0.13,100,4,10,10,0.12818190599624935,0.02408659624183521,0.09803148518241617,0.16462782698529832,100.0,0.0,100.0,100.0,30,0,0
1638,9.0,0.13,150,2,10,10,0.11182114509422872,0.020470169084256237,0.08191621967339059,0.15056438160511165,100.0,0.0,100.0,100.0,30,0,0
1639,9.0,0.13,150,4,10,10,0.14874587480066462,0.031302987379986144,0.10825413284716356,0.20706194461971236,100.0,0.0,100.0,100.0,30,0,0
1640,9.0,0.13,200,2,10,10,0.14363923308908497,0.027884627917253834,0.10440972007927755,0.199250738241207,100.0,0.0,100.0,100.0,30,0,0
1641,9.0,0.13,200,4,10,10,0.16553147331362777,0.03553712878117639,0.11676777599359633,0.22661760505518838,100.0,0.0,100.0,100.0,30,0,0
1642,9.0,0.13,250,2,10,10,0.18930379668320613,0.053173541093222074,0.11978806874022817,0.30255395873180563,99.0,3.1622776601683786,90.0,100.0,30,0,0
1643,9.0,0.13,250,4,10,10,0.19097856535613417,0.03811775486816273,0.12554487607688422,0.2504001138295506,100.0,0.0,100.0,100.0,30,0,0
1644,9.0,0.14,0,2,10,10,0.03360705366950208,0.00575821459640954,0.0247557875058452,0.04022880915394289,100.0,0.0,100.0,100.0,30,0,0
1645,9.0,0.14,0,4,10,10,0.12166326250599184,0.02550851980628828,0.08242934848724827,0.16459328080059124,100.0,0.0,100.0,100.0,30,0,0
1646,9.0,0.14,50,2,10,10,0.053756095046874716,0.006085658719167772,0.04607031906910428,0.06320035100020809,100.0,0.0,100.0,100.0,30,0,0
1647,9.0,0.14,50,4,10,10,0.12538326393440422,0.02149367739412101,0.09292841188714396,0.1553932621958141,100.0,0.0,100.0,100.0,30,0,0
1648,9.0,0.14,100,2,10,10,0.08933324710534893,0.016601047665170322,0.06756947344437277,0.12072787170157888,100.0,0.0,100.0,100.0,30,0,0
1649,9.0,0.14,100,4,10,10,0.13441117363654076,0.02439132034970736,0.10672265952197398,0.1678570984387325,100.0,0.0,100.0,100.0,30,0,0
1650,9.0,0.14,150,2,10,10,0.1197112403334956,0.022844038714917664,0.0838731365419008,0.1605804076167433,100.0,0.0,100.0,100.0,30,0,0
1651,9.0,0.14,150,4,10,10,0.153881395742459,0.029904346048616828,0.11801867113353652,0.20707221537436638,100.0,0.0,100.0,100.0,30,0,0
1652,9.0,0.14,200,2,10,10,0.15509941378268038,0.030653924989735872,0.10641692458550321,0.2103197647053934,100.0,0.0,100.0,100.0,30,0,0
1653,9.0,0.14,200,4,10,10,0.17392729192630835,0.03804669240387738,0.11154835523267563,0.2362043484347367,100.0,0.0,100.0,100.0,30,0,0
1654,9.0,0.14,250,2,10,10,0.20186786354409253,0.05327610495756278,0.12565835710715248,0.30917851658405654,99.0,3.1622776601683786,90.0,100.0,30,0,0
1655,9.0,0.14,250,4,10,10,0.19835957225991854,0.043845440264492226,0.1297122912053876,0.2768242774177078,100.0,0.0,100.0,100.0,30,0,0
1656,9.0,0.15,0,2,10,10,0.03545951483308909,0.002604351620319143,0.030725808066785095,0.040351764134501235,100.0,0.0,100.0,100.0,30,0,0
1657,9.0,0.15,0,4,10,10,0.12861688108901154,0.025219958917460275,0.090154021874501,0.16793410079796733,100.0,0.0,100.0,100.0,30,0,0
1658,9.0,0.15,50,2,10,10,0.05822285849947049,0.009918702817357275,0.04417387890329624,0.07719174242319983,100.0,0.0,100.0,100.0,30,0,0
1659,9.0,0.15,50,4,10,10,0.13451616732425908,0.027228546178078034,0.09463276425661944,0.17642979589860705,100.0,0.0,100.0,100.0,30,0,0
1660,9.0,0.15,100,2,10,10,0.093874749262203,0.021610644134803958,0.0631760688749504,0.13101841188171223,100.0,0.0,100.0,100.0,30,0,0
1661,9.0,0.15,100,4,10,10,0.14457264692844835,0.024625106280160017,0.11187696127730433,0.17996290950080898,100.0,0.0,100.0,100.0,30,0,0
1662,9.0,0.15,150,2,10,10,0.13357644785926884,0.028685728545218666,0.09244207196003236,0.1842893570087366,100.0,0.0,100.0,100.0,30,0,0
1663,9.0,0.15,150,4,10,10,0.1638959615086723,0.029854578903509035,0.12885403157527822,0.2072552882818592,100.0,0.0,100.0,100.0,30,0,0
1664,9.0,0.15,200,2,10,10,0.16856962148426663,0.033702671729890964,0.1158836445478893,0.22088074124783988,100.0,0.0,100.0,100.0,30,0,0
1665,9.0,0.15,200,4,10,10,0.18568998360041816,0.03749756680282772,0.13419273752497887,0.25010998023301184,100.0,0.0,100.0,100.0,30,0,0
1666,9.0,0.15,250,2,10,10,0.2152927186912768,0.05402759474222607,0.13541991808884676,0.314742993165436,99.0,3.1622776601683786,90.0,100.0,30,0,0
1667,9.0,0.15,250,4,10,10,0.20745233101674124,0.046546954833286414,0.1330649061305427,0.2862089772771949,100.0,0.0,100.0,100.0,30,0,0
1668,9.0,0.16,0,2,10,10,0.04153330024434287,0.0068095838948220334,0.02677470956974926,0.04844580445684398,100.0,0.0,100.0,100.0,30,0,0
1669,9.0,0.16,0,4,10,10,0.1429257035474158,0.027174643959342534,0.09808069846758079,0.18687830426971996,100.0,0.0,100.0,100.0,30,0,0
1670,9.0,0.16,50,2,10,10,0.06260599170045897,0.014046273517047026,0.04348556122447112,0.0910033148192188,100.0,0.0,100.0,100.0,30,0,0
1671,9.0,0.16,50,4,10,10,0.14663441629192225,0.025247814000005024,0.1088454657734209,0.18092608930308188,100.0,0.0,100.0,100.0,30,0,0
1672,9.0,0.16,100,2,10,10,0.09999209964167904,0.021154952787750116,0.06899122384991785,0.1341793103697634,100.0,0.0,100.0,100.0,30,0,0
1673,9.0,0.16,100,4,10,10,0.1567212426567283,0.026212746145851024,0.12165615169293383,0.19429109923212776,100.0,0.0,100.0,100.0,30,0,0
1674,9.0,0.16,150,2,10,10,0.13962024094480496,0.030227052111284496,0.09319419926561412,0.1957848647587358,100.0,0.0,100.0,100.0,30,0,0
1675,9.0,0.16,150,4,10,10,0.17718649361630517,0.03729523872970576,0.13560594672568996,0.24917216110634277,100.0,0.0,100.0,100.0,30,0,0
1676,9.0,0.16,200,2,10,10,0.17681141606543999,0.038719239355929254,0.11088633988481465,0.23578175224920436,100.0,0.0,100.0,100.0,30,0,0
1677,9.0,0.16,200,4,10,10,0.1956350876318422,0.04159852730905543,0.13482061037360019,0.26391595837754617,100.0,0.0,100.0,100.0,30,0,0
1678,9.0,0.16,250,2,10,10,0.23181794393323396,0.05457754336792506,0.14628789686972188,0.3241004380651415,99.0,3.1622776601683786,90.0,100.0,30,0,0
1679,9.0,0.16,250,4,10,10,0.22094671365379273,0.048116555705590966,0.1399359476034512,0.2998297835882993,100.0,0.0,100.0,100.0,30,0,0
1680,9.0,0.17,0,2,10,10,0.03971977570453094,0.009543784881307995,0.027775659006037606,0.05350291168680945,100.0,0.0,100.0,100.0,30,0,0
1681,9.0,0.17,0,4,10,10,0.155908804549064,0.026694929038599473,0.1198474612948741,0.20465620249388783,100.0,0.0,100.0,100.0,30,0,0
1682,9.0,0.17,50,2,10,10,0.06693133296333113,0.01664842678892026,0.04474247851717252,0.09599425863862214,100.0,0.0,100.0,100.0,30,0,0
1683,9.0,0.17,50,4,10,10,0.15945052840935042,0.028345165882460405,0.11608334497281902,0.19556137470216325,100.0,0.0,100.0,100.0,30,0,0
1684,9.0,0.17,100,2,10,10,0.10692853793172682,0.021621839378086254,0.0756865628039805,0.14123612084259485,100.0,0.0,100.0,100.0,30,0,0
1685,9.0,0.17,100,4,10,10,0.17162600295425307,0.028364900908143892,0.1352520397333393,0.21084953549555582,100.0,0.0,100.0,100.0,30,0,0
1686,9.0,0.17,150,2,10,10,0.15102234582396196,0.03242884034492787,0.09761106555904914,0.20250928134679802,100.0,0.0,100.0,100.0,30,0,0
1687,9.0,0.17,150,4,10,10,0.18720293335481672,0.03687739718020345,0.14438717782640065,0.2490640878979525,100.0,0.0,100.0,100.0,30,0,0
1688,9.0,0.17,200,2,10,10,0.2071476878298991,0.053906365599326225,0.12841903587860182,0.30874110744982675,99.0,3.1622776601683786,90.0,100.0,30,0,0
1689,9.0,0.17,200,4,10,10,0.20489601957177142,0.042611228777958206,0.14255527868009918,0.2729243485644636,100.0,0.0,100.0,100.0,30,0,0
1690,9.0,0.17,250,2,10,10,0.24869988485734665,0.05848028949854465,0.15252221690910936,0.339216124038122,99.0,3.1622776601683786,90.0,100.0,30,0,0
1691,9.0,0.17,250,4,10,10,0.23198874638518166,0.04890240286097159,0.1575894499536311,0.31803938329642123,100.0,0.0,100.0,100.0,30,0,0
1692,9.0,0.18,0,2,10,10,0.0399253257186099,0.00977625349324826,0.025546261512721668,0.05270207254994274,100.0,0.0,100.0,100.0,30,0,0
1693,9.0,0.18,0,4,10,10,0.16675486611125553,0.02968113222542358,0.1235575757442506,0.21959098218915898,100.0,0.0,100.0,100.0,30,0,0
1694,9.0,0.18,50,2,10,10,0.0686731874419351,0.016679452318171785,0.05408431217726778,0.11149437261940398,100.0,0.0,100.0,100.0,30,0,0
1695,9.0,0.18,50,4,10,10,0.17356176024415843,0.02898629671531952,0.12946879993293392,0.2086284651218815,100.0,0.0,100.0,100.0,30,0,0
1696,9.0,0.18,100,2,10,10,0.11639395468161454,0.026706100537976875,0.08063201768768043,0.1526003876962071,100.0,0.0,100.0,100.0,30,0,0
1697,9.0,0.18,100,4,10,10,0.18388346851249343,0.03208350332839148,0.1377500857808096,0.2237466342550963,100.0,0.0,100.0,100.0,30,0,0
1698,9.0,0.18,150,2,10,10,0.16481768687462917,0.033436568407089,0.11471898995651598,0.21736786470111813,100.0,0.0,100.0,100.0,30,0,0
1699,9.0,0.18,150,4,10,10,0.20251581379193478,0.037502590286249825,0.16280471980577574,0.26629088476360874,100.0,0.0,100.0,100.0,30,0,0
1700,9.0,0.18,200,2,10,10,0.2226207127406401,0.05451120394350511,0.13909315851489976,0.3163485989084184,99.0,3.1622776601683786,90.0,100.0,30,0,0
1701,9.0,0.18,200,4,10,10,0.22218405809399236,0.0431299101815864,0.1659148311348411,0.29741778014409437,100.0,0.0,100.0,100.0,30,0,0
1702,9.0,0.18,250,2,10,10,0.2652466046823604,0.058033976888516595,0.1632366263832589,0.3439873251731171,99.0,3.1622776601683786,90.0,100.0,30,0,0
1703,9.0,0.18,250,4,10,10,0.24485279997644155,0.05089245772991742,0.1724702276019593,0.3298222598062767,100.0,0.0,100.0,100.0,30,0,0
1704,9.0,0.19,0,2,10,10,0.04524131897620418,0.011300496750607143,0.028176645984660808,0.06083958198463871,100.0,0.0,100.0,100.0,30,0,0
1705,9.0,0.19,0,4,10,10,0.18644075093798138,0.03161314793860571,0.14007283510382715,0.23258462349127187,100.0,0.0,100.0,100.0,30,0,0
1706,9.0,0.19,50,2,10,10,0.0799559576734819,0.01792717802764245,0.05606192370343326,0.1166079744784162,100.0,0.0,100.0,100.0,30,0,0
1707,9.0,0.19,50,4,10,10,0.1872170077764047,0.029089585767466244,0.1442425559027723,0.22440962451548052,100.0,0.0,100.0,100.0,30,0,0
1708,9.0,0.19,100,2,10,10,0.1297203572501717,0.028419533223911816,0.08173022359466188,0.1746705732031306,100.0,0.0,100.0,100.0,30,0,0
1709,9.0,0.19,100,4,10,10,0.19988324428102536,0.034337858766881696,0.1549833163784032,0.2475716578019169,100.0,0.0,100.0,100.0,30,0,0
1710,9.0,0.19,150,2,10,10,0.17882530521717846,0.03932523843855645,0.12464191976829249,0.24037477258971648,100.0,0.0,100.0,100.0,30,0,0
1711,9.0,0.19,150,4,10,10,0.21471376598313832,0.04171982195343398,0.16468936145392077,0.27843368713811684,100.0,0.0,100.0,100.0,30,0,0
1712,9.0,0.19,200,2,10,10,0.23966355466564254,0.05625292316051401,0.15006525936824058,0.33141050851473985,99.0,3.1622776601683786,90.0,100.0,30,0,0
1713,9.0,0.19,200,4,10,10,0.23389670607747023,0.04864570819738171,0.1653326280120694,0.30980799572591233,100.0,0.0,100.0,100.0,30,0,0
1714,9.0,0.19,250,2,10,10,0.312516184287055,0.08942690019667447,0.1813035796463812,0.4981478443762584,98.65517241379311,3.2284326099809677,90.0,100.0,30,0,0
1715,9.0,0.19,250,4,10,10,0.2629446239105091,0.05177891376727537,0.18401809742704198,0.35078499021589304,100.0,0.0,100.0,100.0,30,0,0
1716,9.0,0.2,0,2,10,10,0.052375521573395464,0.017530739628529045,0.028488516747954395,0.07693914884776415,100.0,0.0,100.0,100.0,30,0,0
1717,9.0,0.2,0,4,10,10,0.2010993906578519,0.03243286468221946,0.1478535809886881,0.24188474912143967,100.0,0.0,100.0,100.0,30,0,0
1718,9.0,0.2,50,2,10,10,0.08402912018668943,0.02067111460692699,0.060375663363353406,0.13037944992678954,100.0,0.0,100.0,100.0,30,0,0
1719,9.0,0.2,50,4,10,10,0.2041057062543318,0.03302676608274888,0.14998369506086254,0.24373388592082967,100.0,0.0,100.0,100.0,30,0,0
1720,9.0,0.2,100,2,10,10,0.13822773380278933,0.0311839941174735,0.09204288602194412,0.18717218010923853,100.0,0.0,100.0,100.0,30,0,0
1721,9.0,0.2,100,4,10,10,0.2170024715265387,0.03459822029234779,0.17371084297534967,0.2652390432347828,100.0,0.0,100.0,100.0,30,0,0
1722,9.0,0.2,150,2,10,10,0.1921107674675326,0.04288779675219603,0.13207071866133815,0.2532890925177476,100.0,0.0,100.0,100.0,30,0,0
1723,9.0,0.2,150,4,10,10,0.23168672364410264,0.04012556285867726,0.18241890989000895,0.28730982103425357,100.0,0.0,100.0,100.0,30,0,0
1724,9.0,0.2,200,2,10,10,0.2580241395097652,0.05777364183096588,0.16004377785391613,0.3395163225785361,99.0,3.1622776601683786,90.0,100.0,30,0,0
1725,9.0,0.2,200,4,10,10,0.2500198497995643,0.049255823061100656,0.19135319246955054,0.3328660521733436,100.0,0.0,100.0,100.0,30,0,0
1726,9.0,0.2,250,2,10,10,0.35612795574175016,0.1475813090282454,0.19536591173325793,0.7334650979920823,98.544061302682,3.195962720869384,90.0,100.0,30,0,0
1727,9.0,0.2,250,4,10,10,0.2754973376317061,0.05610731576182109,0.18427690832055044,0.3674167595044582,100.0,0.0,100.0,100.0,30,0,0
1728,9.5,0.05,0,2,10,10,0.03552038428298995,0.004744965790141461,0.029163732511986395,0.04558239732920603,100.0,0.0,100.0,100.0,30,0,0
1729,9.5,0.05,0,4,10,10,0.04989951149985971,0.012174156272573455,0.03792070490544055,0.07895178762000306,100.0,0.0,100.0,100.0,30,0,0
1730,9.5,0.05,50,2,10,10,0.0419161758112024,0.006083085436079901,0.032171004343095465,0.04984667754849257,100.0,0.0,100.0,100.0,30,0,0
1731,9.5,0.05,50,4,10,10,0.05824093899818258,0.010732299235299284,0.046849317761360136,0.07926574464834331,100.0,0.0,100.0,100.0,30,0,0
1732,9.5,0.05,100,2,10,10,0.05965611834347725,0.009831359667991717,0.049977565566430626,0.07993208754897198,100.0,0.0,100.0,100.0,30,0,0
1733,9.5,0.05,100,4,10,10,0.07391823782892235,0.014463151073632101,0.054623594313048106,0.09029384261710209,100.0,0.0,100.0,100.0,30,0,0
1734,9.5,0.05,150,2,10,10,0.07693722677106715,0.014949800084671271,0.06042409811216509,0.11218537273269012,100.0,0.0,100.0,100.0,30,0,0
1735,9.5,0.05,150,4,10,10,0.08837453254811585,0.015257365669547033,0.06919140159157057,0.12025287523253896,100.0,0.0,100.0,100.0,30,0,0
1736,9.5,0.05,200,2,10,10,0.0966118555104672,0.021791865901215735,0.07520171226017097,0.1419003441434444,100.0,0.0,100.0,100.0,30,0,0
1737,9.5,0.05,200,4,10,10,0.10777172854376449,0.022071495245401845,0.08444505464852366,0.1563224799900288,100.0,0.0,100.0,100.0,30,0,0
1738,9.5,0.05,250,2,10,10,0.11837454399808886,0.025886150893655566,0.08692216097639686,0.17893402417246906,100.0,0.0,100.0,100.0,30,0,0
1739,9.5,0.05,250,4,10,10,0.13023255684777613,0.02822327300216875,0.09245273860097493,0.1898822682325341,100.0,0.0,100.0,100.0,30,0,0
1740,9.5,0.06,0,2,10,10,0.035398683802228964,0.006680486480131591,0.026422689939837374,0.049634398068536256,100.0,0.0,100.0,100.0,30,0,0
1741,9.5,0.06,0,4,10,10,0.053291723362991095,0.011905131538058819,0.03981814481711568,0.07933610904289622,100.0,0.0,100.0,100.0,30,0,0
1742,9.5,0.06,50,2,10,10,0.04555411079772442,0.005279746536592872,0.03920231854868906,0.05347641422022308,100.0,0.0,100.0,100.0,30,0,0
1743,9.5,0.06,50,4,10,10,0.059811026053921655,0.011540683072113905,0.045488868305170405,0.07995929112273994,100.0,0.0,100.0,100.0,30,0,0
1744,9.5,0.06,100,2,10,10,0.063209879303633,0.008536187478894293,0.052649349750364595,0.07986893306436846,100.0,0.0,100.0,100.0,30,0,0
1745,9.5,0.06,100,4,10,10,0.07530190970841025,0.014897248535335136,0.059023926799791925,0.10197833332357831,100.0,0.0,100.0,100.0,30,0,0
1746,9.5,0.06,150,2,10,10,0.07876487370160624,0.016673373260840566,0.06219953429471423,0.11950327495912717,100.0,0.0,100.0,100.0,30,0,0
1747,9.5,0.06,150,4,10,10,0.09464180407668789,0.017950600204623315,0.07209908890542945,0.1316142323343591,100.0,0.0,100.0,100.0,30,0,0
1748,9.5,0.06,200,2,10,10,0.10319207230512853,0.022969467990558136,0.08382007317687372,0.15991344309230637,100.0,0.0,100.0,100.0,30,0,0
1749,9.5,0.06,200,4,10,10,0.11318838123439348,0.023555256439916523,0.08390594307712411,0.16364793512617845,100.0,0.0,100.0,100.0,30,0,0
1750,9.5,0.06,250,2,10,10,0.12572248847935588,0.029599139299238495,0.0924797455563573,0.19474262351946425,100.0,0.0,100.0,100.0,30,0,0
1751,9.5,0.06,250,4,10,10,0.13204410475662448,0.028688357833497095,0.09199122305431513,0.19658137381740226,100.0,0.0,100.0,100.0,30,0,0
1752,9.5,0.07,0,2,10,10,0.031379511623971866,0.0034796431010936497,0.026872157589169502,0.036718998837231974,100.0,0.0,100.0,100.0,30,0,0
1753,9.5,0.07,0,4,10,10,0.05407275190295076,0.017382357243790413,0.03436917931547941,0.0873897943690022,100.0,0.0,100.0,100.0,30,0,0
1754,9.5,0.07,50,2,10,10,0.046292783637024146,0.006275860784167087,0.038022932157069395,0.05972820432435074,100.0,0.0,100.0,100.0,30,0,0
1755,9.5,0.07,50,4,10,10,0.06307502983334291,0.01384219655816894,0.043729671075629604,0.08443202556574526,100.0,0.0,100.0,100.0,30,0,0
1756,9.5,0.07,100,2,10,10,0.06497096093771951,0.013406383337943476,0.05239489367547703,0.09682675145817438,100.0,0.0,100.0,100.0,30,0,0
1757,9.5,0.07,100,4,10,10,0.08107311478066838,0.01631715357503808,0.058122955394505633,0.1103250734735884,100.0,0.0,100.0,100.0,30,0,0
1758,9.5,0.07,150,2,10,10,0.08500991764975278,0.019983257865284976,0.06322559578871467,0.13232094719993417,100.0,0.0,100.0,100.0,30,0,0
1759,9.5,0.07,150,4,10,10,0.09592906515868141,0.019572871502628205,0.06901608412581506,0.13525988911391937,100.0,0.0,100.0,100.0,30,0,0
1760,9.5,0.07,200,2,10,10,0.10992050625968215,0.024803292885642092,0.07994770853354975,0.16659079667741605,100.0,0.0,100.0,100.0,30,0,0
1761,9.5,0.07,200,4,10,10,0.11763544361072353,0.023815543044437403,0.08839050419885158,0.1702656751354884,100.0,0.0,100.0,100.0,30,0,0
1762,9.5,0.07,250,2,10,10,0.12991993446682246,0.03483221874820074,0.09323593832427612,0.206736464392292,100.0,0.0,100.0,100.0,30,0,0
1763,9.5,0.07,250,4,10,10,0.1357483092030271,0.03215117659992074,0.09532941683012952,0.20324165143094233,100.0,0.0,100.0,100.0,30,0,0
1764,9.5,0.08,0,2,10,10,0.03342241805687019,0.003184264769366503,0.028917843295544744,0.037784471612813314,100.0,0.0,100.0,100.0,30,0,0
1765,9.5,0.08,0,4,10,10,0.061284392271632446,0.01257925893874262,0.042927593428100985,0.08467272476774397,100.0,0.0,100.0,100.0,30,0,0
1766,9.5,0.08,50,2,10,10,0.04536184318906338,0.004716058834193793,0.03859612228509401,0.05369224374887164,100.0,0.0,100.0,100.0,30,0,0
1767,9.5,0.08,50,4,10,10,0.06717030731418153,0.01469785681541872,0.05114817417170061,0.08887404649437071,100.0,0.0,100.0,100.0,30,0,0
1768,9.5,0.08,100,2,10,10,0.06808156704201002,0.010500816528380811,0.05395136795223701,0.09262929047258837,100.0,0.0,100.0,100.0,30,0,0
1769,9.5,0.08,100,4,10,10,0.08127377765583561,0.01440213665560069,0.06250011477684607,0.10576566507868042,100.0,0.0,100.0,100.0,30,0,0
1770,9.5,0.08,150,2,10,10,0.09185052822599668,0.019382260898294222,0.06924278055755019,0.14022588987499687,100.0,0.0,100.0,100.0,30,0,0
1771,9.5,0.08,150,4,10,10,0.10086118807282911,0.022126655541662377,0.07377284909339259,0.144024006679624,100.0,0.0,100.0,100.0,30,0,0
1772,9.5,0.08,200,2,10,10,0.11422400714949102,0.03013803556633553,0.08343603144216354,0.17571148372194856,100.0,0.0,100.0,100.0,30,0,0
1773,9.5,0.08,200,4,10,10,0.12105835587002538,0.02648400694385885,0.0834157333595104,0.17700258865204685,100.0,0.0,100.0,100.0,30,0,0
1774,9.5,0.08,250,2,10,10,0.144206433048817,0.03511189600799644,0.10587181908450194,0.22221885897240526,100.0,0.0,100.0,100.0,30,0,0
1775,9.5,0.08,250,4,10,10,0.14340328516122247,0.03206026068584933,0.10599045545683056,0.21123519781066802,100.0,0.0,100.0,100.0,30,0,0
1776,9.5,0.09,0,2,10,10,0.037749764338378164,0.005363868355180529,0.02948348121227797,0.04522595726560475,100.0,0.0,100.0,100.0,30,0,0
1777,9.5,0.09,0,4,10,10,0.06309717661368114,0.016379009464574292,0.042785331334555164,0.09775413851980878,100.0,0.0,100.0,100.0,30,0,0
1778,9.5,0.09,50,2,10,10,0.046628896982524634,0.0038880949118536732,0.04221376068099179,0.05463787661368411,100.0,0.0,100.0,100.0,30,0,0
1779,9.5,0.09,50,4,10,10,0.07217035339738893,0.015981608261317476,0.052632659685249515,0.09416795421820602,100.0,0.0,100.0,100.0,30,0,0
1780,9.5,0.09,100,2,10,10,0.07144651704732172,0.01219633939025488,0.054535407120299355,0.09678020484214028,100.0,0.0,100.0,100.0,30,0,0
1781,9.5,0.09,100,4,10,10,0.08561950056067749,0.015575169543085377,0.06284950918397464,0.1082274484610339,100.0,0.0,100.0,100.0,30,0,0
1782,9.5,0.09,150,2,10,10,0.09599618610258627,0.019926084365057082,0.07284427142730278,0.14004507269529207,100.0,0.0,100.0,100.0,30,0,0
1783,9.5,0.09,150,4,10,10,0.10489954250959362,0.020486588712377535,0.08057195354798914,0.14718805086797437,100.0,0.0,100.0,100.0,30,0,0
1784,9.5,0.09,200,2,10,10,0.12083288419521332,0.028294814255114233,0.09071737869373309,0.18322640477770635,100.0,0.0,100.0,100.0,30,0,0
1785,9.5,0.09,200,4,10,10,0.12508475575510403,0.027652808842350784,0.09343100986082509,0.18502267451135387,100.0,0.0,100.0,100.0,30,0,0
1786,9.5,0.09,250,2,10,10,0.14843775407672757,0.035208988012349986,0.10634414354448639,0.2290057538101534,100.0,0.0,100.0,100.0,30,0,0
1787,9.5,0.09,250,4,10,10,0.1476911018811961,0.0352873826515551,0.10264764944541606,0.22664524680266118,100.0,0.0,100.0,100.0,30,0,0
1788,9.5,0.1,0,2,10,10,0.03285623902673397,0.005584083409806486,0.026590844156922686,0.04353151499627478,100.0,0.0,100.0,100.0,30,0,0
1789,9.5,0.1,0,4,10,10,0.07037500848147141,0.01722011223085058,0.042025865171656136,0.103039278731359,100.0,0.0,100.0,100.0,30,0,0
1790,9.5,0.1,50,2,10,10,0.04598956971494606,0.004951160190626436,0.03952410614664995,0.05430837095529715,100.0,0.0,100.0,100.0,30,0,0
1791,9.5,0.1,50,4,10,10,0.07620688807453595,0.015626196732817864,0.052449303961046356,0.10001077717596756,100.0,0.0,100.0,100.0,30,0,0
1792,9.5,0.1,100,2,10,10,0.07297816286336975,0.012406298117917464,0.05658314968792446,0.10056374172261824,100.0,0.0,100.0,100.0,30,0,0
1793,9.5,0.1,100,4,10,10,0.08897115271655677,0.017695976160057962,0.06523824579063109,0.11416588886939,100.0,0.0,100.0,100.0,30,0,0
1794,9.5,0.1,150,2,10,10,0.10014513491355434,0.021376463929185286,0.07148333147098246,0.14374123856087914,100.0,0.0,100.0,100.0,30,0,0
1795,9.5,0.1,150,4,10,10,0.11127417645014781,0.02220824533474314,0.08604629558364824,0.15676077042323278,100.0,0.0,100.0,100.0,30,0,0
1796,9.5,0.1,200,2,10,10,0.13165861132693063,0.03166580441056042,0.09605442877922186,0.20408246628808127,100.0,0.0,100.0,100.0,30,0,0
1797,9.5,0.1,200,4,10,10,0.1305016824165957,0.028175970381690705,0.09041676431668565,0.19084224103420186,100.0,0.0,100.0,100.0,30,0,0
1798,9.5,0.1,250,2,10,10,0.15693448678630367,0.04174984606258185,0.1175529995817487,0.2508896685546573,100.0,0.0,100.0,100.0,30,0,0
1799,9.5,0.1,250,4,10,10,0.15506605015423566,0.03339173747188565,0.11790150009097189,0.23359310470781416,100.0,0.0,100.0,100.0,30,0,0
1800,9.5,0.11,0,2,10,10,0.03573372170451356,0.00327784455259889,0.030765606203428303,0.041443192361344965,100.0,0.0,100.0,100.0,30,0,0
1801,9.5,0.11,0,4,10,10,0.06993799552029686,0.014208148831998656,0.04838946234567076,0.09291032176247399,100.0,0.0,100.0,100.0,30,0,0
1802,9.5,0.11,50,2,10,10,0.05291918303381378,0.0073341589427784615,0.0420384425310292,0.06610987952405108,100.0,0.0,100.0,100.0,30,0,0
1803,9.5,0.11,50,4,10,10,0.08078864325599165,0.01959684641021201,0.05991998263421822,0.11306367371912268,100.0,0.0,100.0,100.0,30,0,0
1804,9.5,0.11,100,2,10,10,0.07770694236867481,0.01705038801168256,0.05171492718358708,0.1124232936868298,100.0,0.0,100.0,100.0,30,0,0
1805,9.5,0.11,100,4,10,10,0.09595938817984492,0.02107025266025097,0.06765443417215102,0.1238891900479286,100.0,0.0,100.0,100.0,30,0,0
1806,9.5,0.11,150,2,10,10,0.11047119620119568,0.025032982706654456,0.08490689787447624,0.16267574881163918,100.0,0.0,100.0,100.0,30,0,0
1807,9.5,0.11,150,4,10,10,0.11469933236121148,0.024199464577625167,0.08174240320372095,0.15692805486141223,100.0,0.0,100.0,100.0,30,0,0
1808,9.5,0.11,200,2,10,10,0.1370157342896377,0.036335442927300184,0.1011199615780587,0.21560579672924854,100.0,0.0,100.0,100.0,30,0,0
1809,9.5,0.11,200,4,10,10,0.13684818832657206,0.02803934705712276,0.10173965178108889,0.19929110911236955,100.0,0.0,100.0,100.0,30,0,0
1810,9.5,0.11,250,2,10,10,0.17021783884218827,0.042815092965876766,0.12492809912011747,0.26617316599628765,100.0,0.0,100.0,100.0,30,0,0
1811,9.5,0.11,250,4,10,10,0.161254583474749,0.03598783175732984,0.11619772898844323,0.2441584750570522,100.0,0.0,100.0,100.0,30,0,0
1812,9.5,0.12,0,2,10,10,0.03671992917873929,0.004675709710709733,0.026577007256688278,0.04397337970963585,100.0,0.0,100.0,100.0,30,0,0
1813,9.5,0.12,0,4,10,10,0.0784921213102093,0.01632144227339586,0.05393875578863074,0.1058583362110291,100.0,0.0,100.0,100.0,30,0,0
1814,9.5,0.12,50,2,10,10,0.05167175233089257,0.0070345833607780035,0.04201644919566622,0.06661209488811258,100.0,0.0,100.0,100.0,30,0,0
1815,9.5,0.12,50,4,10,10,0.08319387454817002,0.022091170973718724,0.04949366807416125,0.11775605125224392,100.0,0.0,100.0,100.0,30,0,0
1816,9.5,0.12,100,2,10,10,0.08474447469539957,0.016876334082432786,0.06299809433722156,0.12076418201292749,100.0,0.0,100.0,100.0,30,0,0
1817,9.5,0.12,100,4,10,10,0.10135866565688859,0.02024149798495424,0.07057271209433436,0.13065043952591202,100.0,0.0,100.0,100.0,30,0,0
1818,9.5,0.12,150,2,10,10,0.11663929481985913,0.02704524245226174,0.08466659419765905,0.171752397685445,100.0,0.0,100.0,100.0,30,0,0
1819,9.5,0.12,150,4,10,10,0.12075202740287741,0.024409216572440395,0.09358430387196563,0.1639184149939402,100.0,0.0,100.0,100.0,30,0,0
1820,9.5,0.12,200,2,10,10,0.14640458582169272,0.03744512685448234,0.10639846653485503,0.22742121890328182,100.0,0.0,100.0,100.0,30,0,0
1821,9.5,0.12,200,4,10,10,0.14166612385697955,0.03071024292473688,0.10756691388212665,0.20929594189991466,100.0,0.0,100.0,100.0,30,0,0
1822,9.5,0.12,250,2,10,10,0.18190646260956536,0.04958591432790933,0.1296629252214605,0.29557074236408165,100.0,0.0,100.0,100.0,30,0,0
1823,9.5,0.12,250,4,10,10,0.1666353611685333,0.0388936620436744,0.12787862481176207,0.2548666042873231,100.0,0.0,100.0,100.0,30,0,0
1824,9.5,0.13,0,2,10,10,0.03410177722263846,0.004260665923676175,0.02708739794769824,0.04006633392141553,100.0,0.0,100.0,100.0,30,0,0
1825,9.5,0.13,0,4,10,10,0.08728318706712172,0.021563107385683726,0.055395974963985274,0.1286181141461933,100.0,0.0,100.0,100.0,30,0,0
1826,9.5,0.13,50,2,10,10,0.05823072962973867,0.00927353007866726,0.045281608496762125,0.0732233766829833,100.0,0.0,100.0,100.0,30,0,0
1827,9.5,0.13,50,4,10,10,0.09466940498586829,0.025489833536898838,0.06002323661513571,0.14245646386028354,100.0,0.0,100.0,100.0,30,0,0
1828,9.5,0.13,100,2,10,10,0.08895545134412478,0.019019660229522412,0.06401420725710597,0.13302096777833333,100.0,0.0,100.0,100.0,30,0,0
1829,9.5,0.13,100,4,10,10,0.10800393445082798,0.02370915347766981,0.0791800484751431,0.13990778569405102,100.0,0.0,100.0,100.0,30,0,0
1830,9.5,0.13,150,2,10,10,0.12425662478672246,0.029316086115490837,0.09201103819934446,0.18395214664899454,100.0,0.0,100.0,100.0,30,0,0
1831,9.5,0.13,150,4,10,10,0.12570480472416856,0.028452027470292754,0.09864407282784293,0.17193799962452302,100.0,0.0,100.0,100.0,30,0,0
1832,9.5,0.13,200,2,10,10,0.1627709811851385,0.041681577534517865,0.12116882447755384,0.2557244817632396,100.0,0.0,100.0,100.0,30,0,0
1833,9.5,0.13,200,4,10,10,0.14964774981310422,0.03325600370905703,0.11344448174363088,0.2178680364451582,100.0,0.0,100.0,100.0,30,0,0
1834,9.5,0.13,250,2,10,10,0.1971465273044326,0.05339317560346197,0.14247865914256075,0.31533886874219497,100.0,0.0,100.0,100.0,30,0,0
1835,9.5,0.13,250,4,10,10,0.17307821753800706,0.040764039685859475,0.12668176014301682,0.2614550865958476,100.0,0.0,100.0,100.0,30,0,0
1836,9.5,0.14,0,2,10,10,0.03795355319639899,0.00390598883069,0.03298181379678037,0.04279928146516796,100.0,0.0,100.0,100.0,30,0,0
1837,9.5,0.14,0,4,10,10,0.09533002881726867,0.02197116883876847,0.06511504347935924,0.13858219963920426,100.0,0.0,100.0,100.0,30,0,0
1838,9.5,0.14,50,2,10,10,0.05862872334101027,0.01040469892443398,0.04605977808031092,0.07757211356733508,100.0,0.0,100.0,100.0,30,0,0
1839,9.5,0.14,50,4,10,10,0.10338779411900845,0.021997544866641596,0.071942360437441,0.1399706859719432,100.0,0.0,100.0,100.0,30,0,0
1840,9.5,0.14,100,2,10,10,0.0941713267438718,0.022135093819270563,0.06991634722315924,0.14220798778560223,100.0,0.0,100.0,100.0,30,0,0
1841,9.5,0.14,100,4,10,10,0.11464097410085061,0.025592869738540212,0.08237570103018486,0.15148726475436505,100.0,0.0,100.0,100.0,30,0,0
1842,9.5,0.14,150,2,10,10,0.13300634009040535,0.03229622840010914,0.10423386110448452,0.2043928679828141,100.0,0.0,100.0,100.0,30,0,0
1843,9.5,0.14,150,4,10,10,0.13502968087111172,0.03174851103411791,0.09660899506431771,0.18891978649676813,100.0,0.0,100.0,100.0,30,0,0
1844,9.5,0.14,200,2,10,10,0.17463755744531798,0.04443811920056488,0.13338206703270108,0.2724201571689242,100.0,0.0,100.0,100.0,30,0,0
1845,9.5,0.14,200,4,10,10,0.15694496129791405,0.035737550566103275,0.115724189276647,0.22696819608366034,100.0,0.0,100.0,100.0,30,0,0
1846,9.5,0.14,250,2,10,10,0.21665026362391945,0.05568272848450769,0.16410314654629088,0.3390861479712089,100.0,0.0,100.0,100.0,30,0,0
1847,9.5,0.14,250,4,10,10,0.17957177420665055,0.04314804831539216,0.13706046759708723,0.2701694087764012,100.0,0.0,100.0,100.0,30,0,0
1848,9.5,0.15,0,2,10,10,0.03975524194178663,0.008538876436573743,0.030088748567629275,0.05364738883873412,100.0,0.0,100.0,100.0,30,0,0
1849,9.5,0.15,0,4,10,10,0.10388479640677979,0.023608112832568782,0.06009328756134693,0.14032186116114137,100.0,0.0,100.0,100.0,30,0,0
1850,9.5,0.15,50,2,10,10,0.06242968326331692,0.011897405604457144,0.046587739237487796,0.0830350274468578,100.0,0.0,100.0,100.0,30,0,0
1851,9.5,0.15,50,4,10,10,0.10756215399045113,0.023641663000202144,0.07622882494536697,0.14598406723215285,100.0,0.0,100.0,100.0,30,0,0
1852,9.5,0.15,100,2,10,10,0.10057374746860474,0.023181165116670926,0.0741287440524525,0.15223844720390278,100.0,0.0,100.0,100.0,30,0,0
1853,9.5,0.15,100,4,10,10,0.12321292991097552,0.02504632201364317,0.09009838784834233,0.15703184278893348,100.0,0.0,100.0,100.0,30,0,0
1854,9.5,0.15,150,2,10,10,0.14430405290632695,0.03520511349948095,0.10975796049098525,0.22305097554448625,100.0,0.0,100.0,100.0,30,0,0
1855,9.5,0.15,150,4,10,10,0.14045321248160486,0.0333153964694534,0.10132976533390141,0.19429062651677606,100.0,0.0,100.0,100.0,30,0,0
1856,9.5,0.15,200,2,10,10,0.18873534443026727,0.049181255885388665,0.13955299757122155,0.2970734299018967,100.0,0.0,100.0,100.0,30,0,0
1857,9.5,0.15,200,4,10,10,0.16436667769678645,0.035326456600956825,0.12401922973940589,0.23455718691191593,100.0,0.0,100.0,100.0,30,0,0
1858,9.5,0.15,250,2,10,10,0.22924869353277666,0.060276458831403236,0.17677954480449046,0.3672412691817419,100.0,0.0,100.0,100.0,30,0,0
1859,9.5,0.15,250,4,10,10,0.18592372353743727,0.04381944287120331,0.14222725679296316,0.2812817167675881,100.0,0.0,100.0,100.0,30,0,0
1860,9.5,0.16,0,2,10,10,0.04282674614068353,0.01200097603061242,0.024637566982120936,0.06495718886876574,100.0,0.0,100.0,100.0,30,0,0
1861,9.5,0.16,0,4,10,10,0.11272334721671613,0.02853405933933274,0.06834638148063638,0.16438321090460392,100.0,0.0,100.0,100.0,30,0,0
1862,9.5,0.16,50,2,10,10,0.0651415511615954,0.012643999752969315,0.047942032915893884,0.09045901891710795,100.0,0.0,100.0,100.0,30,0,0
1863,9.5,0.16,50,4,10,10,0.119799018179428,0.026867053774239376,0.08880798969891414,0.1644934704042164,100.0,0.0,100.0,100.0,30,0,0
1864,9.5,0.16,100,2,10,10,0.11033510780002931,0.024635054777640174,0.08104344252448951,0.16005723791773951,100.0,0.0,100.0,100.0,30,0,0
1865,9.5,0.16,100,4,10,10,0.13054870629182053,0.030181818771020313,0.09247257313837265,0.17232192207102823,100.0,0.0,100.0,100.0,30,0,0
1866,9.5,0.16,150,2,10,10,0.15634766847245646,0.03746922331049582,0.11272575824546792,0.2371097158385654,100.0,0.0,100.0,100.0,30,0,0
1867,9.5,0.16,150,4,10,10,0.14964336715022689,0.03377271197892308,0.10475859586362417,0.20111093937772875,100.0,0.0,100.0,100.0,30,0,0
1868,9.5,0.16,200,2,10,10,0.2058200855074983,0.05530371889890084,0.1492996550646161,0.3291701715463649,100.0,0.0,100.0,100.0,30,0,0
1869,9.5,0.16,200,4,10,10,0.17452982008014123,0.03804483025486706,0.1343497530308055,0.24741549385916026,100.0,0.0,100.0,100.0,30,0,0
1870,9.5,0.16,250,2,10,10,0.25087173768935134,0.06582273457022284,0.18529695917363234,0.4001289482848773,100.0,0.0,100.0,100.0,30,0,0
1871,9.5,0.16,250,4,10,10,0.19905808601678687,0.04550169317258184,0.1518706250866096,0.2945411875969266,100.0,0.0,100.0,100.0,30,0,0
1872,9.5,0.17,0,2,10,10,0.041527521923308365,0.011045486739381735,0.024749052647763604,0.06689006524417672,100.0,0.0,100.0,100.0,30,0,0
1873,9.5,0.17,0,4,10,10,0.1263170622851955,0.02797659110386111,0.07445373353221997,0.16955648884115637,100.0,0.0,100.0,100.0,30,0,0
1874,9.5,0.17,50,2,10,10,0.06996221623276067,0.01114656181033909,0.05831009238073632,0.0924109741258435,100.0,0.0,100.0,100.0,30,0,0
1875,9.5,0.17,50,4,10,10,0.12998527270347351,0.02510413089318051,0.09848980425721769,0.16756646173203116,100.0,0.0,100.0,100.0,30,0,0
1876,9.5,0.17,100,2,10,10,0.12150398659182375,0.027924007064992717,0.09061440283804977,0.1767151517182479,100.0,0.0,100.0,100.0,30,0,0
1877,9.5,0.17,100,4,10,10,0.14110800207197888,0.02991848658252718,0.10503807817424358,0.18385502329121714,100.0,0.0,100.0,100.0,30,0,0
1878,9.5,0.17,150,2,10,10,0.17004396553152865,0.044624937537815504,0.12660806191699994,0.26430751812207925,100.0,0.0,100.0,100.0,30,0,0
1879,9.5,0.17,150,4,10,10,0.16301455142717625,0.035615844901188416,0.11979597854731494,0.2196045654715594,100.0,0.0,100.0,100.0,30,0,0
1880,9.5,0.17,200,2,10,10,0.21994613652676015,0.058636655104589985,0.1659361087035397,0.3540577008270304,100.0,0.0,100.0,100.0,30,0,0
1881,9.5,0.17,200,4,10,10,0.1831288400030106,0.04227119906670786,0.1339448875218315,0.25731607542770035,100.0,0.0,100.0,100.0,30,0,0
1882,9.5,0.17,250,2,10,10,0.28350840057294685,0.06577264158938088,0.20980057065845883,0.43599411859982795,99.88505747126437,0.36348019082395067,98.85057471264368,100.0,30,0,0
1883,9.5,0.17,250,4,10,10,0.21019211922261224,0.049576988069528205,0.1578746309360813,0.30531634043897005,100.0,0.0,100.0,100.0,30,0,0
1884,9.5,0.18,0,2,10,10,0.04444743868729138,0.011031550206997837,0.0325317137747447,0.0715594333429555,100.0,0.0,100.0,100.0,30,0,0
1885,9.5,0.18,0,4,10,10,0.14021563200187007,0.029486167244470157,0.08506018151225254,0.18597806458096158,100.0,0.0,100.0,100.0,30,0,0
1886,9.5,0.18,50,2,10,10,0.0774065971520919,0.015196156704172658,0.06222350510140945,0.10652549006906842,100.0,0.0,100.0,100.0,30,0,0
1887,9.5,0.18,50,4,10,10,0.14081791181273434,0.030338679424464488,0.10460537181895187,0.1893038048773834,100.0,0.0,100.0,100.0,30,0,0
1888,9.5,0.18,100,2,10,10,0.13197970608586435,0.03117524611103464,0.09520237572931828,0.19778939560783174,100.0,0.0,100.0,100.0,30,0,0
1889,9.5,0.18,100,4,10,10,0.1530575425011754,0.03145437103617794,0.11850891647867318,0.1995093041620742,100.0,0.0,100.0,100.0,30,0,0
1890,9.5,0.18,150,2,10,10,0.18234458128446815,0.049788418606491414,0.12594651431737666,0.2893930909735444,100.0,0.0,100.0,100.0,30,0,0
1891,9.5,0.18,150,4,10,10,0.17199745035951614,0.03914609239669253,0.1296111171538362,0.22756514037809658,100.0,0.0,100.0,100.0,30,0,0
1892,9.5,0.18,200,2,10,10,0.2400754670455016,0.0654110980574521,0.17600167406524633,0.38478537339660707,100.0,0.0,100.0,100.0,30,0,0
1893,9.5,0.18,200,4,10,10,0.19752599571371543,0.04349346188364113,0.1501421628148342,0.27264552223051236,100.0,0.0,100.0,100.0,30,0,0
1894,9.5,0.18,250,2,10,10,0.29803926343953685,0.08040329223654506,0.21512421392545403,0.4825883740566399,100.0,0.0,100.0,100.0,30,0,0
1895,9.5,0.18,250,4,10,10,0.2209733782004098,0.051915491623327786,0.1675334483511203,0.3193844238921138,100.0,0.0,100.0,100.0,30,0,0
1896,9.5,0.19,0,2,10,10,0.04851435618913267,0.013337936241647386,0.029423649218200315,0.07544692705960931,100.0,0.0,100.0,100.0,30,0,0
1897,9.5,0.19,0,4,10,10,0.15562791118616748,0.032027120651701615,0.10705737242736685,0.2092853561186662,100.0,0.0,100.0,100.0,30,0,0
1898,9.5,0.19,50,2,10,10,0.08397494322216763,0.019473115324969658,0.06405465520777671,0.11732474211925786,100.0,0.0,100.0,100.0,30,0,0
1899,9.5,0.19,50,4,10,10,0.15549641453028687,0.030930540057842577,0.10866245659779139,0.20095106820711428,100.0,0.0,100.0,100.0,30,0,0
1900,9.5,0.19,100,2,10,10,0.14344520152657123,0.03736669449592984,0.10047431271710844,0.2208064654993868,100.0,0.0,100.0,100.0,30,0,0
1901,9.5,0.19,100,4,10,10,0.1661660907901536,0.03476820771132983,0.12472543054421391,0.21602607171194652,100.0,0.0,100.0,100.0,30,0,0
1902,9.5,0.19,150,2,10,10,0.20024680967536157,0.05269236948148518,0.1490275418018607,0.3118010609402371,100.0,0.0,100.0,100.0,30,0,0
1903,9.5,0.19,150,4,10,10,0.1836698211527259,0.04108820255229225,0.1359571464905743,0.24034611904344136,100.0,0.0,100.0,100.0,30,0,0
1904,9.5,0.19,200,2,10,10,0.2623234724276469,0.07153068790155973,0.1866154658272158,0.41692747394273094,100.0,0.0,100.0,100.0,30,0,0
1905,9.5,0.19,200,4,10,10,0.20877138063689715,0.04595869421211464,0.15894640607453733,0.28687939364081605,100.0,0.0,100.0,100.0,30,0,0
1906,9.5,0.19,250,2,10,10,0.326590926848198,0.08700162390294686,0.24076511703896905,0.5320901337109815,100.0,0.0,100.0,100.0,30,0,0
1907,9.5,0.19,250,4,10,10,0.23512116551491152,0.05303801068197956,0.18019080811164104,0.33382563859932185,100.0,0.0,100.0,100.0,30,0,0
1908,9.5,0.2,0,2,10,10,0.05006755605632103,0.014109860939395459,0.03362783386140105,0.08298236343028181,100.0,0.0,100.0,100.0,30,0,0
1909,9.5,0.2,0,4,10,10,0.1675044211389197,0.03474661239747455,0.11013671297048483,0.21999688722120006,100.0,0.0,100.0,100.0,30,0,0
1910,9.5,0.2,50,2,10,10,0.09253192732893678,0.01995643456396494,0.06775812729453139,0.12360839975184364,100.0,0.0,100.0,100.0,30,0,0
1911,9.5,0.2,50,4,10,10,0.16931017980608912,0.0311819202447424,0.12508541605020776,0.218143744565782,100.0,0.0,100.0,100.0,30,0,0
1912,9.5,0.2,100,2,10,10,0.15467859532379474,0.041037092510938775,0.11045777090943254,0.24275880514068693,100.0,0.0,100.0,100.0,30,0,0
1913,9.5,0.2,100,4,10,10,0.1833041785834336,0.036796342840445515,0.14233905019085855,0.2326188921331167,100.0,0.0,100.0,100.0,30,0,0
1914,9.5,0.2,150,2,10,10,0.21606902403319359,0.058859280604781045,0.14837437664211806,0.3375031397984622,100.0,0.0,100.0,100.0,30,0,0
1915,9.5,0.2,150,4,10,10,0.19535117265919982,0.04460836776167618,0.14547275681532115,0.258462074470023,100.0,0.0,100.0,100.0,30,0,0
1916,9.5,0.2,200,2,10,10,0.28159311037093004,0.07558889697041524,0.20538725337778108,0.4503627760962721,100.0,0.0,100.0,100.0,30,0,0
1917,9.5,0.2,200,4,10,10,0.22151078524679774,0.04877403761173927,0.16089858126871784,0.2996564888658823,100.0,0.0,100.0,100.0,30,0,0
1918,9.5,0.2,250,2,10,10,0.36643189174253976,0.08581249344668279,0.25354303730337846,0.5602609533427519,99.88505747126437,0.36348019082395067,98.85057471264368,100.0,30,0,0
1919,9.5,0.2,250,4,10,10,0.2468793707908842,0.056471287372568804,0.1841542449143515,0.34789889628822285,100.0,0.0,100.0,100.0,30,0,0
1920,10.0,0.05,0,2,10,10,0.03742281057346543,0.00920374444348671,0.02795068749298696,0.052860293492906184,100.0,0.0,100.0,100.0,30,0,0
1921,10.0,0.05,0,4,10,10,0.04161961946062709,0.005313760098074929,0.03417817766051427,0.04904305550783065,100.0,0.0,100.0,100.0,30,0,0
1922,10.0,0.05,50,2,10,10,0.04460977075931566,0.008030110060958759,0.03327757451216472,0.06261157747768961,100.0,0.0,100.0,100.0,30,0,0
1923,10.0,0.05,50,4,10,10,0.051699346326800386,0.012588681179394242,0.03616173700775641,0.07283714870718262,100.0,0.0,100.0,100.0,30,0,0
1924,10.0,0.05,100,2,10,10,0.06380937969058775,0.013688935545876326,0.04852632828016848,0.09263762158304086,100.0,0.0,100.0,100.0,30,0,0
1925,10.0,0.05,100,4,10,10,0.07002412745566892,0.01085759147649717,0.055053944120966224,0.0863526736509694,100.0,0.0,100.0,100.0,30,0,0
1926,10.0,0.05,150,2,10,10,0.08076404640197773,0.01573607161732698,0.06130502990544895,0.10453563839275924,100.0,0.0,100.0,100.0,30,0,0
1927,10.0,0.05,150,4,10,10,0.09444805304818871,0.019561169895052258,0.060482588386214294,0.12217608983757862,100.0,0.0,100.0,100.0,30,0,0
1928,10.0,0.05,200,2,10,10,0.1042411119805526,0.023160989568810558,0.07336245978086058,0.14762469515790058,100.0,0.0,100.0,100.0,30,0,0
1929,10.0,0.05,200,4,10,10,0.11907349437788546,0.019488290429984838,0.08055032057442213,0.14522975500312807,100.0,0.0,100.0,100.0,30,0,0
1930,10.0,0.05,250,2,10,10,0.12667452572726812,0.028104407542564557,0.09147491799096953,0.1737325698178712,100.0,0.0,100.0,100.0,30,0,0
1931,10.0,0.05,250,4,10,10,0.14420683715720573,0.025431772128104425,0.09659883589451258,0.1864702340758727,100.0,0.0,100.0,100.0,30,0,0
1932,10.0,0.06,0,2,10,10,0.03412616796773253,0.0054347397681714016,0.024210366110421738,0.04210039006112959,100.0,0.0,100.0,100.0,30,0,0
1933,10.0,0.06,0,4,10,10,0.04544949389487192,0.010080409407310767,0.03400675012050289,0.06545585513830379,100.0,0.0,100.0,100.0,30,0,0
1934,10.0,0.06,50,2,10,10,0.0451193013624598,0.0051664667134664844,0.03786116893301347,0.053222640419318866,100.0,0.0,100.0,100.0,30,0,0
1935,10.0,0.06,50,4,10,10,0.05359243276292921,0.0110753832349078,0.03929493906861689,0.07389383237276279,100.0,0.0,100.0,100.0,30,0,0
1936,10.0,0.06,100,2,10,10,0.06289451143437552,0.014326508548290186,0.04230656808433344,0.08818896167593226,100.0,0.0,100.0,100.0,30,0,0
1937,10.0,0.06,100,4,10,10,0.07365873616738997,0.014702096567341736,0.05646765517839195,0.09605633275484997,100.0,0.0,100.0,100.0,30,0,0
1938,10.0,0.06,150,2,10,10,0.08597241978120038,0.01813370419126324,0.06346147594932405,0.11461568685233053,100.0,0.0,100.0,100.0,30,0,0
1939,10.0,0.06,150,4,10,10,0.09581612557599489,0.02272661468083619,0.06404179769838488,0.12687170915675716,100.0,0.0,100.0,100.0,30,0,0
1940,10.0,0.06,200,2,10,10,0.10886595016762494,0.022063481166885487,0.08335217667552786,0.14360997119994826,100.0,0.0,100.0,100.0,30,0,0
1941,10.0,0.06,200,4,10,10,0.12085571394987889,0.021966744615843282,0.0864254280227262,0.15907096622662667,100.0,0.0,100.0,100.0,30,0,0
1942,10.0,0.06,250,2,10,10,0.13099288520913271,0.025562918477351534,0.09244339564045427,0.1718149619898186,100.0,0.0,100.0,100.0,30,0,0
1943,10.0,0.06,250,4,10,10,0.14926766126900132,0.025687279535529624,0.10415170614201996,0.19026673552259576,100.0,0.0,100.0,100.0,30,0,0
1944,10.0,0.07,0,2,10,10,0.03653368376631087,0.006975583418643766,0.027496436624876077,0.05078583766738675,100.0,0.0,100.0,100.0,30,0,0
1945,10.0,0.07,0,4,10,10,0.04361358089643995,0.008418950861664236,0.036116987870180785,0.05997143559210776,100.0,0.0,100.0,100.0,30,0,0
1946,10.0,0.07,50,2,10,10,0.04765891166756418,0.009807171094099095,0.0336583782675719,0.06286495407303382,100.0,0.0,100.0,100.0,30,0,0
1947,10.0,0.07,50,4,10,10,0.05602631998270487,0.015631925130837703,0.0415190102267158,0.08086888804392986,100.0,0.0,100.0,100.0,30,0,0
1948,10.0,0.07,100,2,10,10,0.06697977145906761,0.01351289780582811,0.05042729998524869,0.08451260603107054,100.0,0.0,100.0,100.0,30,0,0
1949,10.0,0.07,100,4,10,10,0.07593287569553682,0.015849962294154266,0.05338236662756168,0.10364727349521075,100.0,0.0,100.0,100.0,30,0,0
1950,10.0,0.07,150,2,10,10,0.08841818810309708,0.017757813311563037,0.06479302479559464,0.11581806429832171,100.0,0.0,100.0,100.0,30,0,0
1951,10.0,0.07,150,4,10,10,0.09831107313794414,0.02069339004590877,0.06654245556691257,0.1323173914611164,100.0,0.0,100.0,100.0,30,0,0
1952,10.0,0.07,200,2,10,10,0.11551340636734134,0.02451412150909278,0.08276241893670826,0.1497057102479753,100.0,0.0,100.0,100.0,30,0,0
1953,10.0,0.07,200,4,10,10,0.12371076987117971,0.021042305195733718,0.08407844436159036,0.15248147923010721,100.0,0.0,100.0,100.0,30,0,0
1954,10.0,0.07,250,2,10,10,0.1420499404840081,0.029655529089988378,0.0962545022012302,0.18708402169812888,100.0,0.0,100.0,100.0,30,0,0
1955,10.0,0.07,250,4,10,10,0.1524585393620998,0.02717931790750247,0.10307516854797333,0.1891538036442486,100.0,0.0,100.0,100.0,30,0,0
1956,10.0,0.08,0,2,10,10,0.03448108253858224,0.0045176126258996115,0.028593443018426378,0.04093957487132497,100.0,0.0,100.0,100.0,30,0,0
1957,10.0,0.08,0,4,10,10,0.04969192334820901,0.008627310204076002,0.03831980353746663,0.06242904368966942,100.0,0.0,100.0,100.0,30,0,0
1958,10.0,0.08,50,2,10,10,0.04703164410242262,0.008110677444564333,0.0376668346172401,0.06762780907020073,100.0,0.0,100.0,100.0,30,0,0
1959,10.0,0.08,50,4,10,10,0.053424747288256226,0.010015480500404053,0.03821876253111931,0.06975547553845256,100.0,0.0,100.0,100.0,30,0,0
1960,10.0,0.08,100,2,10,10,0.07003908854550066,0.012172632077084381,0.0571068735897454,0.0889933330713229,100.0,0.0,100.0,100.0,30,0,0
1961,10.0,0.08,100,4,10,10,0.07870174437574104,0.016073811635614013,0.058253125748340774,0.10133862545716976,100.0,0.0,100.0,100.0,30,0,0
1962,10.0,0.08,150,2,10,10,0.09865575736421081,0.01931262127017159,0.07374176015557846,0.12344783836187186,100.0,0.0,100.0,100.0,30,0,0
1963,10.0,0.08,150,4,10,10,0.10082909992155867,0.01674845263963309,0.0688444243495825,0.12007956349912012,100.0,0.0,100.0,100.0,30,0,0
1964,10.0,0.08,200,2,10,10,0.11901223219812126,0.026096002896163678,0.08534383906909195,0.1541983257936345,100.0,0.0,100.0,100.0,30,0,0
1965,10.0,0.08,200,4,10,10,0.12869734882465797,0.02180135960205446,0.09055737976957501,0.17457543833990086,100.0,0.0,100.0,100.0,30,0,0
1966,10.0,0.08,250,2,10,10,0.14839963366355838,0.03364877406704183,0.10026632694394312,0.19575699760642454,100.0,0.0,100.0,100.0,30,0,0
1967,10.0,0.08,250,4,10,10,0.15456681547179302,0.027026074574044504,0.10459926931684647,0.19420363703932556,100.0,0.0,100.0,100.0,30,0,0
1968,10.0,0.09,0,2,10,10,0.03642876189259344,0.007981885048823653,0.025684155960772472,0.050269652502280486,100.0,0.0,100.0,100.0,30,0,0
1969,10.0,0.09,0,4,10,10,0.052214259654068826,0.01073695689112279,0.037455900395169085,0.06852528330424454,100.0,0.0,100.0,100.0,30,0,0
1970,10.0,0.09,50,2,10,10,0.049621596910407836,0.009688467174073607,0.03772631980350394,0.0661669268577349,100.0,0.0,100.0,100.0,30,0,0
1971,10.0,0.09,50,4,10,10,0.05988530561189741,0.014039654126879433,0.04065949462045131,0.08311654269674802,100.0,0.0,100.0,100.0,30,0,0
1972,10.0,0.09,100,2,10,10,0.07617539443657495,0.012283516254337037,0.06117026556188682,0.09490660186210577,100.0,0.0,100.0,100.0,30,0,0
1973,10.0,0.09,100,4,10,10,0.08096890321739088,0.017334437146309598,0.0606601605073512,0.10583110203069256,100.0,0.0,100.0,100.0,30,0,0
1974,10.0,0.09,150,2,10,10,0.1016967302819209,0.01947001491126529,0.07488952050665083,0.12451779594849038,100.0,0.0,100.0,100.0,30,0,0
1975,10.0,0.09,150,4,10,10,0.10745319013710064,0.022881195954960378,0.0727459114656584,0.14617018010870342,100.0,0.0,100.0,100.0,30,0,0
1976,10.0,0.09,200,2,10,10,0.1286684052672064,0.028951985305130597,0.09250703440120596,0.17291637657160383,100.0,0.0,100.0,100.0,30,0,0
1977,10.0,0.09,200,4,10,10,0.13661867578064524,0.02279160095159158,0.1004946580268997,0.1737739380442714,100.0,0.0,100.0,100.0,30,0,0
1978,10.0,0.09,250,2,10,10,0.15678351628268,0.03365762554096247,0.11052995207232262,0.22135155763497164,100.0,0.0,100.0,100.0,30,0,0
1979,10.0,0.09,250,4,10,10,0.1625838537785311,0.02741383391253243,0.10421021461394775,0.1990862193771563,100.0,0.0,100.0,100.0,30,0,0
1980,10.0,0.1,0,2,10,10,0.031218961304463066,0.004493098353958896,0.022301743593270664,0.03660575006700315,100.0,0.0,100.0,100.0,30,0,0
1981,10.0,0.1,0,4,10,10,0.05581103616594788,0.01187541234152794,0.04440123868731874,0.08351760368071864,100.0,0.0,100.0,100.0,30,0,0
1982,10.0,0.1,50,2,10,10,0.05228549540138585,0.010037506586584104,0.03887677423563847,0.0658428521846381,100.0,0.0,100.0,100.0,30,0,0
1983,10.0,0.1,50,4,10,10,0.06304305659713832,0.015640657229772845,0.04504985627815941,0.08958744092383081,100.0,0.0,100.0,100.0,30,0,0
1984,10.0,0.1,100,2,10,10,0.07788046432662117,0.013509948804066899,0.06169459770116862,0.09998528823649187,100.0,0.0,100.0,100.0,30,0,0
1985,10.0,0.1,100,4,10,10,0.08339289498784638,0.01920207258475077,0.05566472722477491,0.11643486996288198,100.0,0.0,100.0,100.0,30,0,0
1986,10.0,0.1,150,2,10,10,0.10687357172621728,0.020534416430837827,0.08202243466314998,0.14323958235843345,100.0,0.0,100.0,100.0,30,0,0
1987,10.0,0.1,150,4,10,10,0.10992669637549006,0.02305540044706466,0.07441868825757801,0.13848236482301554,100.0,0.0,100.0,100.0,30,0,0
1988,10.0,0.1,200,2,10,10,0.1372939316496469,0.027817831525786953,0.1041018262297302,0.18279038865346664,100.0,0.0,100.0,100.0,30,0,0
1989,10.0,0.1,200,4,10,10,0.13853664569795648,0.024829877412303303,0.09011030147754823,0.17159864858090682,100.0,0.0,100.0,100.0,30,0,0
1990,10.0,0.1,250,2,10,10,0.16944853101787272,0.03993335496906024,0.11452768369006422,0.2433135378005571,100.0,0.0,100.0,100.0,30,0,0
1991,10.0,0.1,250,4,10,10,0.16557682404312274,0.028024748647566666,0.10775755829233084,0.2102309575165071,100.0,0.0,100.0,100.0,30,0,0
1992,10.0,0.11,0,2,10,10,0.03754660823935894,0.007721706574720142,0.024096188602060472,0.052038086652340186,100.0,0.0,100.0,100.0,30,0,0
1993,10.0,0.11,0,4,10,10,0.05956426810178267,0.01215735371581279,0.043593481168081344,0.07777048410128586,100.0,0.0,100.0,100.0,30,0,0
1994,10.0,0.11,50,2,10,10,0.051253738436056503,0.00910652494519702,0.0391604533668164,0.06494193984808408,100.0,0.0,100.0,100.0,30,0,0
1995,10.0,0.11,50,4,10,10,0.06448505516527206,0.01657369250711939,0.0465497363692734,0.10096210466792915,100.0,0.0,100.0,100.0,30,0,0
1996,10.0,0.11,100,2,10,10,0.08103683794514019,0.015270368978077369,0.06017009678921731,0.10162216824228686,100.0,0.0,100.0,100.0,30,0,0
1997,10.0,0.11,100,4,10,10,0.08833650162502231,0.023818833335966624,0.05932646772016617,0.1244748931434534,100.0,0.0,100.0,100.0,30,0,0
1998,10.0,0.11,150,2,10,10,0.11574823255215434,0.025193829592633093,0.08522993838516109,0.15485444297593826,100.0,0.0,100.0,100.0,30,0,0
1999,10.0,0.11,150,4,10,10,0.11521169895215562,0.025539742528807467,0.08128922428908378,0.15658216915049725,100.0,0.0,100.0,100.0,30,0,0
2000,10.0,0.11,200,2,10,10,0.14641084486401457,0.0311217858406085,0.09831870371803775,0.19375783065510513,100.0,0.0,100.0,100.0,30,0,0
2001,10.0,0.11,200,4,10,10,0.141830708081778,0.028440898007528807,0.09248647483944396,0.18646052780326436,100.0,0.0,100.0,100.0,30,0,0
2002,10.0,0.11,250,2,10,10,0.18110522476297478,0.0405233786872833,0.12075722435581238,0.24699066336682596,100.0,0.0,100.0,100.0,30,0,0
2003,10.0,0.11,250,4,10,10,0.1724590528865873,0.03323564255052023,0.10775256231271287,0.22128331971431792,100.0,0.0,100.0,100.0,30,0,0
2004,10.0,0.12,0,2,10,10,0.03623180645506109,0.00681342818490469,0.027302404505426314,0.0483089386563191,100.0,0.0,100.0,100.0,30,0,0
2005,10.0,0.12,0,4,10,10,0.06663895478599316,0.01722485687692333,0.04393109019724958,0.09921363748415506,100.0,0.0,100.0,100.0,30,0,0
2006,10.0,0.12,50,2,10,10,0.05183937983139142,0.008743232834287882,0.038303569422534954,0.06791544196556754,100.0,0.0,100.0,100.0,30,0,0
2007,10.0,0.12,50,4,10,10,0.07356045532129105,0.021713851544790885,0.05116759284358052,0.10392348760991588,100.0,0.0,100.0,100.0,30,0,0
2008,10.0,0.12,100,2,10,10,0.08985842917337873,0.018835727481097016,0.06667301970489968,0.1170917981481379,100.0,0.0,100.0,100.0,30,0,0
2009,10.0,0.12,100,4,10,10,0.09104739965332725,0.020185740525087016,0.06282280292727745,0.1248930005443216,100.0,0.0,100.0,100.0,30,0,0
2010,10.0,0.12,150,2,10,10,0.12347382972148199,0.02467058063486983,0.08980471471275046,0.16161699697616175,100.0,0.0,100.0,100.0,30,0,0
2011,10.0,0.12,150,4,10,10,0.12153920423705811,0.026901847033143474,0.08022927593491065,0.1657712160002175,100.0,0.0,100.0,100.0,30,0,0
2012,10.0,0.12,200,2,10,10,0.16058147928205804,0.03432962174766932,0.11040777985725499,0.21729746370410438,100.0,0.0,100.0,100.0,30,0,0
2013,10.0,0.12,200,4,10,10,0.14838924110939783,0.02604967560960212,0.097492382827688,0.18322317747795194,100.0,0.0,100.0,100.0,30,0,0
2014,10.0,0.12,250,2,10,10,0.1938247699083125,0.04515195141395535,0.12594526778451676,0.27446921000156393,100.0,0.0,100.0,100.0,30,0,0
2015,10.0,0.12,250,4,10,10,0.18022858159682784,0.032863257309535925,0.11534387373980438,0.23135593015724545,100.0,0.0,100.0,100.0,30,0,0
2016,10.0,0.13,0,2,10,10,0.037941051659369444,0.0061642276867644435,0.028984344504294633,0.0476474904410526,100.0,0.0,100.0,100.0,30,0,0
2017,10.0,0.13,0,4,10,10,0.06954685593821389,0.017244812590114733,0.04505568065153006,0.09985705226960391,100.0,0.0,100.0,100.0,30,0,0
2018,10.0,0.13,50,2,10,10,0.059058581609248914,0.009386232317471713,0.05093685540098206,0.08135499091169605,100.0,0.0,100.0,100.0,30,0,0
2019,10.0,0.13,50,4,10,10,0.07655031074404675,0.02238313952936672,0.04505269994346173,0.12089727217303692,100.0,0.0,100.0,100.0,30,0,0
2020,10.0,0.13,100,2,10,10,0.09429308924261035,0.016179066858534923,0.06990285706787593,0.11853729240565429,100.0,0.0,100.0,100.0,30,0,0
2021,10.0,0.13,100,4,10,10,0.09831661476392485,0.02598799376578866,0.067564325356778,0.14654236354574668,100.0,0.0,100.0,100.0,30,0,0
2022,10.0,0.13,150,2,10,10,0.13445293143799772,0.028823666524947365,0.0935785218823068,0.18646913231273599,100.0,0.0,100.0,100.0,30,0,0
2023,10.0,0.13,150,4,10,10,0.12430369582279858,0.025009213110788565,0.08840787947311075,0.1685356644598676,100.0,0.0,100.0,100.0,30,0,0
2024,10.0,0.13,200,2,10,10,0.1746953957680278,0.0346584534063003,0.12273978846153914,0.23030341795914722,100.0,0.0,100.0,100.0,30,0,0
2025,10.0,0.13,200,4,10,10,0.1548354747999094,0.032492075553559034,0.09554322469337517,0.21275421849550868,100.0,0.0,100.0,100.0,30,0,0
2026,10.0,0.13,250,2,10,10,0.21366309422297985,0.048292997564761395,0.13663814237035962,0.3007674004376087,100.0,0.0,100.0,100.0,30,0,0
2027,10.0,0.13,250,4,10,10,0.18716305129300767,0.03603732054603528,0.12767193549110506,0.2531484656829323,100.0,0.0,100.0,100.0,30,0,0
2028,10.0,0.14,0,2,10,10,0.042121847178763286,0.006764847890467328,0.03525141942038839,0.058385257888599246,100.0,0.0,100.0,100.0,30,0,0
2029,10.0,0.14,0,4,10,10,0.07438128242376488,0.020154935895758567,0.04486001652329951,0.10769504938059071,100.0,0.0,100.0,100.0,30,0,0
2030,10.0,0.14,50,2,10,10,0.0648495822520438,0.008300367586635384,0.05081365805771614,0.07436697071089007,100.0,0.0,100.0,100.0,30,0,0
2031,10.0,0.14,50,4,10,10,0.0807730992398349,0.020643096572712977,0.05646985416436217,0.12106419709569154,100.0,0.0,100.0,100.0,30,0,0
2032,10.0,0.14,100,2,10,10,0.10212263990084629,0.018259590540974834,0.07790882863720207,0.12749299282750223,100.0,0.0,100.0,100.0,30,0,0
2033,10.0,0.14,100,4,10,10,0.1014937188591156,0.02743674535425249,0.06111117654848566,0.15509314060311222,100.0,0.0,100.0,100.0,30,0,0
2034,10.0,0.14,150,2,10,10,0.14519091140996615,0.028698632395663573,0.10074318556782412,0.189442067560975,100.0,0.0,100.0,100.0,30,0,0
2035,10.0,0.14,150,4,10,10,0.13021328296667087,0.03131472730756823,0.07914273287606342,0.17353509143236892,100.0,0.0,100.0,100.0,30,0,0
2036,10.0,0.14,200,2,10,10,0.188980493061071,0.039049692537947094,0.1290217710971041,0.25564151619393294,100.0,0.0,100.0,100.0,30,0,0
2037,10.0,0.14,200,4,10,10,0.1576533737623172,0.032941038377619976,0.10309105996858538,0.21503909555129308,100.0,0.0,100.0,100.0,30,0,0
2038,10.0,0.14,250,2,10,10,0.23398073234707453,0.05225760545970772,0.1462599479050299,0.3247705256611104,100.0,0.0,100.0,100.0,30,0,0
2039,10.0,0.14,250,4,10,10,0.1892601091448654,0.034459111609275055,0.12510560540061746,0.250115482471643,100.0,0.0,100.0,100.0,30,0,0
2040,10.0,0.15,0,2,10,10,0.04099026980913759,0.0057349222968608145,0.031013870116735953,0.0468805424368666,100.0,0.0,100.0,100.0,30,0,0
2041,10.0,0.15,0,4,10,10,0.08338804256012469,0.022255795583484977,0.053115576878690375,0.11922041841734687,100.0,0.0,100.0,100.0,30,0,0
2042,10.0,0.15,50,2,10,10,0.0684298807773963,0.010540623657430912,0.056832980329790846,0.08972844293217559,100.0,0.0,100.0,100.0,30,0,0
2043,10.0,0.15,50,4,10,10,0.08837765809296957,0.024257028915331852,0.0580258847696884,0.14229779957203617,100.0,0.0,100.0,100.0,30,0,0
2044,10.0,0.15,100,2,10,10,0.11161437140308728,0.02160842144604899,0.0774415168925927,0.14682012979821266,100.0,0.0,100.0,100.0,30,0,0
2045,10.0,0.15,100,4,10,10,0.10822662720561879,0.031345084969767394,0.06554643118779968,0.17222202477183682,100.0,0.0,100.0,100.0,30,0,0
2046,10.0,0.15,150,2,10,10,0.15876140596577706,0.03140456038289581,0.10703807228677852,0.20677773508319444,100.0,0.0,100.0,100.0,30,0,0
2047,10.0,0.15,150,4,10,10,0.1360852986884262,0.032957479262688126,0.08291201243696171,0.18843150253860863,100.0,0.0,100.0,100.0,30,0,0
2048,10.0,0.15,200,2,10,10,0.2063764029277772,0.04840559758479837,0.13178533486301097,0.29136367056571927,100.0,0.0,100.0,100.0,30,0,0
2049,10.0,0.15,200,4,10,10,0.1654055047152161,0.0342653131368633,0.107611412276977,0.22410742063402755,100.0,0.0,100.0,100.0,30,0,0
2050,10.0,0.15,250,2,10,10,0.25421908350569733,0.06054051359385725,0.1535334260462109,0.3709481963577286,100.0,0.0,100.0,100.0,30,0,0
2051,10.0,0.15,250,4,10,10,0.20245089382100562,0.04287195036716707,0.12483320877217037,0.27358267369558004,100.0,0.0,100.0,100.0,30,0,0
2052,10.0,0.16,0,2,10,10,0.04603086688217965,0.007798259603337717,0.0348339301404132,0.06101970775200444,100.0,0.0,100.0,100.0,30,0,0
2053,10.0,0.16,0,4,10,10,0.09009137454732899,0.021068342788733794,0.05611695294941576,0.12601110211255404,100.0,0.0,100.0,100.0,30,0,0
2054,10.0,0.16,50,2,10,10,0.07504639164529457,0.009456693202443916,0.05978921726255874,0.08563899945816816,100.0,0.0,100.0,100.0,30,0,0
2055,10.0,0.16,50,4,10,10,0.09664246235934607,0.024628748259065258,0.06392825816893531,0.13964134817510818,100.0,0.0,100.0,100.0,30,0,0
2056,10.0,0.16,100,2,10,10,0.1213250588977867,0.019925924290820168,0.0909637247228285,0.14418490458666858,100.0,0.0,100.0,100.0,30,0,0
2057,10.0,0.16,100,4,10,10,0.11798301367776058,0.03509152621436435,0.06804489391331975,0.18026729732876903,100.0,0.0,100.0,100.0,30,0,0
2058,10.0,0.16,150,2,10,10,0.17112565022098666,0.033440531031289834,0.11420450231539835,0.21565056185234774,100.0,0.0,100.0,100.0,30,0,0
2059,10.0,0.16,150,4,10,10,0.1433191630913488,0.035300355164465516,0.09145311300501106,0.20791688696446586,100.0,0.0,100.0,100.0,30,0,0
2060,10.0,0.16,200,2,10,10,0.22356914314355528,0.049484054153475045,0.13954646358319983,0.3095876247183678,100.0,0.0,100.0,100.0,30,0,0
2061,10.0,0.16,200,4,10,10,0.1741529269555372,0.036958342123039424,0.10142902105823792,0.24010351359784096,100.0,0.0,100.0,100.0,30,0,0
2062,10.0,0.16,250,2,10,10,0.2795624201028716,0.06942618021034581,0.16306141441479213,0.41533678712117234,100.0,0.0,100.0,100.0,30,0,0
2063,10.0,0.16,250,4,10,10,0.20708638368735274,0.045636346386671675,0.1244123785215067,0.28691378921303096,100.0,0.0,100.0,100.0,30,0,0
2064,10.0,0.17,0,2,10,10,0.04366860303436791,0.008161000286656775,0.03036517978680357,0.060164611907799065,100.0,0.0,100.0,100.0,30,0,0
2065,10.0,0.17,0,4,10,10,0.1023262053301635,0.02367502095855679,0.06107356757217841,0.14319236199829974,100.0,0.0,100.0,100.0,30,0,0
2066,10.0,0.17,50,2,10,10,0.07825349049528722,0.00948890149131462,0.06443699084017701,0.09287687022202586,100.0,0.0,100.0,100.0,30,0,0
2067,10.0,0.17,50,4,10,10,0.10510899358446912,0.028209060256208014,0.05868231089624847,0.15121225159746263,100.0,0.0,100.0,100.0,30,0,0
2068,10.0,0.17,100,2,10,10,0.13601575882496597,0.025237016105767666,0.09254545492265152,0.1739577095173923,100.0,0.0,100.0,100.0,30,0,0
2069,10.0,0.17,100,4,10,10,0.12650616290577524,0.03754072233768457,0.07397004272605441,0.19077755912942984,100.0,0.0,100.0,100.0,30,0,0
2070,10.0,0.17,150,2,10,10,0.1885743911067366,0.0411770587433422,0.11265021888473936,0.25417597624898847,100.0,0.0,100.0,100.0,30,0,0
2071,10.0,0.17,150,4,10,10,0.15451990936292964,0.03778300518585047,0.09322026793417763,0.2157477235902235,100.0,0.0,100.0,100.0,30,0,0
2072,10.0,0.17,200,2,10,10,0.24737313030746105,0.05783531544803845,0.14971736611874384,0.35308683285137366,100.0,0.0,100.0,100.0,30,0,0
2073,10.0,0.17,200,4,10,10,0.18318661054988655,0.044188534763320214,0.10764913306518657,0.259737296537363,100.0,0.0,100.0,100.0,30,0,0
2074,10.0,0.17,250,2,10,10,0.34332219663991836,0.12202668278331745,0.1760310955563343,0.6100241308279981,100.0,0.0,100.0,100.0,30,0,0
2075,10.0,0.17,250,4,10,10,0.21944299976469428,0.043665775372425865,0.13880237454806754,0.28731361620738455,100.0,0.0,100.0,100.0,30,0,0
2076,10.0,0.18,0,2,10,10,0.04884077973428676,0.00808526095497899,0.037051332908336655,0.06628930433070919,100.0,0.0,100.0,100.0,30,0,0
2077,10.0,0.18,0,4,10,10,0.11326505536988851,0.028104018191325127,0.07910089038212793,0.16934040526409763,100.0,0.0,100.0,100.0,30,0,0
2078,10.0,0.18,50,2,10,10,0.09029683784354715,0.014156843195141829,0.06815106478630747,0.11559375198272022,100.0,0.0,100.0,100.0,30,0,0
2079,10.0,0.18,50,4,10,10,0.11374666684492936,0.03339715816456297,0.061121868157933086,0.1733812862366807,100.0,0.0,100.0,100.0,30,0,0
2080,10.0,0.18,100,2,10,10,0.1459038921344677,0.02882309124739753,0.09157116031308522,0.182059294543177,100.0,0.0,100.0,100.0,30,0,0
2081,10.0,0.18,100,4,10,10,0.133515548763203,0.038662213607515844,0.07458152370144273,0.2010414289996135,100.0,0.0,100.0,100.0,30,0,0
2082,10.0,0.18,150,2,10,10,0.20720311391468,0.039779361195484184,0.13288266849961086,0.27123823180702816,100.0,0.0,100.0,100.0,30,0,0
2083,10.0,0.18,150,4,10,10,0.16397071640759503,0.0422407100832879,0.10040977047889811,0.23488028429802502,100.0,0.0,100.0,100.0,30,0,0
2084,10.0,0.18,200,2,10,10,0.27226877197175836,0.06285924099256626,0.16102779598044584,0.38916762581267195,100.0,0.0,100.0,100.0,30,0,0
2085,10.0,0.18,200,4,10,10,0.1949224152670149,0.04522671021039297,0.1166072707888242,0.2712051471069418,100.0,0.0,100.0,100.0,30,0,0
2086,10.0,0.18,250,2,10,10,0.3889993261328455,0.1664404308774917,0.17642111565315197,0.7907819760088288,100.0,0.0,100.0,100.0,30,0,0
2087,10.0,0.18,250,4,10,10,0.2284346213698313,0.05391377355798071,0.13927632967430167,0.31120739790461144,100.0,0.0,100.0,100.0,30,0,0
2088,10.0,0.19,0,2,10,10,0.05170502805538955,0.009166478984674844,0.03736993495995745,0.06931866772104649,100.0,0.0,100.0,100.0,30,0,0
2089,10.0,0.19,0,4,10,10,0.125783021880535,0.02819973088546932,0.08426409780197437,0.1749668807578597,100.0,0.0,100.0,100.0,30,0,0
2090,10.0,0.19,50,2,10,10,0.09244145710905169,0.0121423511591075,0.07681284851026886,0.10945788751530967,100.0,0.0,100.0,100.0,30,0,0
2091,10.0,0.19,50,4,10,10,0.1288036141853882,0.03427715187593039,0.0660868393940242,0.18408410751924817,100.0,0.0,100.0,100.0,30,0,0
2092,10.0,0.19,100,2,10,10,0.15784018125965454,0.03030102068842328,0.1046659404250491,0.1926509139324988,100.0,0.0,100.0,100.0,30,0,0
2093,10.0,0.19,100,4,10,10,0.14722690840934752,0.046461296792093994,0.07560201125590106,0.22691709943887237,100.0,0.0,100.0,100.0,30,0,0
2094,10.0,0.19,150,2,10,10,0.22693963791227661,0.04450610124227444,0.14324513209254297,0.2951352787165491,100.0,0.0,100.0,100.0,30,0,0
2095,10.0,0.19,150,4,10,10,0.17578483467337047,0.047778757916652065,0.09991258889155358,0.2636240326144898,100.0,0.0,100.0,100.0,30,0,0
2096,10.0,0.19,200,2,10,10,0.29891002125873306,0.06940262615286878,0.17073749549065323,0.43427818084433545,100.0,0.0,100.0,100.0,30,0,0
2097,10.0,0.19,200,4,10,10,0.20341692209811554,0.047576131636573836,0.12588938300283758,0.2778562448452347,100.0,0.0,100.0,100.0,30,0,0
2098,10.0,0.19,250,2,10,10,0.4205345015803045,0.16432229481303978,0.19718240365222947,0.8056548437253709,100.0,0.0,100.0,100.0,30,0,0
2099,10.0,0.19,250,4,10,10,0.23775011038545935,0.05381026189301975,0.14554692495181829,0.3213894651723217,100.0,0.0,100.0,100.0,30,0,0
2100,10.0,0.2,0,2,10,10,0.05571716199132286,0.009553536292318022,0.03870673210839161,0.06737389436244284,100.0,0.0,100.0,100.0,30,0,0
2101,10.0,0.2,0,4,10,10,0.14038306160292563,0.03510245570401382,0.0842522215092859,0.2041023465921917,100.0,0.0,100.0,100.0,30,0,0
2102,10.0,0.2,50,2,10,10,0.1086965869664241,0.018730802070776615,0.08622046433854585,0.13940073806722478,100.0,0.0,100.0,100.0,30,0,0
2103,10.0,0.2,50,4,10,10,0.1432952086375368,0.0382767808539971,0.07962601907219902,0.2122479120915907,100.0,0.0,100.0,100.0,30,0,0
2104,10.0,0.2,100,2,10,10,0.17477741151582316,0.03401813567691454,0.11171563810526035,0.22145846139885147,100.0,0.0,100.0,100.0,30,0,0
2105,10.0,0.2,100,4,10,10,0.157843698772057,0.04906236698489455,0.08419835395763327,0.23765690771485368,100.0,0.0,100.0,100.0,30,0,0
2106,10.0,0.2,150,2,10,10,0.24975864478203666,0.0521765160596603,0.14487432290014332,0.33699215690393564,100.0,0.0,100.0,100.0,30,0,0
2107,10.0,0.2,150,4,10,10,0.18373551708747002,0.048293601554906564,0.11306109369639743,0.2706276219295438,100.0,0.0,100.0,100.0,30,0,0
2108,10.0,0.2,200,2,10,10,0.3281981194383524,0.08073346886564713,0.1702318942587089,0.48568585990048324,100.0,0.0,100.0,100.0,30,0,0
2109,10.0,0.2,200,4,10,10,0.2176463548403417,0.056171486126044466,0.1295570276461149,0.3212857565067299,100.0,0.0,100.0,100.0,30,0,0
2110,10.0,0.2,250,2,10,10,0.45822597283081545,0.17182064560989965,0.20108213962766552,0.8135541780781755,99.88888888888889,0.3513641844631466,98.8888888888889,100.0,30,0,0
2111,10.0,0.2,250,4,10,10,0.25485648395633786,0.059926649599304896,0.15464810781464364,0.3613316177541909,100.0,0.0,100.0,100.0,30,0,0
2112,10.5,0.05,0,2,10,10,0.03316886869732207,0.002914831107584461,0.02907791580376089,0.03831683211921157,100.0,0.0,100.0,100.0,30,0,0
2113,10.5,0.05,0,4,10,10,0.04064078778724102,0.005192526119055428,0.03482495557644752,0.051808305087199726,100.0,0.0,100.0,100.0,30,0,0
2114,10.5,0.05,50,2,10,10,0.038398287211326695,0.006958810719353921,0.030294325882161525,0.05358077901201516,100.0,0.0,100.0,100.0,30,0,0
2115,10.5,0.05,50,4,10,10,0.04781093990895607,0.008430730106423574,0.0334129257004685,0.0579273579742453,100.0,0.0,100.0,100.0,30,0,0
2116,10.5,0.05,100,2,10,10,0.05975877581803711,0.008405294820271242,0.04721432201843052,0.07002107405210768,100.0,0.0,100.0,100.0,30,0,0
2117,10.5,0.05,100,4,10,10,0.06538159971072258,0.01061687926000298,0.04868635591013152,0.0796754294110703,100.0,0.0,100.0,100.0,30,0,0
2118,10.5,0.05,150,2,10,10,0.0764418426827605,0.016752201815590215,0.05406274909557687,0.10111984448562263,100.0,0.0,100.0,100.0,30,0,0
2119,10.5,0.05,150,4,10,10,0.08631163973348528,0.011084620864872599,0.06759850363747201,0.10168131634016946,100.0,0.0,100.0,100.0,30,0,0
2120,10.5,0.05,200,2,10,10,0.09696621591743668,0.02281282102511289,0.06668070098869133,0.14036022294541625,100.0,0.0,100.0,100.0,30,0,0
2121,10.5,0.05,200,4,10,10,0.1083415073510043,0.012551674335247717,0.08585679172863693,0.1302961305105418,100.0,0.0,100.0,100.0,30,0,0
2122,10.5,0.05,250,2,10,10,0.1173391947551933,0.024035037227059835,0.08803603114609139,0.1555668596837206,100.0,0.0,100.0,100.0,30,0,0
2123,10.5,0.05,250,4,10,10,0.1284039676277256,0.01662915648226842,0.10275627831835893,0.14943829004633322,100.0,0.0,100.0,100.0,30,0,0
2124,10.5,0.06,0,2,10,10,0.031442007904912875,0.004290558225721852,0.025720293644397065,0.037774636075653435,100.0,0.0,100.0,100.0,30,0,0
2125,10.5,0.06,0,4,10,10,0.04157232211132353,0.006870345796530212,0.0295038457368904,0.05284247810611406,100.0,0.0,100.0,100.0,30,0,0
2126,10.5,0.06,50,2,10,10,0.04185422683518179,0.005191401047829001,0.03418903366096112,0.050453896516190345,100.0,0.0,100.0,100.0,30,0,0
2127,10.5,0.06,50,4,10,10,0.05207737378051397,0.007522485682412865,0.04236559196518194,0.06394152804696018,100.0,0.0,100.0,100.0,30,0,0
2128,10.5,0.06,100,2,10,10,0.061123651101847976,0.012817316832342029,0.04004384573759801,0.080673760585411,100.0,0.0,100.0,100.0,30,0,0
2129,10.5,0.06,100,4,10,10,0.06761001626278518,0.009887961698549044,0.054600732549405485,0.08870533856939071,100.0,0.0,100.0,100.0,30,0,0
2130,10.5,0.06,150,2,10,10,0.08155306754115792,0.01586772917951511,0.06208915069814317,0.10835206071372072,100.0,0.0,100.0,100.0,30,0,0
2131,10.5,0.06,150,4,10,10,0.08846557652352333,0.011551863153651122,0.07128222581890663,0.11084012911027769,100.0,0.0,100.0,100.0,30,0,0
2132,10.5,0.06,200,2,10,10,0.1054862407280596,0.02565166393789547,0.07917796472944812,0.16612940353272168,100.0,0.0,100.0,100.0,30,0,0
2133,10.5,0.06,200,4,10,10,0.11140581809754731,0.014297107862560058,0.08814586000690759,0.1317239929937352,100.0,0.0,100.0,100.0,30,0,0
2134,10.5,0.06,250,2,10,10,0.12557300781912822,0.029422215315101124,0.09055006464067289,0.1777920264175098,100.0,0.0,100.0,100.0,30,0,0
2135,10.5,0.06,250,4,10,10,0.13256556333959474,0.016695620025445845,0.10500018676251448,0.15090511598407194,100.0,0.0,100.0,100.0,30,0,0
2136,10.5,0.07,0,2,10,10,0.03389788954214112,0.004780011176989234,0.025264444525954055,0.04188732676029161,100.0,0.0,100.0,100.0,30,0,0
2137,10.5,0.07,0,4,10,10,0.04343383662200616,0.0076123812329244684,0.031286084761565656,0.05528828492707207,100.0,0.0,100.0,100.0,30,0,0
2138,10.5,0.07,50,2,10,10,0.04458715467468992,0.007041541064797493,0.033838546591368125,0.05643426802159949,100.0,0.0,100.0,100.0,30,0,0
2139,10.5,0.07,50,4,10,10,0.04814201935173372,0.008210635927261649,0.033472813160469655,0.061596937189979974,100.0,0.0,100.0,100.0,30,0,0
2140,10.5,0.07,100,2,10,10,0.06182609374565042,0.010936207729912106,0.043776640465114036,0.07774965269801735,100.0,0.0,100.0,100.0,30,0,0
2141,10.5,0.07,100,4,10,10,0.06922533246700333,0.00990495805122019,0.05281239929980039,0.08767014870115504,100.0,0.0,100.0,100.0,30,0,0
2142,10.5,0.07,150,2,10,10,0.08598102133392227,0.020697269160508822,0.053542397759786774,0.12367538507388141,100.0,0.0,100.0,100.0,30,0,0
2143,10.5,0.07,150,4,10,10,0.08632212701248103,0.012082154412583774,0.06343648469129434,0.10744394001057804,100.0,0.0,100.0,100.0,30,0,0
2144,10.5,0.07,200,2,10,10,0.11070978897897614,0.024973757326376748,0.07881447356783856,0.1580492081030861,100.0,0.0,100.0,100.0,30,0,0
2145,10.5,0.07,200,4,10,10,0.11401313061666533,0.016460739731794613,0.08511521881111311,0.1361741226848642,100.0,0.0,100.0,100.0,30,0,0
2146,10.5,0.07,250,2,10,10,0.13462542075389897,0.03249415077924192,0.09716387798046537,0.19116591863272314,100.0,0.0,100.0,100.0,30,0,0
2147,10.5,0.07,250,4,10,10,0.136721166277244,0.014894288241122218,0.11165470335846635,0.15771236088118298,100.0,0.0,100.0,100.0,30,0,0
2148,10.5,0.08,0,2,10,10,0.03578772176508269,0.005441943346097895,0.030228305935505143,0.04892068471173857,100.0,0.0,100.0,100.0,30,0,0
2149,10.5,0.08,0,4,10,10,0.04689885120335105,0.008503799815457215,0.034897332781146005,0.0621359099595159,100.0,0.0,100.0,100.0,30,0,0
2150,10.5,0.08,50,2,10,10,0.04351413695298006,0.005699341671348078,0.03557082791081149,0.05326738867477804,100.0,0.0,100.0,100.0,30,0,0
2151,10.5,0.08,50,4,10,10,0.04912786150062734,0.008242187240239613,0.037668398306053716,0.06692902944447233,100.0,0.0,100.0,100.0,30,0,0
2152,10.5,0.08,100,2,10,10,0.06228189801216146,0.009243496519050038,0.047160086805383854,0.0780974793934988,100.0,0.0,100.0,100.0,30,0,0
2153,10.5,0.08,100,4,10,10,0.07091587762492632,0.009692236812663143,0.059742269683895156,0.08601708807772802,100.0,0.0,100.0,100.0,30,0,0
2154,10.5,0.08,150,2,10,10,0.09034170224784938,0.015748607866121065,0.06696607131362854,0.11284075503801932,100.0,0.0,100.0,100.0,30,0,0
2155,10.5,0.08,150,4,10,10,0.09141536416192146,0.012318112477139556,0.07178619554012275,0.10990448424831677,100.0,0.0,100.0,100.0,30,0,0
2156,10.5,0.08,200,2,10,10,0.11612120316365222,0.02525648542168314,0.0842468179298763,0.15936372628021012,100.0,0.0,100.0,100.0,30,0,0
2157,10.5,0.08,200,4,10,10,0.11551667578982108,0.013404459612702318,0.08996012509020383,0.13514633664112088,100.0,0.0,100.0,100.0,30,0,0
2158,10.5,0.08,250,2,10,10,0.1453282730886951,0.036009274791425024,0.10204045491534024,0.2155293045370332,100.0,0.0,100.0,100.0,30,0,0
2159,10.5,0.08,250,4,10,10,0.141103068716227,0.015993548638999888,0.12048416467637431,0.16396209410507204,100.0,0.0,100.0,100.0,30,0,0
2160,10.5,0.09,0,2,10,10,0.033809264846152876,0.003688285196783222,0.02966935292742488,0.0422229332853021,100.0,0.0,100.0,100.0,30,0,0
2161,10.5,0.09,0,4,10,10,0.04958728657082338,0.01013478362986477,0.03348286096153578,0.06536023883229956,100.0,0.0,100.0,100.0,30,0,0
2162,10.5,0.09,50,2,10,10,0.04422703399042209,0.008823887293071118,0.029453356342246977,0.05871374998614489,100.0,0.0,100.0,100.0,30,0,0
2163,10.5,0.09,50,4,10,10,0.052256563679873635,0.011546752270732052,0.03762281559151372,0.07819604212548074,100.0,0.0,100.0,100.0,30,0,0
2164,10.5,0.09,100,2,10,10,0.07224343381997336,0.016167176314084385,0.04828527836467809,0.09996125747285468,100.0,0.0,100.0,100.0,30,0,0
2165,10.5,0.09,100,4,10,10,0.06798860924918573,0.007715837561789456,0.06121892318299325,0.0853666575427287,100.0,0.0,100.0,100.0,30,0,0
2166,10.5,0.09,150,2,10,10,0.09757664888943408,0.019078117630381662,0.07492698014375652,0.13116441302758478,100.0,0.0,100.0,100.0,30,0,0
2167,10.5,0.09,150,4,10,10,0.09619597867126652,0.013061138833123204,0.07326690534225794,0.11421472502451384,100.0,0.0,100.0,100.0,30,0,0
2168,10.5,0.09,200,2,10,10,0.12569482411910518,0.03286885311212551,0.08709142109567225,0.1888082177244601,100.0,0.0,100.0,100.0,30,0,0
2169,10.5,0.09,200,4,10,10,0.1161359753044808,0.013645097305459363,0.0920770584352264,0.13829823455899823,100.0,0.0,100.0,100.0,30,0,0
2170,10.5,0.09,250,2,10,10,0.15526703896917401,0.03947341369831082,0.11182033816580668,0.23995026257598398,100.0,0.0,100.0,100.0,30,0,0
2171,10.5,0.09,250,4,10,10,0.14408258845909858,0.01766221901183039,0.11920465197172164,0.1731499562225006,100.0,0.0,100.0,100.0,30,0,0
2172,10.5,0.1,0,2,10,10,0.038144263156535976,0.006902486598027894,0.030422598876964305,0.05208257445264258,100.0,0.0,100.0,100.0,30,0,0
2173,10.5,0.1,0,4,10,10,0.04665324175703425,0.009446682792471251,0.03358519859971582,0.06322047828404763,100.0,0.0,100.0,100.0,30,0,0
2174,10.5,0.1,50,2,10,10,0.04522476060579676,0.00994502410797383,0.03436873741703251,0.06750422055301691,100.0,0.0,100.0,100.0,30,0,0
2175,10.5,0.1,50,4,10,10,0.05082379749595275,0.0103487630419345,0.03805874013707306,0.0681370886723744,100.0,0.0,100.0,100.0,30,0,0
2176,10.5,0.1,100,2,10,10,0.07622897922164465,0.01584543437759749,0.04704756130599275,0.09755178829313144,100.0,0.0,100.0,100.0,30,0,0
2177,10.5,0.1,100,4,10,10,0.07416001535719641,0.01233674388436972,0.0567010411987176,0.0998636353825124,100.0,0.0,100.0,100.0,30,0,0
2178,10.5,0.1,150,2,10,10,0.10540819719085559,0.0240933130070442,0.07527354155049475,0.1469930285507428,100.0,0.0,100.0,100.0,30,0,0
2179,10.5,0.1,150,4,10,10,0.09472603029520131,0.013014755989995875,0.07302102889441668,0.11717326041641007,100.0,0.0,100.0,100.0,30,0,0
2180,10.5,0.1,200,2,10,10,0.1365682445719357,0.03242961143333692,0.09753404558998724,0.19970971776326563,100.0,0.0,100.0,100.0,30,0,0
2181,10.5,0.1,200,4,10,10,0.12362123851318796,0.01629589290026643,0.0969740096539143,0.14687957498710294,100.0,0.0,100.0,100.0,30,0,0
2182,10.5,0.1,250,2,10,10,0.16698295781320938,0.04008949216341535,0.11489975334361378,0.24413321460764206,100.0,0.0,100.0,100.0,30,0,0
2183,10.5,0.1,250,4,10,10,0.15009294887059904,0.018590027588989894,0.12033818414085413,0.17889787915273078,100.0,0.0,100.0,100.0,30,0,0
2184,10.5,0.11,0,2,10,10,0.03750437457603221,0.003394263763836931,0.03182194150859655,0.04194761459353544,100.0,0.0,100.0,100.0,30,0,0
2185,10.5,0.11,0,4,10,10,0.05366313795346701,0.01551620026398912,0.038773873126066415,0.08612583922052768,100.0,0.0,100.0,100.0,30,0,0
2186,10.5,0.11,50,2,10,10,0.04977707352568452,0.009716506397414506,0.034356547729046276,0.06357062513892771,100.0,0.0,100.0,100.0,30,0,0
2187,10.5,0.11,50,4,10,10,0.05693389227107744,0.010448873219403357,0.04446303725686385,0.07255913702662342,100.0,0.0,100.0,100.0,30,0,0
2188,10.5,0.11,100,2,10,10,0.08219988673426312,0.01479161795037257,0.05759876538108697,0.10212368053507714,100.0,0.0,100.0,100.0,30,0,0
2189,10.5,0.11,100,4,10,10,0.07262790761145152,0.012438114304196777,0.056339205595887586,0.09437980644019783,100.0,0.0,100.0,100.0,30,0,0
2190,10.5,0.11,150,2,10,10,0.11317619449882714,0.02417482826730164,0.07724711043889378,0.15466267591142832,100.0,0.0,100.0,100.0,30,0,0
2191,10.5,0.11,150,4,10,10,0.10112383115605235,0.012909171964599198,0.0780883378463665,0.121231328121633,100.0,0.0,100.0,100.0,30,0,0
2192,10.5,0.11,200,2,10,10,0.14583507656711855,0.035324018823059335,0.09936269977042449,0.21167984631317147,100.0,0.0,100.0,100.0,30,0,0
2193,10.5,0.11,200,4,10,10,0.12787263726053166,0.014455020868760682,0.1044304211201821,0.15236672402652976,100.0,0.0,100.0,100.0,30,0,0
2194,10.5,0.11,250,2,10,10,0.18002770338672505,0.046776155465630104,0.13338784767409703,0.27298289444834073,100.0,0.0,100.0,100.0,30,0,0
2195,10.5,0.11,250,4,10,10,0.15427823785032319,0.02129201676616267,0.11867123735154601,0.18600060526943737,100.0,0.0,100.0,100.0,30,0,0
2196,10.5,0.12,0,2,10,10,0.03876947728188014,0.00378803068128722,0.03362037586306935,0.04594394592628274,100.0,0.0,100.0,100.0,30,0,0
2197,10.5,0.12,0,4,10,10,0.05007199221533405,0.011060177811660448,0.03781163648996517,0.07385419850626303,100.0,0.0,100.0,100.0,30,0,0
2198,10.5,0.12,50,2,10,10,0.052573153938493135,0.008188255735968937,0.0394431882077441,0.06524501545700566,100.0,0.0,100.0,100.0,30,0,0
2199,10.5,0.12,50,4,10,10,0.05719138404651809,0.00928102748315626,0.04439159618986346,0.07171419732574215,100.0,0.0,100.0,100.0,30,0,0
2200,10.5,0.12,100,2,10,10,0.08896833040222255,0.019672570262643994,0.06434524734779169,0.12794271872950738,100.0,0.0,100.0,100.0,30,0,0
2201,10.5,0.12,100,4,10,10,0.07765877953913254,0.011463163660926087,0.06478250183858486,0.09687755143167348,100.0,0.0,100.0,100.0,30,0,0
2202,10.5,0.12,150,2,10,10,0.12297035236661662,0.030370937413747964,0.07819609961122882,0.17468492082483114,100.0,0.0,100.0,100.0,30,0,0
2203,10.5,0.12,150,4,10,10,0.09946214765415959,0.012700046346121553,0.07695204619517036,0.11954491951636764,100.0,0.0,100.0,100.0,30,0,0
2204,10.5,0.12,200,2,10,10,0.1578561696979394,0.041225258310370126,0.1092774564467258,0.2368951977891228,100.0,0.0,100.0,100.0,30,0,0
2205,10.5,0.12,200,4,10,10,0.1286824230070861,0.014132507081043202,0.10222443902479696,0.1548096524569468,100.0,0.0,100.0,100.0,30,0,0
2206,10.5,0.12,250,2,10,10,0.19744236693356765,0.05525846859694751,0.1342357787528664,0.3123851529116031,100.0,0.0,100.0,100.0,30,0,0
2207,10.5,0.12,250,4,10,10,0.15936549375243902,0.02088363579662152,0.11662445984164911,0.19143955293471301,100.0,0.0,100.0,100.0,30,0,0
2208,10.5,0.13,0,2,10,10,0.04076125086224135,0.006672206462834546,0.031721738907162164,0.05324439907692576,100.0,0.0,100.0,100.0,30,0,0
2209,10.5,0.13,0,4,10,10,0.05664295404773356,0.010998221190094921,0.044377179247978786,0.07639398569854404,100.0,0.0,100.0,100.0,30,0,0
2210,10.5,0.13,50,2,10,10,0.0589313224757391,0.009445668514314607,0.048978752007302596,0.07739579129212439,100.0,0.0,100.0,100.0,30,0,0
2211,10.5,0.13,50,4,10,10,0.058371259762776295,0.012300646609014846,0.03423794367402957,0.07701808328765364,100.0,0.0,100.0,100.0,30,0,0
2212,10.5,0.13,100,2,10,10,0.09443992894845485,0.02034541349266853,0.06824666986508718,0.12778258176008164,100.0,0.0,100.0,100.0,30,0,0
2213,10.5,0.13,100,4,10,10,0.07935786082699602,0.01364768974229139,0.05820690877927811,0.0995668690155858,100.0,0.0,100.0,100.0,30,0,0
2214,10.5,0.13,150,2,10,10,0.1333546067970226,0.032539211253262965,0.09191469857262147,0.19332464202731234,100.0,0.0,100.0,100.0,30,0,0
2215,10.5,0.13,150,4,10,10,0.10439749323077159,0.014703843726152577,0.08074033270490431,0.12394056763799866,100.0,0.0,100.0,100.0,30,0,0
2216,10.5,0.13,200,2,10,10,0.17317713940964788,0.044113425809480515,0.11902193605576972,0.2588124296348944,100.0,0.0,100.0,100.0,30,0,0
2217,10.5,0.13,200,4,10,10,0.13645099502965183,0.019062882441450598,0.10205502325587652,0.1613382287198902,100.0,0.0,100.0,100.0,30,0,0
2218,10.5,0.13,250,2,10,10,0.2140930484717821,0.05609578898861814,0.1479501078687949,0.31960312500570903,100.0,0.0,100.0,100.0,30,0,0
2219,10.5,0.13,250,4,10,10,0.16319281199776323,0.02076206770352044,0.12657013383129173,0.19362383294075317,100.0,0.0,100.0,100.0,30,0,0
2220,10.5,0.14,0,2,10,10,0.04094462304365614,0.006346025289452146,0.028151084796276347,0.05020246140418933,100.0,0.0,100.0,100.0,30,0,0
2221,10.5,0.14,0,4,10,10,0.060486527288216727,0.014640529669179796,0.039171589386453716,0.08992208444456296,100.0,0.0,100.0,100.0,30,0,0
2222,10.5,0.14,50,2,10,10,0.0629178947255464,0.010739165106433567,0.052032980389283494,0.08838809860096523,100.0,0.0,100.0,100.0,30,0,0
2223,10.5,0.14,50,4,10,10,0.0655456530087616,0.017683143428769973,0.03738224691118403,0.09817504231108853,100.0,0.0,100.0,100.0,30,0,0
2224,10.5,0.14,100,2,10,10,0.09884095268824768,0.022684299667445687,0.06796739730879069,0.13317222774232634,100.0,0.0,100.0,100.0,30,0,0
2225,10.5,0.14,100,4,10,10,0.08560991280500856,0.015311705606111257,0.06434390144778428,0.1062916056819616,100.0,0.0,100.0,100.0,30,0,0
2226,10.5,0.14,150,2,10,10,0.1460800454410455,0.036470750359658355,0.09945514224833933,0.2145360396899794,100.0,0.0,100.0,100.0,30,0,0
2227,10.5,0.14,150,4,10,10,0.11180556437923042,0.015826432515826005,0.08739555377141765,0.1351620504443389,100.0,0.0,100.0,100.0,30,0,0
2228,10.5,0.14,200,2,10,10,0.19101222188476732,0.05097815735191393,0.13381606893039155,0.2894064695399408,100.0,0.0,100.0,100.0,30,0,0
2229,10.5,0.14,200,4,10,10,0.13941391202045228,0.018760243445597197,0.10114724976309782,0.1563126102197968,100.0,0.0,100.0,100.0,30,0,0
2230,10.5,0.14,250,2,10,10,0.23508270912930204,0.06118879236644284,0.16013009679526194,0.35862107720215625,100.0,0.0,100.0,100.0,30,0,0
2231,10.5,0.14,250,4,10,10,0.16802693026883045,0.023214963633117765,0.12036480184493965,0.20240874931845929,100.0,0.0,100.0,100.0,30,0,0
2232,10.5,0.15,0,2,10,10,0.043168497931320174,0.006966456807614483,0.032505877159215595,0.05828212184544577,100.0,0.0,100.0,100.0,30,0,0
2233,10.5,0.15,0,4,10,10,0.06639195831173471,0.018367257041945747,0.045826082163736175,0.10600107104760777,100.0,0.0,100.0,100.0,30,0,0
2234,10.5,0.15,50,2,10,10,0.0625885754427572,0.01442920650008725,0.04114106486323311,0.08872122340799804,100.0,0.0,100.0,100.0,30,0,0
2235,10.5,0.15,50,4,10,10,0.06726503918598499,0.01684747814250712,0.04251511216155493,0.10190707457219551,100.0,0.0,100.0,100.0,30,0,0
2236,10.5,0.15,100,2,10,10,0.11053766021859698,0.024982826496044094,0.07759185024992947,0.14990074211722035,100.0,0.0,100.0,100.0,30,0,0
2237,10.5,0.15,100,4,10,10,0.08943110274285518,0.017084078194119074,0.06411056447325265,0.11815137807785613,100.0,0.0,100.0,100.0,30,0,0
2238,10.5,0.15,150,2,10,10,0.16129024957912558,0.044763329789790994,0.10671261680660638,0.24696779965437418,100.0,0.0,100.0,100.0,30,0,0
2239,10.5,0.15,150,4,10,10,0.11416891570103664,0.013921920859022014,0.08800438117083527,0.12853973441442015,100.0,0.0,100.0,100.0,30,0,0
2240,10.5,0.15,200,2,10,10,0.20778159066594423,0.05286097660936697,0.1420314503711592,0.3067619693617111,100.0,0.0,100.0,100.0,30,0,0
2241,10.5,0.15,200,4,10,10,0.1442078183295476,0.019380679419210258,0.10828209270632012,0.16792124117703935,100.0,0.0,100.0,100.0,30,0,0
2242,10.5,0.15,250,2,10,10,0.25667082085730886,0.0651218135917482,0.1738462021236109,0.3826929813610504,100.0,0.0,100.0,100.0,30,0,0
2243,10.5,0.15,250,4,10,10,0.1732888471051384,0.02357727962365656,0.1251983910588821,0.1986211498598157,100.0,0.0,100.0,100.0,30,0,0
2244,10.5,0.16,0,2,10,10,0.04911983911059138,0.012015945820758173,0.028891449330225277,0.06710314632314025,100.0,0.0,100.0,100.0,30,0,0
2245,10.5,0.16,0,4,10,10,0.07129849089284446,0.019464270742678043,0.051739879585715985,0.11174612417335295,100.0,0.0,100.0,100.0,30,0,0
2246,10.5,0.16,50,2,10,10,0.07066241052592763,0.01471204464606443,0.05596064881999735,0.10176733167485175,100.0,0.0,100.0,100.0,30,0,0
2247,10.5,0.16,50,4,10,10,0.07736928181433254,0.015777138275800517,0.05265353684419576,0.10134645309338235,100.0,0.0,100.0,100.0,30,0,0
2248,10.5,0.16,100,2,10,10,0.12400518453105103,0.028758707484962193,0.08307875555130674,0.16985220186837532,100.0,0.0,100.0,100.0,30,0,0
2249,10.5,0.16,100,4,10,10,0.09250154407300641,0.02022064641251801,0.06303804965894098,0.12870663800927176,100.0,0.0,100.0,100.0,30,0,0
2250,10.5,0.16,150,2,10,10,0.1778488072772259,0.04787931329917093,0.11452572120033543,0.25880518102740924,100.0,0.0,100.0,100.0,30,0,0
2251,10.5,0.16,150,4,10,10,0.12126498564580017,0.020326558120019263,0.08875542652586532,0.15257946906540154,100.0,0.0,100.0,100.0,30,0,0
2252,10.5,0.16,200,2,10,10,0.229576532996523,0.05937382976521757,0.1563976903515154,0.345827559501899,100.0,0.0,100.0,100.0,30,0,0
2253,10.5,0.16,200,4,10,10,0.15168568667659915,0.021858704809032205,0.10625835180418584,0.181623912715545,100.0,0.0,100.0,100.0,30,0,0
2254,10.5,0.16,250,2,10,10,0.2857420852863423,0.07083665986852342,0.19216399638523451,0.41505011330532976,100.0,0.0,100.0,100.0,30,0,0
2255,10.5,0.16,250,4,10,10,0.18387490613823518,0.024149764477219393,0.13288519919188616,0.2098025345172347,100.0,0.0,100.0,100.0,30,0,0
2256,10.5,0.17,0,2,10,10,0.04913044397105857,0.012146853722966028,0.03126884731403743,0.06857276609962965,100.0,0.0,100.0,100.0,30,0,0
2257,10.5,0.17,0,4,10,10,0.08162506528742361,0.022920418034372066,0.05482115372707173,0.13341240380428687,100.0,0.0,100.0,100.0,30,0,0
2258,10.5,0.17,50,2,10,10,0.081158444413995,0.01854745001648208,0.0632968742246131,0.11372846063667676,100.0,0.0,100.0,100.0,30,0,0
2259,10.5,0.17,50,4,10,10,0.08691499454118302,0.020925304574176715,0.061388847751956264,0.12567318579587491,100.0,0.0,100.0,100.0,30,0,0
2260,10.5,0.17,100,2,10,10,0.13918684651947918,0.03672150073954345,0.09251564288906639,0.20559889432974754,100.0,0.0,100.0,100.0,30,0,0
2261,10.5,0.17,100,4,10,10,0.09943106330307533,0.022413655502594446,0.07364380436732182,0.13985428011218953,100.0,0.0,100.0,100.0,30,0,0
2262,10.5,0.17,150,2,10,10,0.19592705978801378,0.05135926102336419,0.12983289178763477,0.29117714195913286,100.0,0.0,100.0,100.0,30,0,0
2263,10.5,0.17,150,4,10,10,0.12646501554661121,0.022912137843778598,0.0953517535314337,0.16528685231066395,100.0,0.0,100.0,100.0,30,0,0
2264,10.5,0.17,200,2,10,10,0.2557366939582378,0.06599992600040312,0.16878794036334233,0.3804475094626909,100.0,0.0,100.0,100.0,30,0,0
2265,10.5,0.17,200,4,10,10,0.15737863011378356,0.02600246524905,0.11359504588563957,0.1909206510736862,100.0,0.0,100.0,100.0,30,0,0
2266,10.5,0.17,250,2,10,10,0.3172494245313655,0.07937539827954553,0.20956479113235268,0.4641488835491856,100.0,0.0,100.0,100.0,30,0,0
2267,10.5,0.17,250,4,10,10,0.19134048241261972,0.02238441970763958,0.14399423584328497,0.2153600662397087,100.0,0.0,100.0,100.0,30,0,0
2268,10.5,0.18,0,2,10,10,0.05305762549646044,0.013285955592112111,0.033107490556093036,0.07041848596151153,100.0,0.0,100.0,100.0,30,0,0
2269,10.5,0.18,0,4,10,10,0.09180965747005396,0.02631016119910655,0.06021529887880151,0.15392660969447977,100.0,0.0,100.0,100.0,30,0,0
2270,10.5,0.18,50,2,10,10,0.08439913448516415,0.01885020290119323,0.06300753617038439,0.11761868147483406,100.0,0.0,100.0,100.0,30,0,0
2271,10.5,0.18,50,4,10,10,0.09284389337370345,0.02369272133010389,0.06312633161684002,0.1440375708186812,100.0,0.0,100.0,100.0,30,0,0
2272,10.5,0.18,100,2,10,10,0.147569706534932,0.038465576067206284,0.09929962419036518,0.21047360001676596,100.0,0.0,100.0,100.0,30,0,0
2273,10.5,0.18,100,4,10,10,0.10786492621793886,0.023064158608452224,0.0786181572925217,0.14819369603044893,100.0,0.0,100.0,100.0,30,0,0
2274,10.5,0.18,150,2,10,10,0.214120093745872,0.05605768711764687,0.14620954926740246,0.3177812522208696,100.0,0.0,100.0,100.0,30,0,0
2275,10.5,0.18,150,4,10,10,0.13685880375754883,0.020891024507283515,0.10400392542524334,0.17356720719502236,100.0,0.0,100.0,100.0,30,0,0
2276,10.5,0.18,200,2,10,10,0.2811128507826519,0.07670666124495583,0.19032039711015858,0.42364978456465074,100.0,0.0,100.0,100.0,30,0,0
2277,10.5,0.18,200,4,10,10,0.16448645537241552,0.028022402775370225,0.12117914304821531,0.21320090179652215,100.0,0.0,100.0,100.0,30,0,0
2278,10.5,0.18,250,2,10,10,0.3757611382433946,0.11108791568027175,0.22312883296149644,0.5730824201549215,99.65517241379311,1.0904405724718522,96.55172413793105,100.0,30,0,0
2279,10.5,0.18,250,4,10,10,0.19534772742717488,0.03055801031809658,0.13683988313455567,0.2454991573623271,100.0,0.0,100.0,100.0,30,0,0
2280,10.5,0.19,0,2,10,10,0.058835675885200486,0.013623379772253186,0.04057915868572622,0.07638709486441875,100.0,0.0,100.0,100.0,30,0,0
2281,10.5,0.19,0,4,10,10,0.10145016046530406,0.025857007556103144,0.06568753938128025,0.14861799428667227,100.0,0.0,100.0,100.0,30,0,0
2282,10.5,0.19,50,2,10,10,0.0893541778376073,0.01882577920857285,0.07006756496891443,0.12350949773496317,100.0,0.0,100.0,100.0,30,0,0
2283,10.5,0.19,50,4,10,10,0.1032348017316715,0.026753212316138312,0.07125275343595469,0.15909019523043147,100.0,0.0,100.0,100.0,30,0,0
2284,10.5,0.19,100,2,10,10,0.1599638524175648,0.04126370496847836,0.1072162390265262,0.2317826692228054,100.0,0.0,100.0,100.0,30,0,0
2285,10.5,0.19,100,4,10,10,0.11614007489026937,0.028032091772625885,0.06598159409160087,0.16031750795002034,100.0,0.0,100.0,100.0,30,0,0
2286,10.5,0.19,150,2,10,10,0.23704100637151232,0.06271920610904672,0.15682278853889584,0.35958736858670637,100.0,0.0,100.0,100.0,30,0,0
2287,10.5,0.19,150,4,10,10,0.1445296789818813,0.02652774382284373,0.10572164246053395,0.18321837167516283,100.0,0.0,100.0,100.0,30,0,0
2288,10.5,0.19,200,2,10,10,0.3066414093891665,0.0809263765484729,0.21282634337549478,0.4609068022261414,100.0,0.0,100.0,100.0,30,0,0
2289,10.5,0.19,200,4,10,10,0.17530260104982495,0.02683830229901768,0.1305633136302016,0.21374610992233553,100.0,0.0,100.0,100.0,30,0,0
2290,10.5,0.19,250,2,10,10,0.4256251656489609,0.1353192137036578,0.2508964641609945,0.703558222531146,95.07662835249042,9.423301351365987,71.1111111111111,100.0,30,0,0
2291,10.5,0.19,250,4,10,10,0.20839960526855314,0.028433495066442636,0.14979173404188903,0.2469646194363014,100.0,0.0,100.0,100.0,30,0,0
2292,10.5,0.2,0,2,10,10,0.061371949705919616,0.014935807506506011,0.038815619837063525,0.08497666613510994,100.0,0.0,100.0,100.0,30,0,0
2293,10.5,0.2,0,4,10,10,0.11799273443216514,0.029077598478611882,0.07947847677925636,0.17560224435729901,100.0,0.0,100.0,100.0,30,0,0
2294,10.5,0.2,50,2,10,10,0.10220133169219744,0.025571645871114254,0.07694167586326178,0.14440144547952619,100.0,0.0,100.0,100.0,30,0,0
2295,10.5,0.2,50,4,10,10,0.11535052128794776,0.029515697604813616,0.06968130162384015,0.16396660423863982,100.0,0.0,100.0,100.0,30,0,0
2296,10.5,0.2,100,2,10,10,0.174597034266501,0.04251679533413714,0.12147503690572332,0.2539980371347201,100.0,0.0,100.0,100.0,30,0,0
2297,10.5,0.2,100,4,10,10,0.1306423604216821,0.03362587622526379,0.0870008981312761,0.1957505991430892,100.0,0.0,100.0,100.0,30,0,0
2298,10.5,0.2,150,2,10,10,0.2590455928621659,0.0673249255071018,0.17232084762288355,0.3809210343272819,100.0,0.0,100.0,100.0,30,0,0
2299,10.5,0.2,150,4,10,10,0.15582636004412204,0.030556810342897447,0.11031659260420475,0.2042164850436297,100.0,0.0,100.0,100.0,30,0,0
2300,10.5,0.2,200,2,10,10,0.33893478558316276,0.08760286975304858,0.222462912581212,0.4976640485121359,100.0,0.0,100.0,100.0,30,0,0
2301,10.5,0.2,200,4,10,10,0.18930274716345957,0.02942583444679143,0.13803749781018393,0.22917142010293057,100.0,0.0,100.0,100.0,30,0,0
2302,10.5,0.2,250,2,10,10,0.4686084280784256,0.1512500180019349,0.2675665324902758,0.7210800014935854,93.29885057471265,13.527134501836363,56.666666666666664,100.0,30,0,0
2303,10.5,0.2,250,4,10,10,0.21832799309241419,0.03307589090171225,0.1562551764325279,0.2725489846999433,100.0,0.0,100.0,100.0,30,0,0
2304,11.0,0.05,0,2,10,10,0.03659046324151648,0.0037941781387714167,0.030517451632428232,0.043839678030668246,100.0,0.0,100.0,100.0,30,0,0
2305,11.0,0.05,0,4,10,10,0.03992049009619351,0.005701540427939779,0.029467702655903472,0.04782453624173593,100.0,0.0,100.0,100.0,30,0,0
2306,11.0,0.05,50,2,10,10,0.042808118862282786,0.005156627989714699,0.03405298312388269,0.05095445159800039,100.0,0.0,100.0,100.0,30,0,0
2307,11.0,0.05,50,4,10,10,0.046706616216872374,0.005781290285116034,0.03534633890147767,0.05449093359003057,100.0,0.0,100.0,100.0,30,0,0
2308,11.0,0.05,100,2,10,10,0.06022542979957668,0.007725669369660431,0.04601118416079106,0.07298306264084171,100.0,0.0,100.0,100.0,30,0,0
2309,11.0,0.05,100,4,10,10,0.06515626658417646,0.006238601134014486,0.05387927583087637,0.07316069906507029,100.0,0.0,100.0,100.0,30,0,0
2310,11.0,0.05,150,2,10,10,0.07433620391130187,0.01193555464507416,0.05563376926798247,0.09552828554525249,100.0,0.0,100.0,100.0,30,0,0
2311,11.0,0.05,150,4,10,10,0.08470412747835943,0.01592227620993547,0.06303056294224665,0.11579102880358068,100.0,0.0,100.0,100.0,30,0,0
2312,11.0,0.05,200,2,10,10,0.09591927571966358,0.01641591855923006,0.06853124249112572,0.1194468322858882,100.0,0.0,100.0,100.0,30,0,0
2313,11.0,0.05,200,4,10,10,0.10629312594526816,0.017528223667297445,0.08359173054652295,0.1325598635288755,100.0,0.0,100.0,100.0,30,0,0
2314,11.0,0.05,250,2,10,10,0.11377595267867528,0.02027220830530651,0.07971230201450781,0.1366346301148811,95.33333333333334,14.757295747452435,53.333333333333336,100.0,30,0,0
2315,11.0,0.05,250,4,10,10,0.12637931894875187,0.02047431802947236,0.09770619013624182,0.15729552452175502,100.0,0.0,100.0,100.0,30,0,0
2316,11.0,0.06,0,2,10,10,0.037447054534216644,0.004185037473954767,0.03188061498866331,0.043970143054132015,100.0,0.0,100.0,100.0,30,0,0
2317,11.0,0.06,0,4,10,10,0.04146290035501213,0.007604363702213809,0.02629206234141883,0.055703541838904004,100.0,0.0,100.0,100.0,30,0,0
2318,11.0,0.06,50,2,10,10,0.04743132995171629,0.007746910047051438,0.03960949723488518,0.06444595623858933,100.0,0.0,100.0,100.0,30,0,0
2319,11.0,0.06,50,4,10,10,0.04872207130635106,0.0037329520169905655,0.040881921987314426,0.05353287390148243,100.0,0.0,100.0,100.0,30,0,0
2320,11.0,0.06,100,2,10,10,0.06269289880836272,0.008795393654185949,0.047871126066111734,0.07302502154641032,100.0,0.0,100.0,100.0,30,0,0
2321,11.0,0.06,100,4,10,10,0.06816177227477957,0.00886674839227297,0.05201752644080279,0.07844716320262775,100.0,0.0,100.0,100.0,30,0,0
2322,11.0,0.06,150,2,10,10,0.07849542652299532,0.011574448654511137,0.05465271410177291,0.08983464305437615,100.0,0.0,100.0,100.0,30,0,0
2323,11.0,0.06,150,4,10,10,0.08998315928976154,0.01374354542985115,0.0737761743783452,0.11253322801274963,100.0,0.0,100.0,100.0,30,0,0
2324,11.0,0.06,200,2,10,10,0.09914992976162067,0.016145252323529324,0.06515303140098049,0.11815490803268393,96.88888888888889,9.838197164968287,68.8888888888889,100.0,30,0,0
2325,11.0,0.06,200,4,10,10,0.10959759516244132,0.02034168504655415,0.08057429785720538,0.13909123795263537,100.0,0.0,100.0,100.0,30,0,0
2326,11.0,0.06,250,2,10,10,0.11861828293129792,0.02388785855374227,0.07400731906109043,0.14732765343233453,95.33333333333334,14.757295747452435,53.333333333333336,100.0,30,0,0
2327,11.0,0.06,250,4,10,10,0.12894814686488792,0.022581156329474657,0.09418414636457086,0.16722116622198077,100.0,0.0,100.0,100.0,30,0,0
2328,11.0,0.07,0,2,10,10,0.03391479198728772,0.0046410949293284945,0.027991830129796138,0.04091103227424075,100.0,0.0,100.0,100.0,30,0,0
2329,11.0,0.07,0,4,10,10,0.03938071628241474,0.007197583256926338,0.03131740028874413,0.05757738970730552,100.0,0.0,100.0,100.0,30,0,0
2330,11.0,0.07,50,2,10,10,0.04758892506056613,0.005627296919730319,0.03694684126950576,0.05570804875315038,100.0,0.0,100.0,100.0,30,0,0
2331,11.0,0.07,50,4,10,10,0.048683013331788066,0.004972054769659978,0.042087610865275175,0.05600292030957355,100.0,0.0,100.0,100.0,30,0,0
2332,11.0,0.07,100,2,10,10,0.06213578333181043,0.007334704785293465,0.04864874769160555,0.0707124408773726,100.0,0.0,100.0,100.0,30,0,0
2333,11.0,0.07,100,4,10,10,0.06940663974964105,0.013506636265494924,0.04897390743387061,0.09000425802366403,100.0,0.0,100.0,100.0,30,0,0
2334,11.0,0.07,150,2,10,10,0.08245794019058358,0.011895497470251846,0.06100401348764267,0.09625752820596066,100.0,0.0,100.0,100.0,30,0,0
2335,11.0,0.07,150,4,10,10,0.09092944622599737,0.013984623338216984,0.07428486862274364,0.11707555535666835,100.0,0.0,100.0,100.0,30,0,0
2336,11.0,0.07,200,2,10,10,0.10185954858717232,0.018684936812827468,0.07255484167974652,0.1312108432135363,95.33333333333334,14.757295747452435,53.333333333333336,100.0,30,0,0
2337,11.0,0.07,200,4,10,10,0.11177642788811218,0.023647641237156902,0.07144782523642508,0.1463357183929084,100.0,0.0,100.0,100.0,30,0,0
2338,11.0,0.07,250,2,10,10,0.12687539032848175,0.024715772585405,0.08364827787221178,0.15987669206480756,95.33333333333334,14.757295747452435,53.333333333333336,100.0,30,0,0
2339,11.0,0.07,250,4,10,10,0.13720625594615093,0.022654765818885123,0.11077315584017612,0.1731355909812684,100.0,0.0,100.0,100.0,30,0,0
2340,11.0,0.08,0,2,10,10,0.03978253257645523,0.003184583698490318,0.03401360078722443,0.04402821768742816,100.0,0.0,100.0,100.0,30,0,0
2341,11.0,0.08,0,4,10,10,0.040759820821269395,0.006095614530601956,0.03313985219061549,0.051960429076441654,100.0,0.0,100.0,100.0,30,0,0
2342,11.0,0.08,50,2,10,10,0.04986573163951434,0.0051387195527478405,0.0427947438801789,0.05818003441639318,100.0,0.0,100.0,100.0,30,0,0
2343,11.0,0.08,50,4,10,10,0.05289012260714485,0.008405514224290927,0.043122807364928045,0.0714930275906015,100.0,0.0,100.0,100.0,30,0,0
2344,11.0,0.08,100,2,10,10,0.06780514774983179,0.007431621008159984,0.05582318221902555,0.07587579929020567,100.0,0.0,100.0,100.0,30,0,0
2345,11.0,0.08,100,4,10,10,0.07259202145803481,0.009296471533019518,0.056631859948200074,0.08920948096524228,100.0,0.0,100.0,100.0,30,0,0
2346,11.0,0.08,150,2,10,10,0.0895301674228331,0.012471776963913132,0.06166596074101952,0.1013558077705527,100.0,0.0,100.0,100.0,30,0,0
2347,11.0,0.08,150,4,10,10,0.0954791139285453,0.012205337262152486,0.07965313052194554,0.11473068442691418,100.0,0.0,100.0,100.0,30,0,0
2348,11.0,0.08,200,2,10,10,0.11281286351392286,0.01993617369212542,0.0803563673539505,0.1463163373470232,95.33333333333334,14.757295747452435,53.333333333333336,100.0,30,0,0
2349,11.0,0.08,200,4,10,10,0.11697482411769575,0.018931192705849174,0.0958994255304227,0.15073760374962597,100.0,0.0,100.0,100.0,30,0,0
2350,11.0,0.08,250,2,10,10,0.13520945412576732,0.02396121351061887,0.09566616165511273,0.16355116933703415,95.33333333333334,14.757295747452435,53.333333333333336,100.0,30,0,0
2351,11.0,0.08,250,4,10,10,0.1379714140787372,0.024448543230094148,0.10396756418327667,0.17737661999980325,100.0,0.0,100.0,100.0,30,0,0
2352,11.0,0.09,0,2,10,10,0.03736939054586884,0.0028834143288073333,0.03370945629448121,0.04221600835766715,100.0,0.0,100.0,100.0,30,0,0
2353,11.0,0.09,0,4,10,10,0.03842488110509874,0.004100138869731226,0.02948860128888107,0.0432661100245409,100.0,0.0,100.0,100.0,30,0,0
2354,11.0,0.09,50,2,10,10,0.050619469696777074,0.00588941086216953,0.04011297763619029,0.05986116868596772,100.0,0.0,100.0,100.0,30,0,0
2355,11.0,0.09,50,4,10,10,0.05257013527231169,0.005009851722312571,0.044296614685583324,0.06271084588886024,100.0,0.0,100.0,100.0,30,0,0
2356,11.0,0.09,100,2,10,10,0.07065401389516565,0.008946772086792697,0.05531639205131567,0.08245257887938003,100.0,0.0,100.0,100.0,30,0,0
2357,11.0,0.09,100,4,10,10,0.07022982767558002,0.01145136747544493,0.051087608260823064,0.08766749453622334,100.0,0.0,100.0,100.0,30,0,0
2358,11.0,0.09,150,2,10,10,0.0967128430980171,0.012276713390609522,0.07141505020642007,0.11043039827701229,100.0,0.0,100.0,100.0,30,0,0
2359,11.0,0.09,150,4,10,10,0.09663064350798607,0.018587481403610644,0.0731110925558205,0.12658830997822856,100.0,0.0,100.0,100.0,30,0,0
2360,11.0,0.09,200,2,10,10,0.1221563584047181,0.019625502934170147,0.08185739359044027,0.14695409351947647,95.33333333333334,14.757295747452435,53.333333333333336,100.0,30,0,0
2361,11.0,0.09,200,4,10,10,0.12301771511240034,0.01987115913013944,0.08952935714795258,0.15057066379533027,100.0,0.0,100.0,100.0,30,0,0
2362,11.0,0.09,250,2,10,10,0.14510815522703016,0.021814688372853323,0.100046010490932,0.1666408990040034,95.33333333333334,14.757295747452435,53.333333333333336,100.0,30,0,0
2363,11.0,0.09,250,4,10,10,0.1455859908238513,0.022607274000267418,0.11556332417381539,0.1834618414701723,100.0,0.0,100.0,100.0,30,0,0
2364,11.0,0.1,0,2,10,10,0.03979720759946854,0.006130460563592364,0.03133819865853094,0.0501942869774381,100.0,0.0,100.0,100.0,30,0,0
2365,11.0,0.1,0,4,10,10,0.0435048981979987,0.006417598839141951,0.03165901736212356,0.054553513306519724,100.0,0.0,100.0,100.0,30,0,0
2366,11.0,0.1,50,2,10,10,0.05027318660815535,0.005376637356060084,0.03745800693889948,0.055667423130398325,100.0,0.0,100.0,100.0,30,0,0
2367,11.0,0.1,50,4,10,10,0.05701738598291535,0.006692108954550333,0.048590585701875265,0.06885037268541352,100.0,0.0,100.0,100.0,30,0,0
2368,11.0,0.1,100,2,10,10,0.07598721560090523,0.01126614081489371,0.05764540182646275,0.0894741133222527,100.0,0.0,100.0,100.0,30,0,0
2369,11.0,0.1,100,4,10,10,0.07648818083525807,0.011540006030996397,0.05799401069747171,0.0899061604773332,100.0,0.0,100.0,100.0,30,0,0
2370,11.0,0.1,150,2,10,10,0.0987301188700234,0.014697307627030804,0.07122842215341997,0.11872206692288384,100.0,0.0,100.0,100.0,30,0,0
2371,11.0,0.1,150,4,10,10,0.09956675745450098,0.013891759281931749,0.07994580684855206,0.12128726707743065,100.0,0.0,100.0,100.0,30,0,0
2372,11.0,0.1,200,2,10,10,0.12657963884516546,0.023007150143278483,0.08170824917990462,0.15268235239461825,95.33333333333334,14.757295747452435,53.333333333333336,100.0,30,0,0
2373,11.0,0.1,200,4,10,10,0.12657159142514054,0.020999694987814798,0.09191528064933106,0.15891976094597235,100.0,0.0,100.0,100.0,30,0,0
2374,11.0,0.1,250,2,10,10,0.15659034721341575,0.02645838596601862,0.1065475170906126,0.1879559896663403,95.33333333333334,14.757295747452435,53.333333333333336,100.0,30,0,0
2375,11.0,0.1,250,4,10,10,0.15117572152459077,0.025771626360119395,0.11506273988074008,0.19179241154018992,100.0,0.0,100.0,100.0,30,0,0
2376,11.0,0.11,0,2,10,10,0.038523289839332724,0.004878614454270264,0.029556833112989223,0.045661823409858256,100.0,0.0,100.0,100.0,30,0,0
2377,11.0,0.11,0,4,10,10,0.04511691930931993,0.009922882066182429,0.0324061394180917,0.06215923612083799,100.0,0.0,100.0,100.0,30,0,0
2378,11.0,0.11,50,2,10,10,0.057287464362671105,0.007419146014234075,0.04795242014699106,0.07168740560961645,100.0,0.0,100.0,100.0,30,0,0
2379,11.0,0.11,50,4,10,10,0.05536114536273118,0.007636462643121974,0.04537801347719306,0.06856960810047652,100.0,0.0,100.0,100.0,30,0,0
2380,11.0,0.11,100,2,10,10,0.08121549186447392,0.009118219958119922,0.05880949478632097,0.08930689655220603,100.0,0.0,100.0,100.0,30,0,0
2381,11.0,0.11,100,4,10,10,0.07533720844076963,0.009106432233029245,0.0596788000037079,0.08812115431084673,100.0,0.0,100.0,100.0,30,0,0
2382,11.0,0.11,150,2,10,10,0.11011200664680669,0.01770884505910756,0.07912019763657303,0.1353352455288523,100.0,0.0,100.0,100.0,30,0,0
2383,11.0,0.11,150,4,10,10,0.10181088965930318,0.014216981204089076,0.08176299915126105,0.12126667335474915,100.0,0.0,100.0,100.0,30,0,0
2384,11.0,0.11,200,2,10,10,0.1390942076987569,0.022328365242625204,0.09246674501515817,0.1639040949699729,95.33333333333334,14.757295747452435,53.333333333333336,100.0,30,0,0
2385,11.0,0.11,200,4,10,10,0.13035260364247228,0.021144789416228955,0.10004347715893712,0.16129000819517217,100.0,0.0,100.0,100.0,30,0,0
2386,11.0,0.11,250,2,10,10,0.1691350211151244,0.031148665991229035,0.11438413381895063,0.20620057262709757,95.33333333333334,14.757295747452435,53.333333333333336,100.0,30,0,0
2387,11.0,0.11,250,4,10,10,0.15506065677093078,0.02594198481655431,0.11575830085500975,0.19261280633263586,100.0,0.0,100.0,100.0,30,0,0
2388,11.0,0.12,0,2,10,10,0.04266362241697804,0.006958959742379299,0.033336324921935015,0.05361471142717946,100.0,0.0,100.0,100.0,30,0,0
2389,11.0,0.12,0,4,10,10,0.04562717719715555,0.011732336483376111,0.03159522136844583,0.07254423457240315,100.0,0.0,100.0,100.0,30,0,0
2390,11.0,0.12,50,2,10,10,0.05771412991092243,0.007130293041783954,0.0497775100653197,0.0708642374962898,100.0,0.0,100.0,100.0,30,0,0
2391,11.0,0.12,50,4,10,10,0.054343749061604385,0.007087723404585803,0.042363293806809976,0.0642858133681875,100.0,0.0,100.0,100.0,30,0,0
2392,11.0,0.12,100,2,10,10,0.08572952256834807,0.013515626780210961,0.0632996715872471,0.09792660809227599,100.0,0.0,100.0,100.0,30,0,0
2393,11.0,0.12,100,4,10,10,0.08013086935142232,0.011182970001566424,0.06302908180839066,0.10073844611208639,100.0,0.0,100.0,100.0,30,0,0
2394,11.0,0.12,150,2,10,10,0.121041147330783,0.017318903876481453,0.08163058099997778,0.13698329203996654,100.0,0.0,100.0,100.0,30,0,0
2395,11.0,0.12,150,4,10,10,0.1047338993896599,0.019219057849042525,0.07826616498129735,0.1336173863386786,100.0,0.0,100.0,100.0,30,0,0
2396,11.0,0.12,200,2,10,10,0.15128747750654967,0.023380791000657482,0.10430086813695295,0.17977911041806016,95.33333333333334,14.757295747452435,53.333333333333336,100.0,30,0,0
2397,11.0,0.12,200,4,10,10,0.13416028633953836,0.01940236123301559,0.10887119762678084,0.16509014181312134,100.0,0.0,100.0,100.0,30,0,0
2398,11.0,0.12,250,2,10,10,0.18227573187480867,0.03409669914485607,0.12077493390691053,0.22368229528997433,95.33333333333334,14.757295747452435,53.333333333333336,100.0,30,0,0
2399,11.0,0.12,250,4,10,10,0.16235269139414588,0.028255676636225996,0.1250631503462985,0.20992859831913477,100.0,0.0,100.0,100.0,30,0,0
2400,11.0,0.13,0,2,10,10,0.04280728621359077,0.009292840395849862,0.02625152019093073,0.05357692859806102,100.0,0.0,100.0,100.0,30,0,0
2401,11.0,0.13,0,4,10,10,0.04697286338182442,0.007990966916486117,0.03730653162170743,0.0623334557174045,100.0,0.0,100.0,100.0,30,0,0
2402,11.0,0.13,50,2,10,10,0.06228897005880714,0.00835938958609166,0.04840578224730668,0.0764083370895861,100.0,0.0,100.0,100.0,30,0,0
2403,11.0,0.13,50,4,10,10,0.061658091230798406,0.009731650826687628,0.049133815271814284,0.08035398803656707,100.0,0.0,100.0,100.0,30,0,0
2404,11.0,0.13,100,2,10,10,0.09191385356700067,0.013624019819668954,0.06740675487981808,0.11027063674912461,100.0,0.0,100.0,100.0,30,0,0
2405,11.0,0.13,100,4,10,10,0.08059914731928651,0.013386445350368677,0.058990724255157535,0.10278436665899293,100.0,0.0,100.0,100.0,30,0,0
2406,11.0,0.13,150,2,10,10,0.13196510825714008,0.02052250658772096,0.08844018384969843,0.15450662501012982,100.0,0.0,100.0,100.0,30,0,0
2407,11.0,0.13,150,4,10,10,0.1125639676264302,0.020430865377516455,0.08465850704021304,0.146796767786353,100.0,0.0,100.0,100.0,30,0,0
2408,11.0,0.13,200,2,10,10,0.1674040245971355,0.027197254495109773,0.11161270125317617,0.19920660419805536,95.33333333333334,14.757295747452435,53.333333333333336,100.0,30,0,0
2409,11.0,0.13,200,4,10,10,0.137700956897348,0.02399836465418571,0.0961589893518633,0.17777163922644298,100.0,0.0,100.0,100.0,30,0,0
2410,11.0,0.13,250,2,10,10,0.20198015713049117,0.036112611678933815,0.13855658194835632,0.25126213468408304,95.33333333333334,14.757295747452435,53.333333333333336,100.0,30,0,0
2411,11.0,0.13,250,4,10,10,0.16963342778183785,0.027515339069738576,0.1370435677352976,0.2138022104582137,100.0,0.0,100.0,100.0,30,0,0
2412,11.0,0.14,0,2,10,10,0.04703923758964784,0.011324390874139804,0.03235249787215665,0.061272057938299374,100.0,0.0,100.0,100.0,30,0,0
2413,11.0,0.14,0,4,10,10,0.049971194490433954,0.012329581296450072,0.038143670119302496,0.07756670213929069,100.0,0.0,100.0,100.0,30,0,0
2414,11.0,0.14,50,2,10,10,0.06352618571948401,0.0060759923923519804,0.05677684280819572,0.07482309482485801,100.0,0.0,100.0,100.0,30,0,0
2415,11.0,0.14,50,4,10,10,0.06052785271735117,0.007708507906160638,0.04915702200733252,0.07010291224188575,100.0,0.0,100.0,100.0,30,0,0
2416,11.0,0.14,100,2,10,10,0.10466938423762842,0.014069850513365024,0.07495449070442321,0.11665540471686481,100.0,0.0,100.0,100.0,30,0,0
2417,11.0,0.14,100,4,10,10,0.08761834940846813,0.014928949500352166,0.060509621997005235,0.11118179171445941,100.0,0.0,100.0,100.0,30,0,0
2418,11.0,0.14,150,2,10,10,0.14189229740387818,0.022764400400028365,0.09332763490573824,0.16139846545784817,95.33333333333334,14.757295747452435,53.333333333333336,100.0,30,0,0
2419,11.0,0.14,150,4,10,10,0.1142916172514508,0.020653405398880973,0.08903723106404533,0.14939215789708138,100.0,0.0,100.0,100.0,30,0,0
2420,11.0,0.14,200,2,10,10,0.18176480979098028,0.031047410937409363,0.11777439786350945,0.22372362982718108,95.33333333333334,14.757295747452435,53.333333333333336,100.0,30,0,0
2421,11.0,0.14,200,4,10,10,0.14548387418735714,0.02494578143875996,0.10807440981292078,0.18206676993355297,100.0,0.0,100.0,100.0,30,0,0
2422,11.0,0.14,250,2,10,10,0.23244555591832552,0.04716573189318669,0.1512883969199663,0.3039619156921431,90.66666666666666,17.48367845579639,53.333333333333336,100.0,30,0,0
2423,11.0,0.14,250,4,10,10,0.17411574636076807,0.02922058430587593,0.13409017988866398,0.21861086508329167,100.0,0.0,100.0,100.0,30,0,0
2424,11.0,0.15,0,2,10,10,0.04935033954310354,0.010633779037514297,0.027969787758105113,0.06122008063100761,100.0,0.0,100.0,100.0,30,0,0
2425,11.0,0.15,0,4,10,10,0.05415071708180608,0.013607125808340345,0.037297209828779404,0.08433109083499159,100.0,0.0,100.0,100.0,30,0,0
2426,11.0,0.15,50,2,10,10,0.07031763568039265,0.008504903418621942,0.0597602381505735,0.08469831613439871,100.0,0.0,100.0,100.0,30,0,0
2427,11.0,0.15,50,4,10,10,0.06462663937015282,0.013238220650083073,0.049964255718307954,0.09161338168664955,100.0,0.0,100.0,100.0,30,0,0
2428,11.0,0.15,100,2,10,10,0.10931324810018053,0.017607150965488934,0.0744739299554123,0.12684758643670513,100.0,0.0,100.0,100.0,30,0,0
2429,11.0,0.15,100,4,10,10,0.08770090710017853,0.018934517720224173,0.05294769319318173,0.11568250780831896,100.0,0.0,100.0,100.0,30,0,0
2430,11.0,0.15,150,2,10,10,0.15830560153097012,0.022629516624824448,0.11910651181087577,0.1786902752006143,95.33333333333334,14.757295747452435,53.333333333333336,100.0,30,0,0
2431,11.0,0.15,150,4,10,10,0.11917101465761093,0.01998871496441329,0.0940880960986731,0.15214234565373483,100.0,0.0,100.0,100.0,30,0,0
2432,11.0,0.15,200,2,10,10,0.20219433038038392,0.03479534878046174,0.13390139270596788,0.2615247682272692,95.33333333333334,14.757295747452435,53.333333333333336,100.0,30,0,0
2433,11.0,0.15,200,4,10,10,0.1518599796152169,0.02650260741386798,0.1201261908785128,0.1938541749702869,100.0,0.0,100.0,100.0,30,0,0
2434,11.0,0.15,250,2,10,10,0.2662817444060248,0.06578907377886821,0.18072718989976636,0.4135903451760164,90.55555555555556,17.49191465189847,53.333333333333336,100.0,30,0,0
2435,11.0,0.15,250,4,10,10,0.18047566783191896,0.027683640135114047,0.13831369073792102,0.22697985223575012,100.0,0.0,100.0,100.0,30,0,0
2436,11.0,0.16,0,2,10,10,0.05030522052341011,0.011620846109250876,0.032767608514515344,0.06378787069468395,100.0,0.0,100.0,100.0,30,0,0
2437,11.0,0.16,0,4,10,10,0.05814357774866158,0.015381674528600715,0.03650898425921598,0.0846752896116576,100.0,0.0,100.0,100.0,30,0,0
2438,11.0,0.16,50,2,10,10,0.07511998514149629,0.010827335653903416,0.0649934162888106,0.09404447018508622,100.0,0.0,100.0,100.0,30,0,0
2439,11.0,0.16,50,4,10,10,0.07154803312028334,0.013767101453650147,0.052517750293433675,0.09868560896907752,100.0,0.0,100.0,100.0,30,0,0
2440,11.0,0.16,100,2,10,10,0.12478131037532414,0.017294764337740135,0.09795684393773185,0.1453230575935395,100.0,0.0,100.0,100.0,30,0,0
2441,11.0,0.16,100,4,10,10,0.09719087678496283,0.01611433399333348,0.07369442719618402,0.12347227222620046,100.0,0.0,100.0,100.0,30,0,0
2442,11.0,0.16,150,2,10,10,0.17644545481340854,0.03172703870198874,0.11956568533217214,0.2273893253350661,95.33333333333334,14.757295747452435,53.333333333333336,100.0,30,0,0
2443,11.0,0.16,150,4,10,10,0.12455139204106662,0.026320478180693392,0.0845830798240254,0.16429207344865712,100.0,0.0,100.0,100.0,30,0,0
2444,11.0,0.16,200,2,10,10,0.228173176411881,0.04058776902939173,0.15080859402956173,0.3059779181893034,95.33333333333334,14.757295747452435,53.333333333333336,100.0,30,0,0
2445,11.0,0.16,200,4,10,10,0.15593254698998624,0.02641467898317435,0.1254391074977409,0.1961637240241277,100.0,0.0,100.0,100.0,30,0,0
2446,11.0,0.16,250,2,10,10,0.3099992307239866,0.11655627736565155,0.19118897296238777,0.6102085570133438,90.33333333333334,17.529516554009234,53.333333333333336,100.0,30,0,0
2447,11.0,0.16,250,4,10,10,0.186365910749424,0.031219005739364144,0.13745741694705602,0.23984470345295658,100.0,0.0,100.0,100.0,30,0,0
2448,11.0,0.17,0,2,10,10,0.05186187699624917,0.011499599553081979,0.03818260941979163,0.07232700167611279,100.0,0.0,100.0,100.0,30,0,0
2449,11.0,0.17,0,4,10,10,0.06725301415714081,0.016339759390887477,0.04584581879902245,0.1000506685706123,100.0,0.0,100.0,100.0,30,0,0
2450,11.0,0.17,50,2,10,10,0.08035389957268604,0.009513384874646189,0.0696709040867897,0.10087813175254878,100.0,0.0,100.0,100.0,30,0,0
2451,11.0,0.17,50,4,10,10,0.07635393563003053,0.015448644735895859,0.054911829059957916,0.1039280138351497,100.0,0.0,100.0,100.0,30,0,0
2452,11.0,0.17,100,2,10,10,0.1348280362104203,0.02380522245950622,0.09702310481760375,0.17217025648839557,100.0,0.0,100.0,100.0,30,0,0
2453,11.0,0.17,100,4,10,10,0.09898909573480508,0.014087797845585224,0.08334534821007157,0.12288623250579728,100.0,0.0,100.0,100.0,30,0,0
2454,11.0,0.17,150,2,10,10,0.19380034634727988,0.03451572540213168,0.12804499433241004,0.245750462323069,95.33333333333334,14.757295747452435,53.333333333333336,100.0,30,0,0
2455,11.0,0.17,150,4,10,10,0.13211516338348223,0.02480623944463472,0.08813136003227999,0.16669254366896236,100.0,0.0,100.0,100.0,30,0,0
2456,11.0,0.17,200,2,10,10,0.24808714927464698,0.04684887665343663,0.16342342516801936,0.3361413235777874,95.33333333333334,14.757295747452435,53.333333333333336,100.0,30,0,0
2457,11.0,0.17,200,4,10,10,0.1620150177361924,0.02749028686385993,0.1260093469267899,0.2064568194475347,100.0,0.0,100.0,100.0,30,0,0
2458,11.0,0.17,250,2,10,10,0.3787424648388147,0.1556023253733581,0.21586442023088873,0.6783734975614412,90.22222222222223,17.464838279574398,53.333333333333336,100.0,30,0,0
2459,11.0,0.17,250,4,10,10,0.19649853285260238,0.029545862757332304,0.14821131521742295,0.2475691349409701,100.0,0.0,100.0,100.0,30,0,0
2460,11.0,0.18,0,2,10,10,0.05478476077658177,0.012950445698276419,0.03471054861680537,0.07538684585854298,100.0,0.0,100.0,100.0,30,0,0
2461,11.0,0.18,0,4,10,10,0.07248897786546445,0.01921678741490439,0.04601259019894916,0.11031690805420792,100.0,0.0,100.0,100.0,30,0,0
2462,11.0,0.18,50,2,10,10,0.09081373596108908,0.011016008336461458,0.07552851236151979,0.11397937909119937,100.0,0.0,100.0,100.0,30,0,0
2463,11.0,0.18,50,4,10,10,0.08373117057970106,0.015042538888588496,0.06500655526938179,0.11565882967302026,100.0,0.0,100.0,100.0,30,0,0
2464,11.0,0.18,100,2,10,10,0.14871041022717343,0.02369580304941142,0.10617019404620315,0.17912435335454777,100.0,0.0,100.0,100.0,30,0,0
2465,11.0,0.18,100,4,10,10,0.10637669462918209,0.016777222565682294,0.08536405666991041,0.13130616654714486,100.0,0.0,100.0,100.0,30,0,0
2466,11.0,0.18,150,2,10,10,0.21296660604203083,0.04216030581645663,0.13727186943989214,0.2833205302158202,95.33333333333334,14.757295747452435,53.333333333333336,100.0,30,0,0
2467,11.0,0.18,150,4,10,10,0.13945348121178225,0.023739278149923538,0.11073311145817054,0.18336610535398676,100.0,0.0,100.0,100.0,30,0,0
2468,11.0,0.18,200,2,10,10,0.2781140066942592,0.05453653757092572,0.1892278182572412,0.3962531162196286,95.33333333333334,14.757295747452435,53.333333333333336,100.0,30,0,0
2469,11.0,0.18,200,4,10,10,0.17274524656840892,0.03245253813106059,0.13440976594897291,0.22743262035587994,100.0,0.0,100.0,100.0,30,0,0
2470,11.0,0.18,250,2,10,10,0.3871808536506394,0.1107328428108125,0.2404522433457934,0.646164209552159,86.0,20.049321899804376,53.333333333333336,100.0,30,0,0
2471,11.0,0.18,250,4,10,10,0.20314045619164317,0.03604530633148224,0.14605015612500674,0.26429647385976707,100.0,0.0,100.0,100.0,30,0,0
2472,11.0,0.19,0,2,10,10,0.0562707394543873,0.01650655883794213,0.034635561560923865,0.07871600426835985,100.0,0.0,100.0,100.0,30,0,0
2473,11.0,0.19,0,4,10,10,0.08508269378332688,0.021917540913327982,0.05689917932353968,0.13025816335048443,100.0,0.0,100.0,100.0,30,0,0
2474,11.0,0.19,50,2,10,10,0.09452843415701837,0.013288807969573243,0.07406291131862545,0.1134203935524794,100.0,0.0,100.0,100.0,30,0,0
2475,11.0,0.19,50,4,10,10,0.09562287379999897,0.02065847137858781,0.06277125473602596,0.13533097096275495,100.0,0.0,100.0,100.0,30,0,0
2476,11.0,0.19,100,2,10,10,0.1640144694634202,0.029804148340987064,0.11701099549348876,0.2006450751277569,100.0,0.0,100.0,100.0,30,0,0
2477,11.0,0.19,100,4,10,10,0.11548394724679167,0.01643665716860018,0.09712974887791521,0.13995524432681583,100.0,0.0,100.0,100.0,30,0,0
2478,11.0,0.19,150,2,10,10,0.23627277857339454,0.04373072276245429,0.16735586126374472,0.31727650031032795,95.33333333333334,14.757295747452435,53.333333333333336,100.0,30,0,0
2479,11.0,0.19,150,4,10,10,0.1472902943267363,0.02868621224802141,0.10639283818187815,0.18778058686670288,100.0,0.0,100.0,100.0,30,0,0
2480,11.0,0.19,200,2,10,10,0.3052579248887037,0.06095678051528512,0.20381352285367924,0.4310316239164346,95.33333333333334,14.757295747452435,53.333333333333336,100.0,30,0,0
2481,11.0,0.19,200,4,10,10,0.18188794131594865,0.029390611037336273,0.14020004132449262,0.22923999601347003,100.0,0.0,100.0,100.0,30,0,0
2482,11.0,0.19,250,2,10,10,0.4084386228154093,0.1096126130832057,0.27213065097685385,0.6711492355527985,86.0,20.049321899804376,53.333333333333336,100.0,30,0,0
2483,11.0,0.19,250,4,10,10,0.2151428630606298,0.03244852030685372,0.17199050709596408,0.27070005705864425,100.0,0.0,100.0,100.0,30,0,0
2484,11.0,0.2,0,2,10,10,0.0595249678719841,0.018507222056431103,0.03512609270252953,0.08779204200330692,100.0,0.0,100.0,100.0,30,0,0
2485,11.0,0.2,0,4,10,10,0.09873476266953757,0.024271574648983052,0.06733298043684717,0.14679908996593716,100.0,0.0,100.0,100.0,30,0,0
2486,11.0,0.2,50,2,10,10,0.10461931005785577,0.01492602336134706,0.08059063121122297,0.13046601002584376,100.0,0.0,100.0,100.0,30,0,0
2487,11.0,0.2,50,4,10,10,0.10375507882915487,0.02252205435815444,0.06796896995260028,0.14857140515725306,100.0,0.0,100.0,100.0,30,0,0
2488,11.0,0.2,100,2,10,10,0.184759172984565,0.03625480899470733,0.1321889286056575,0.24540406553484242,100.0,0.0,100.0,100.0,30,0,0
2489,11.0,0.2,100,4,10,10,0.12934703912552445,0.02108822826152851,0.09858937696831242,0.16832888075835417,100.0,0.0,100.0,100.0,30,0,0
2490,11.0,0.2,150,2,10,10,0.2584740090095219,0.05271479764119492,0.18212706024891281,0.3647618299206954,95.33333333333334,14.757295747452435,53.333333333333336,100.0,30,0,0
2491,11.0,0.2,150,4,10,10,0.15926122392078707,0.024308829667962925,0.13343031089751334,0.1944726254699436,100.0,0.0,100.0,100.0,30,0,0
2492,11.0,0.2,200,2,10,10,0.33870461959949644,0.06130067516338705,0.24016614944801393,0.472289264544119,95.33333333333334,14.757295747452435,53.333333333333336,100.0,30,0,0
2493,11.0,0.2,200,4,10,10,0.19046531924556823,0.02963434307563163,0.1476347114626649,0.24028840427998718,100.0,0.0,100.0,100.0,30,0,0
2494,11.0,0.2,250,2,10,10,0.5534529440371015,0.2680296851566915,0.3180713957388484,1.1906157590048194,84.11111111111111,21.67885064199092,50.0,100.0,30,0,0
2495,11.0,0.2,250,4,10,10,0.2290275015850664,0.03597852377834677,0.17068801190300595,0.2896910884374693,95.33333333333334,14.757295747452435,53.333333333333336,100.0,30,0,0
2496,11.5,0.05,0,2,10,10,0.036949865478688594,0.006861777595747135,0.024771885811648364,0.0511092040084015,100.0,0.0,100.0,100.0,30,0,0
2497,11.5,0.05,0,4,10,10,0.0369930254758273,0.005620549727869165,0.028901919185024605,0.04553760504515602,100.0,0.0,100.0,100.0,30,0,0
2498,11.5,0.05,50,2,10,10,0.04663080394850787,0.003218786741578837,0.04318904699561068,0.05410400983965632,100.0,0.0,100.0,100.0,30,0,0
2499,11.5,0.05,50,4,10,10,0.05143020922959198,0.006460679733627001,0.03966407681873794,0.06209050456222661,100.0,0.0,100.0,100.0,30,0,0
2500,11.5,0.05,100,2,10,10,0.0623127256103204,0.010923962048806704,0.0459013759316689,0.07924085281730232,100.0,0.0,100.0,100.0,30,0,0
2501,11.5,0.05,100,4,10,10,0.06539998136600715,0.009956887426411485,0.04875361523634695,0.08521893194953704,100.0,0.0,100.0,100.0,30,0,0
2502,11.5,0.05,150,2,10,10,0.07894844982293794,0.01867257369938294,0.054840419576764,0.10650326184619223,100.0,0.0,100.0,100.0,30,0,0
2503,11.5,0.05,150,4,10,10,0.08858775097420367,0.014949511224923192,0.06492177786895224,0.11153152570690435,100.0,0.0,100.0,100.0,30,0,0
2504,11.5,0.05,200,2,10,10,0.09927100402047231,0.02413451435927387,0.05443861413771559,0.13708389725884493,100.0,0.0,100.0,100.0,30,0,0
2505,11.5,0.05,200,4,10,10,0.11051338934262604,0.023949206994933192,0.0700613602800928,0.143566574212306,100.0,0.0,100.0,100.0,30,0,0
2506,11.5,0.05,250,2,10,10,0.12131084960812222,0.03253248230767894,0.0585376065890953,0.1784137188471652,100.0,0.0,100.0,100.0,30,0,0
2507,11.5,0.05,250,4,10,10,0.1357403278873332,0.028799999807822992,0.08753406548075253,0.1687294038055646,100.0,0.0,100.0,100.0,30,0,0
2508,11.5,0.06,0,2,10,10,0.035226989024987075,0.004923785332420412,0.029202011726056038,0.045697531885002855,100.0,0.0,100.0,100.0,30,0,0
2509,11.5,0.06,0,4,10,10,0.04163423709439356,0.006378646153252201,0.028804842535857102,0.04902106784488316,100.0,0.0,100.0,100.0,30,0,0
2510,11.5,0.06,50,2,10,10,0.04760190750755099,0.0049237980430420205,0.03865803608792966,0.05246780727028622,100.0,0.0,100.0,100.0,30,0,0
2511,11.5,0.06,50,4,10,10,0.04948979287325129,0.00545648267910546,0.03864804729146475,0.05739645442728782,100.0,0.0,100.0,100.0,30,0,0
2512,11.5,0.06,100,2,10,10,0.06457789025241563,0.009913275299686325,0.05135851811828777,0.07994612973788005,100.0,0.0,100.0,100.0,30,0,0
2513,11.5,0.06,100,4,10,10,0.06828102687834581,0.008780295676429021,0.058108722944987756,0.089855541428645,100.0,0.0,100.0,100.0,30,0,0
2514,11.5,0.06,150,2,10,10,0.08478015305679673,0.019335788264411145,0.053968323734297476,0.1149107054667365,100.0,0.0,100.0,100.0,30,0,0
2515,11.5,0.06,150,4,10,10,0.09194318833435186,0.013480974611276439,0.06817787534208525,0.10691803739375638,100.0,0.0,100.0,100.0,30,0,0
2516,11.5,0.06,200,2,10,10,0.10689630068720306,0.024820319801071303,0.06147219962725355,0.15149719615718787,100.0,0.0,100.0,100.0,30,0,0
2517,11.5,0.06,200,4,10,10,0.1174447509715781,0.022187843386558482,0.07858121416781956,0.14767376674518826,100.0,0.0,100.0,100.0,30,0,0
2518,11.5,0.06,250,2,10,10,0.12830299335701734,0.03402228603088,0.07209572931994811,0.18970285907647486,100.0,0.0,100.0,100.0,30,0,0
2519,11.5,0.06,250,4,10,10,0.14096832013944177,0.031373824445747114,0.08736969139505847,0.17908981450597902,100.0,0.0,100.0,100.0,30,0,0
2520,11.5,0.07,0,2,10,10,0.03719798788486179,0.0075183356614770365,0.02682937905127297,0.050386248534180084,100.0,0.0,100.0,100.0,30,0,0
2521,11.5,0.07,0,4,10,10,0.03883328839726966,0.006519793500385162,0.026440671826223904,0.04796087611917485,100.0,0.0,100.0,100.0,30,0,0
2522,11.5,0.07,50,2,10,10,0.04736200644329995,0.007177084126318837,0.03941911107903426,0.06613940567304856,100.0,0.0,100.0,100.0,30,0,0
2523,11.5,0.07,50,4,10,10,0.04900909765659578,0.007503172679424458,0.036275937004480154,0.06302320707336799,100.0,0.0,100.0,100.0,30,0,0
2524,11.5,0.07,100,2,10,10,0.06839586455511573,0.011449223159094808,0.050878458470824305,0.09031744319119057,100.0,0.0,100.0,100.0,30,0,0
2525,11.5,0.07,100,4,10,10,0.07062088946722374,0.008170519293817055,0.059248329850019155,0.0859692852356763,100.0,0.0,100.0,100.0,30,0,0
2526,11.5,0.07,150,2,10,10,0.09209408512422033,0.020875290457835868,0.0551440634089358,0.1298504205544123,100.0,0.0,100.0,100.0,30,0,0
2527,11.5,0.07,150,4,10,10,0.0962502311061941,0.013766053147700961,0.0729330661798724,0.1184237348452958,100.0,0.0,100.0,100.0,30,0,0
2528,11.5,0.07,200,2,10,10,0.11530248625591119,0.029355835843865447,0.06005116583455569,0.16127576610199404,100.0,0.0,100.0,100.0,30,0,0
2529,11.5,0.07,200,4,10,10,0.120733290460766,0.024014899825088327,0.08189998346735965,0.1510473694842932,100.0,0.0,100.0,100.0,30,0,0
2530,11.5,0.07,250,2,10,10,0.1367095079837245,0.03758696191446598,0.06355910517163155,0.2057364085041192,100.0,0.0,100.0,100.0,30,0,0
2531,11.5,0.07,250,4,10,10,0.14479453067801956,0.029208998370655413,0.09901995631114276,0.17491335577172462,100.0,0.0,100.0,100.0,30,0,0
2532,11.5,0.08,0,2,10,10,0.03660022961632228,0.006682109913335897,0.0269605452273672,0.04999300430308818,100.0,0.0,100.0,100.0,30,0,0
2533,11.5,0.08,0,4,10,10,0.0382629644165762,0.005607684191794647,0.029033978979896808,0.04596661092240311,100.0,0.0,100.0,100.0,30,0,0
2534,11.5,0.08,50,2,10,10,0.050380445250417114,0.007608521019701157,0.037349245639195706,0.06551777663894444,100.0,0.0,100.0,100.0,30,0,0
2535,11.5,0.08,50,4,10,10,0.05046675808553769,0.005423782723023162,0.04384229072572605,0.060382523221878,100.0,0.0,100.0,100.0,30,0,0
2536,11.5,0.08,100,2,10,10,0.07063888313160788,0.01378031063386008,0.05154764206628545,0.09156575312337724,100.0,0.0,100.0,100.0,30,0,0
2537,11.5,0.08,100,4,10,10,0.07073975160966409,0.011124190035530461,0.050313295607695874,0.0887565084851472,100.0,0.0,100.0,100.0,30,0,0
2538,11.5,0.08,150,2,10,10,0.096194998658879,0.021198441505658087,0.059463631501717906,0.1310280006242555,100.0,0.0,100.0,100.0,30,0,0
2539,11.5,0.08,150,4,10,10,0.09653591135358712,0.015445435354834114,0.07008559601663364,0.11531315010987446,100.0,0.0,100.0,100.0,30,0,0
2540,11.5,0.08,200,2,10,10,0.1211211522246107,0.03394110364772263,0.05851084395137782,0.1761169332221558,100.0,0.0,100.0,100.0,30,0,0
2541,11.5,0.08,200,4,10,10,0.12263996304969511,0.02103381458948273,0.08874422267032661,0.15694703453600875,100.0,0.0,100.0,100.0,30,0,0
2542,11.5,0.08,250,2,10,10,0.147001128851733,0.04223250357028054,0.06599748673785102,0.21565183202603863,96.33333333333334,11.595018087284057,63.333333333333336,100.0,30,0,0
2543,11.5,0.08,250,4,10,10,0.15088043189242878,0.03145571855953286,0.0992348046401227,0.19333031596602834,100.0,0.0,100.0,100.0,30,0,0
2544,11.5,0.09,0,2,10,10,0.03662572274662227,0.008335918245262896,0.02389049523033328,0.048728739484321555,100.0,0.0,100.0,100.0,30,0,0
2545,11.5,0.09,0,4,10,10,0.038043823401869924,0.006892698741192415,0.02778604567686424,0.04739792460478275,100.0,0.0,100.0,100.0,30,0,0
2546,11.5,0.09,50,2,10,10,0.052857637619322405,0.010035584159384117,0.041040529865511405,0.07811785807347264,100.0,0.0,100.0,100.0,30,0,0
2547,11.5,0.09,50,4,10,10,0.052967451885741666,0.0060494189103438315,0.04752299989222094,0.06475317137698045,100.0,0.0,100.0,100.0,30,0,0
2548,11.5,0.09,100,2,10,10,0.0756609671702783,0.01340840021052892,0.05657670819653376,0.09790753628826414,100.0,0.0,100.0,100.0,30,0,0
2549,11.5,0.09,100,4,10,10,0.07492578667861963,0.010759884772674946,0.061059696867550466,0.09339284487174992,100.0,0.0,100.0,100.0,30,0,0
2550,11.5,0.09,150,2,10,10,0.10033950704503103,0.02626041167427807,0.05329278742518103,0.14307754433554112,100.0,0.0,100.0,100.0,30,0,0
2551,11.5,0.09,150,4,10,10,0.10003969409082718,0.017189859801002523,0.0667829011292357,0.12167654829648696,100.0,0.0,100.0,100.0,30,0,0
2552,11.5,0.09,200,2,10,10,0.1304503061581332,0.03349981496473446,0.07266852316120427,0.1899937699326277,100.0,0.0,100.0,100.0,30,0,0
2553,11.5,0.09,200,4,10,10,0.12824931301608872,0.022196419806062084,0.09121180908930711,0.1600011422846096,100.0,0.0,100.0,100.0,30,0,0
2554,11.5,0.09,250,2,10,10,0.1589506431770543,0.04199165441767558,0.08549638368561203,0.2374898920770829,96.33333333333334,11.595018087284057,63.333333333333336,100.0,30,0,0
2555,11.5,0.09,250,4,10,10,0.15474165209120036,0.029149020487769184,0.1031532973995442,0.18967205978218873,100.0,0.0,100.0,100.0,30,0,0
2556,11.5,0.1,0,2,10,10,0.039181092051519845,0.006943328694251994,0.02897522257200445,0.04709379786719212,100.0,0.0,100.0,100.0,30,0,0
2557,11.5,0.1,0,4,10,10,0.03819659582202011,0.005455183394567854,0.029521411112958796,0.04385329303873725,100.0,0.0,100.0,100.0,30,0,0
2558,11.5,0.1,50,2,10,10,0.05479587757186517,0.006531743412819426,0.04745559499587106,0.06782366345774697,100.0,0.0,100.0,100.0,30,0,0
2559,11.5,0.1,50,4,10,10,0.05414147767652248,0.00639084601546596,0.043945559798343074,0.06239179063861814,100.0,0.0,100.0,100.0,30,0,0
2560,11.5,0.1,100,2,10,10,0.07822665619414525,0.01810642767713518,0.05436925169279886,0.1091235111526272,100.0,0.0,100.0,100.0,30,0,0
2561,11.5,0.1,100,4,10,10,0.0772832162285338,0.013828865605571176,0.05867639041753445,0.10252681869482089,100.0,0.0,100.0,100.0,30,0,0
2562,11.5,0.1,150,2,10,10,0.11037006144064745,0.027658378402426333,0.06447690998795443,0.15507485076741045,100.0,0.0,100.0,100.0,30,0,0
2563,11.5,0.1,150,4,10,10,0.10256415113638628,0.016305858935757502,0.07638317731661826,0.12626564048094055,100.0,0.0,100.0,100.0,30,0,0
2564,11.5,0.1,200,2,10,10,0.14047651699678085,0.04000380781341153,0.06358285151830427,0.20534276053294645,100.0,0.0,100.0,100.0,30,0,0
2565,11.5,0.1,200,4,10,10,0.13268936805939965,0.02500196380806706,0.09041392076925658,0.16684858581084347,100.0,0.0,100.0,100.0,30,0,0
2566,11.5,0.1,250,2,10,10,0.17370661101863266,0.04775550871813151,0.08424237736458573,0.26243514868683365,96.33333333333334,11.595018087284057,63.333333333333336,100.0,30,0,0
2567,11.5,0.1,250,4,10,10,0.16207616283405332,0.02855777236467784,0.11247204507932629,0.2009283131482779,100.0,0.0,100.0,100.0,30,0,0
2568,11.5,0.11,0,2,10,10,0.039431264384300835,0.008442311087675685,0.030474913316012892,0.051209690796708084,100.0,0.0,100.0,100.0,30,0,0
2569,11.5,0.11,0,4,10,10,0.03634907886169492,0.0066661953109291424,0.029096364600723162,0.047224654259908516,100.0,0.0,100.0,100.0,30,0,0
2570,11.5,0.11,50,2,10,10,0.056707236565625,0.007573859315294072,0.046956729160993416,0.07440961459084956,100.0,0.0,100.0,100.0,30,0,0
2571,11.5,0.11,50,4,10,10,0.05283531008187649,0.006070513840779783,0.04674909747229066,0.06474293951010075,100.0,0.0,100.0,100.0,30,0,0
2572,11.5,0.11,100,2,10,10,0.08676962605169755,0.019330152468182545,0.05808039060534601,0.11833462804200971,100.0,0.0,100.0,100.0,30,0,0
2573,11.5,0.11,100,4,10,10,0.07861660226713942,0.012119326423820095,0.0656566489311073,0.1045407635517907,100.0,0.0,100.0,100.0,30,0,0
2574,11.5,0.11,150,2,10,10,0.12001555816801576,0.03247253567958103,0.06114022701673414,0.1736052864408626,100.0,0.0,100.0,100.0,30,0,0
2575,11.5,0.11,150,4,10,10,0.10988946652907183,0.018507186626926762,0.08082023216553928,0.1384916162645777,100.0,0.0,100.0,100.0,30,0,0
2576,11.5,0.11,200,2,10,10,0.15564950764579674,0.042725307363954884,0.07628001136860989,0.2250749874171719,100.0,0.0,100.0,100.0,30,0,0
2577,11.5,0.11,200,4,10,10,0.13603245241167694,0.025282881858461063,0.09636680875739857,0.1703050681984227,100.0,0.0,100.0,100.0,30,0,0
2578,11.5,0.11,250,2,10,10,0.1927001461287042,0.05488569359624213,0.08249091120655629,0.2875886579588779,96.33333333333334,11.595018087284057,63.333333333333336,100.0,30,0,0
2579,11.5,0.11,250,4,10,10,0.16776363481357745,0.0336451277001472,0.1119437263371506,0.21280185155423526,100.0,0.0,100.0,100.0,30,0,0
2580,11.5,0.12,0,2,10,10,0.04067584247297375,0.00774690076238074,0.030888880048060303,0.05567148165693767,100.0,0.0,100.0,100.0,30,0,0
2581,11.5,0.12,0,4,10,10,0.03694671234260226,0.00523260574657413,0.028614735390946163,0.04573027181925787,100.0,0.0,100.0,100.0,30,0,0
2582,11.5,0.12,50,2,10,10,0.062035436378910805,0.0077964181207203715,0.053934349679793915,0.08275814918306872,100.0,0.0,100.0,100.0,30,0,0
2583,11.5,0.12,50,4,10,10,0.05342341516035739,0.006577347927219062,0.046262230315430836,0.06597192526989408,100.0,0.0,100.0,100.0,30,0,0
2584,11.5,0.12,100,2,10,10,0.0980656685176663,0.021414194981060494,0.06412307075304201,0.1345594483527741,100.0,0.0,100.0,100.0,30,0,0
2585,11.5,0.12,100,4,10,10,0.07793070015715253,0.011507168872690285,0.05917853970191802,0.0995542968522631,100.0,0.0,100.0,100.0,30,0,0
2586,11.5,0.12,150,2,10,10,0.13687277074933876,0.03569170082295894,0.07329912619371902,0.19195302427713867,100.0,0.0,100.0,100.0,30,0,0
2587,11.5,0.12,150,4,10,10,0.11272616713563402,0.01923756732730036,0.0816695401010026,0.13652729211940065,100.0,0.0,100.0,100.0,30,0,0
2588,11.5,0.12,200,2,10,10,0.17355226780530067,0.04465838840194682,0.09632546270230909,0.24931485943254714,96.33333333333334,11.595018087284057,63.333333333333336,100.0,30,0,0
2589,11.5,0.12,200,4,10,10,0.14442053073783828,0.025318999580661763,0.0994460142053258,0.17871969601241502,100.0,0.0,100.0,100.0,30,0,0
2590,11.5,0.12,250,2,10,10,0.2121569452618056,0.056929850279812996,0.10049289796066145,0.30837569790097585,96.33333333333334,11.595018087284057,63.333333333333336,100.0,30,0,0
2591,11.5,0.12,250,4,10,10,0.17430400440359378,0.03522318910141808,0.11872287156075939,0.2197306732730601,100.0,0.0,100.0,100.0,30,0,0
2592,11.5,0.13,0,2,10,10,0.042521293212120365,0.009114446180156556,0.028939275646743295,0.05395856576528436,100.0,0.0,100.0,100.0,30,0,0
2593,11.5,0.13,0,4,10,10,0.03948289618766963,0.007735780932982855,0.028465876113999932,0.05203618313367098,100.0,0.0,100.0,100.0,30,0,0
2594,11.5,0.13,50,2,10,10,0.06692743952350808,0.01194619707597601,0.045787690275145565,0.09292712431466521,100.0,0.0,100.0,100.0,30,0,0
2595,11.5,0.13,50,4,10,10,0.054816989662760676,0.008498074987826666,0.04715560148184577,0.07124968550632345,100.0,0.0,100.0,100.0,30,0,0
2596,11.5,0.13,100,2,10,10,0.10835226395390132,0.02445389404515164,0.06305045934187002,0.14814130804735862,100.0,0.0,100.0,100.0,30,0,0
2597,11.5,0.13,100,4,10,10,0.0828893126886697,0.01507296655048486,0.057252716971803695,0.10311286161536837,100.0,0.0,100.0,100.0,30,0,0
2598,11.5,0.13,150,2,10,10,0.15005276273540874,0.03734993034218577,0.08333930841834558,0.2069643140013597,100.0,0.0,100.0,100.0,30,0,0
2599,11.5,0.13,150,4,10,10,0.11523332946880001,0.018960238689298428,0.08334252679323974,0.14468617572410022,100.0,0.0,100.0,100.0,30,0,0
2600,11.5,0.13,200,2,10,10,0.19289360457048113,0.05109613726583425,0.09190098762869751,0.2715846723161925,96.33333333333334,11.595018087284057,63.333333333333336,100.0,30,0,0
2601,11.5,0.13,200,4,10,10,0.1478643457775572,0.028021701485947834,0.09893534077995614,0.18427708836317092,100.0,0.0,100.0,100.0,30,0,0
2602,11.5,0.13,250,2,10,10,0.2493027508808864,0.07962067008254259,0.1046324520727671,0.37337149304326783,95.88888888888889,13.00047482513667,58.888888888888886,100.0,30,0,0
2603,11.5,0.13,250,4,10,10,0.17939195573489658,0.03608536468653235,0.12496669358994413,0.23040486200085245,100.0,0.0,100.0,100.0,30,0,0
2604,11.5,0.14,0,2,10,10,0.04345408568228852,0.006364544681864233,0.03444843538287631,0.05327093870481466,100.0,0.0,100.0,100.0,30,0,0
2605,11.5,0.14,0,4,10,10,0.0433802843181804,0.011615148363084395,0.028748628072572276,0.06765727396648312,100.0,0.0,100.0,100.0,30,0,0
2606,11.5,0.14,50,2,10,10,0.0695366292539681,0.012906464023327568,0.04754020955319218,0.09562531412720819,100.0,0.0,100.0,100.0,30,0,0
2607,11.5,0.14,50,4,10,10,0.05917374657098586,0.012581780460156088,0.047063956281896434,0.07943493773150277,100.0,0.0,100.0,100.0,30,0,0
2608,11.5,0.14,100,2,10,10,0.11616329152194968,0.028193102332172905,0.06511216855411235,0.15615282742957703,100.0,0.0,100.0,100.0,30,0,0
2609,11.5,0.14,100,4,10,10,0.08730849995874145,0.015626938311348055,0.06352840730427711,0.10782579704786478,100.0,0.0,100.0,100.0,30,0,0
2610,11.5,0.14,150,2,10,10,0.16397753992420488,0.041506118333564226,0.0861088360798145,0.22548444357775263,100.0,0.0,100.0,100.0,30,0,0
2611,11.5,0.14,150,4,10,10,0.11871120495814022,0.023547381898175918,0.08264316779155416,0.15327353510983988,100.0,0.0,100.0,100.0,30,0,0
2612,11.5,0.14,200,2,10,10,0.21368464577631646,0.05818451592722982,0.09848722356504548,0.3020168305443354,96.33333333333334,11.595018087284057,63.333333333333336,100.0,30,0,0
2613,11.5,0.14,200,4,10,10,0.1537484652469253,0.028708532875900524,0.10372522677339491,0.19284413631164313,100.0,0.0,100.0,100.0,30,0,0
2614,11.5,0.14,250,2,10,10,0.32041425518292926,0.19505444100264896,0.11956419971243826,0.830088441220156,94.55555555555556,13.213971904690217,58.888888888888886,100.0,30,0,0
2615,11.5,0.14,250,4,10,10,0.18736596732798497,0.03455892291759349,0.12915200696802612,0.2365760858893995,100.0,0.0,100.0,100.0,30,0,0
2616,11.5,0.15,0,2,10,10,0.0420218209607904,0.010082453808347424,0.025412554237810445,0.05339176313325816,100.0,0.0,100.0,100.0,30,0,0
2617,11.5,0.15,0,4,10,10,0.0480263577520243,0.011754474233082653,0.03641826080316843,0.07540962851782694,100.0,0.0,100.0,100.0,30,0,0
2618,11.5,0.15,50,2,10,10,0.07614113995712454,0.017250194236269636,0.04774839276469378,0.11322679957058135,100.0,0.0,100.0,100.0,30,0,0
2619,11.5,0.15,50,4,10,10,0.06400841041464574,0.01542382940354853,0.04916039802251524,0.09957735363342067,100.0,0.0,100.0,100.0,30,0,0
2620,11.5,0.15,100,2,10,10,0.13078812130496817,0.03012837628366471,0.06992521769790629,0.17624363396054712,100.0,0.0,100.0,100.0,30,0,0
2621,11.5,0.15,100,4,10,10,0.08926747872954292,0.017570918548215242,0.06039007856402676,0.10983665564894544,100.0,0.0,100.0,100.0,30,0,0
2622,11.5,0.15,150,2,10,10,0.1878351622868933,0.046596193125540766,0.10012253361753025,0.2505563319264593,100.0,0.0,100.0,100.0,30,0,0
2623,11.5,0.15,150,4,10,10,0.12403785203078543,0.022979243126159538,0.0803570714329213,0.15346402210183577,100.0,0.0,100.0,100.0,30,0,0
2624,11.5,0.15,200,2,10,10,0.2401949765531782,0.06455361309977127,0.10787829302276132,0.33340372562932113,96.33333333333334,11.595018087284057,63.333333333333336,100.0,30,0,0
2625,11.5,0.15,200,4,10,10,0.16080866887849868,0.030351107545886328,0.1143763328790388,0.21176985355927505,100.0,0.0,100.0,100.0,30,0,0
2626,11.5,0.15,250,2,10,10,0.410206282492598,0.21330218758304853,0.21038864016903144,0.8477461209626833,94.55555555555556,13.213971904690217,58.888888888888886,100.0,30,0,0
2627,11.5,0.15,250,4,10,10,0.19431567824742005,0.038355529716672054,0.125312527297376,0.24377109411942252,100.0,0.0,100.0,100.0,30,0,0
2628,11.5,0.16,0,2,10,10,0.045115016480290954,0.009064342026458774,0.0340097975564999,0.0600078872945173,100.0,0.0,100.0,100.0,30,0,0
2629,11.5,0.16,0,4,10,10,0.05174575357352892,0.010668841300242418,0.03816361519241699,0.07464501059656503,100.0,0.0,100.0,100.0,30,0,0
2630,11.5,0.16,50,2,10,10,0.08388058753364672,0.017340275560308902,0.05009481670476159,0.11736743166102818,100.0,0.0,100.0,100.0,30,0,0
2631,11.5,0.16,50,4,10,10,0.06561942342459312,0.012570004027289318,0.05085108113525746,0.09091739612276649,100.0,0.0,100.0,100.0,30,0,0
2632,11.5,0.16,100,2,10,10,0.14400889799113828,0.03498442630331276,0.07111779977499748,0.19284255228854694,100.0,0.0,100.0,100.0,30,0,0
2633,11.5,0.16,100,4,10,10,0.09876647857976369,0.022577461481289578,0.06284917380650418,0.13140186633881226,100.0,0.0,100.0,100.0,30,0,0
2634,11.5,0.16,150,2,10,10,0.20361038240692877,0.05174289239075573,0.09536484945356345,0.2779950470612935,100.0,0.0,100.0,100.0,30,0,0
2635,11.5,0.16,150,4,10,10,0.13143275195673185,0.02697829451636767,0.08102508268887841,0.16070388856806458,100.0,0.0,100.0,100.0,30,0,0
2636,11.5,0.16,200,2,10,10,0.27058786471013185,0.0665211010931641,0.13146690009979925,0.3730109787410793,96.33333333333334,11.595018087284057,63.333333333333336,100.0,30,0,0
2637,11.5,0.16,200,4,10,10,0.1658625573424088,0.03546319097372556,0.10381002685374795,0.2180830227923932,100.0,0.0,100.0,100.0,30,0,0
2638,11.5,0.16,250,2,10,10,0.4286495098542546,0.20104275343403247,0.2433733082348124,0.8538882301520476,95.0,11.889408088351496,63.333333333333336,100.0,30,0,0
2639,11.5,0.16,250,4,10,10,0.20346607747087594,0.04337071483241518,0.1382240200304584,0.2685841334398302,100.0,0.0,100.0,100.0,30,0,0
2640,11.5,0.17,0,2,10,10,0.047389200465472826,0.010499402468144412,0.032879629528018726,0.06733390996212264,100.0,0.0,100.0,100.0,30,0,0
2641,11.5,0.17,0,4,10,10,0.05758721918726335,0.01595790399669897,0.030884474508832627,0.08495953639091623,100.0,0.0,100.0,100.0,30,0,0
2642,11.5,0.17,50,2,10,10,0.09017050721536907,0.020140238839622345,0.04945160501899626,0.12845213894805138,100.0,0.0,100.0,100.0,30,0,0
2643,11.5,0.17,50,4,10,10,0.07365913763218275,0.018999498861953325,0.04366843687886063,0.101691328028779,100.0,0.0,100.0,100.0,30,0,0
2644,11.5,0.17,100,2,10,10,0.15788107748621663,0.0374877801653053,0.08030339643137863,0.20183858455907364,100.0,0.0,100.0,100.0,30,0,0
2645,11.5,0.17,100,4,10,10,0.10003908620243811,0.02058451608702005,0.06584104820948558,0.1271474021163061,100.0,0.0,100.0,100.0,30,0,0
2646,11.5,0.17,150,2,10,10,0.22847598593536672,0.05342018785577799,0.11268275910161758,0.30027500192175804,100.0,0.0,100.0,100.0,30,0,0
2647,11.5,0.17,150,4,10,10,0.13831691992226086,0.027649639282773045,0.0926327780000421,0.1780647918085931,100.0,0.0,100.0,100.0,30,0,0
2648,11.5,0.17,200,2,10,10,0.3012201325268653,0.07200266918193012,0.14717637746984627,0.40872657561718057,96.33333333333334,11.595018087284057,63.333333333333336,100.0,30,0,0
2649,11.5,0.17,200,4,10,10,0.17651222460032118,0.03880535461029523,0.11257005184648472,0.22910554087972942,100.0,0.0,100.0,100.0,30,0,0
2650,11.5,0.17,250,2,10,10,0.4871962053028388,0.19830006255283175,0.297041013828117,0.8864507513787511,94.11111111111111,14.553717723952097,54.444444444444436,100.0,30,0,0
2651,11.5,0.17,250,4,10,10,0.2133221807510795,0.045556728250687746,0.13908863274438432,0.28122066716311445,100.0,0.0,100.0,100.0,30,0,0
2652,11.5,0.18,0,2,10,10,0.04800057235870036,0.013174564691520998,0.03231896218147404,0.07247949446040168,100.0,0.0,100.0,100.0,30,0,0
2653,11.5,0.18,0,4,10,10,0.06572739510591197,0.01596099012358713,0.04052672368975469,0.09392903880069099,100.0,0.0,100.0,100.0,30,0,0
2654,11.5,0.18,50,2,10,10,0.0971383713011441,0.02589643927921484,0.0466914372868949,0.14667715329975822,100.0,0.0,100.0,100.0,30,0,0
2655,11.5,0.18,50,4,10,10,0.07980004982378854,0.017808212659814658,0.04809516418387851,0.11563574345364154,100.0,0.0,100.0,100.0,30,0,0
2656,11.5,0.18,100,2,10,10,0.17487926966837958,0.04271910841870927,0.08298683993131166,0.2271410630651712,100.0,0.0,100.0,100.0,30,0,0
2657,11.5,0.18,100,4,10,10,0.10880433148062663,0.026966992772502706,0.06753625860563842,0.14631980315482682,100.0,0.0,100.0,100.0,30,0,0
2658,11.5,0.18,150,2,10,10,0.256509915077404,0.06332235032323,0.11071939553332553,0.33477548913982086,100.0,0.0,100.0,100.0,30,0,0
2659,11.5,0.18,150,4,10,10,0.1450432363813232,0.03002977701853053,0.09599640381397438,0.1789024981158948,100.0,0.0,100.0,100.0,30,0,0
2660,11.5,0.18,200,2,10,10,0.3913107421088438,0.13150516989674207,0.26541172263990526,0.7392000500577295,96.33333333333334,11.595018087284057,63.333333333333336,100.0,30,0,0
2661,11.5,0.18,200,4,10,10,0.18422749816375492,0.03933722755691807,0.11785956530830953,0.23974380868808554,100.0,0.0,100.0,100.0,30,0,0
2662,11.5,0.18,250,2,10,10,0.532392726560808,0.19615503120893663,0.33221324296225063,0.903400072878358,93.66666666666666,15.904809428690522,50.0,100.0,30,0,0
2663,11.5,0.18,250,4,10,10,0.2249295972145932,0.04771106070163849,0.14949958272166256,0.29293912796034594,100.0,0.0,100.0,100.0,30,0,0
2664,11.5,0.19,0,2,10,10,0.05097188993927802,0.013283986287262699,0.037571580483011374,0.08056389087011573,100.0,0.0,100.0,100.0,30,0,0
2665,11.5,0.19,0,4,10,10,0.07450998398479591,0.017024307082189973,0.05012750171059693,0.11032965200646071,100.0,0.0,100.0,100.0,30,0,0
2666,11.5,0.19,50,2,10,10,0.10629830580811864,0.02589843260098817,0.0554306037488578,0.15433268419078372,100.0,0.0,100.0,100.0,30,0,0
2667,11.5,0.19,50,4,10,10,0.0884663763052426,0.01979937427824894,0.05331216222162244,0.12536652794642847,100.0,0.0,100.0,100.0,30,0,0
2668,11.5,0.19,100,2,10,10,0.19324530126891748,0.04894811362761633,0.08586337621164275,0.24992272767748744,100.0,0.0,100.0,100.0,30,0,0
2669,11.5,0.19,100,4,10,10,0.11721093698480875,0.029242824759399533,0.07063277926618435,0.1603701502486635,100.0,0.0,100.0,100.0,30,0,0
2670,11.5,0.19,150,2,10,10,0.28554202556616715,0.06950971083513202,0.12447502502029927,0.37127785841386474,100.0,0.0,100.0,100.0,30,0,0
2671,11.5,0.19,150,4,10,10,0.1570942473200863,0.03687756860994506,0.0946814846769697,0.2029938311050523,100.0,0.0,100.0,100.0,30,0,0
2672,11.5,0.19,200,2,10,10,0.43907751966552555,0.13178506120004177,0.31053633247218726,0.7385659007934381,95.88888888888889,11.523816811693296,63.333333333333336,100.0,30,0,0
2673,11.5,0.19,200,4,10,10,0.1967207372995337,0.04225697188105717,0.12489145212203771,0.24801727713141283,100.0,0.0,100.0,100.0,30,0,0
2674,11.5,0.19,250,2,10,10,0.5610649763959434,0.17472839775840268,0.3830005829174125,0.9238454489164586,86.55555555555556,19.601307310618914,53.333333333333336,100.0,30,0,0
2675,11.5,0.19,250,4,10,10,0.23520968326210473,0.05016183550589143,0.15655832883280305,0.3084386934004317,100.0,0.0,100.0,100.0,30,0,0
2676,11.5,0.2,0,2,10,10,0.05581539278340743,0.013551054741149383,0.04010893782787885,0.08289870418309574,100.0,0.0,100.0,100.0,30,0,0
2677,11.5,0.2,0,4,10,10,0.08619577038751831,0.019331555441483926,0.060601008830996915,0.1280339276777961,100.0,0.0,100.0,100.0,30,0,0
2678,11.5,0.2,50,2,10,10,0.1154326194104969,0.029538931746676548,0.05970242392196132,0.1741173129595007,100.0,0.0,100.0,100.0,30,0,0
2679,11.5,0.2,50,4,10,10,0.10538193193996928,0.027276847024901355,0.06094766108920724,0.15525426653529445,100.0,0.0,100.0,100.0,30,0,0
2680,11.5,0.2,100,2,10,10,0.211948819252247,0.053223623058196556,0.09155545134070253,0.2681313217405274,100.0,0.0,100.0,100.0,30,0,0
2681,11.5,0.2,100,4,10,10,0.129840135648802,0.027099851748559042,0.0858440525022003,0.17256840945039667,100.0,0.0,100.0,100.0,30,0,0
2682,11.5,0.2,150,2,10,10,0.31463915814857485,0.07987008879131939,0.12696647956163779,0.40728450831798124,100.0,0.0,100.0,100.0,30,0,0
2683,11.5,0.2,150,4,10,10,0.1664227670315703,0.04109574482418741,0.09782757528620585,0.2217730099051294,100.0,0.0,100.0,100.0,30,0,0
2684,11.5,0.2,200,2,10,10,0.5036486976297602,0.17573075420018125,0.3408410270655078,0.8914587441148485,95.0,11.889408088351496,63.333333333333336,100.0,30,0,0
2685,11.5,0.2,200,4,10,10,0.20656526951870985,0.04649951804988532,0.13276324505122505,0.2712724891486195,100.0,0.0,100.0,100.0,30,0,0
2686,11.5,0.2,250,2,10,10,0.6433251234490767,0.1908640836398416,0.4279600300332959,0.946665868404367,84.22222222222221,21.76568069156299,50.0,100.0,30,0,0
2687,11.5,0.2,250,4,10,10,0.24879817740362925,0.05527032450668404,0.16102395711888462,0.3259549387787644,100.0,0.0,100.0,100.0,30,0,0
2688,12.0,0.05,0,2,10,10,0.03501433009419038,0.005634827428711067,0.028846163937969894,0.04519272811685196,100.0,0.0,100.0,100.0,30,0,0
2689,12.0,0.05,0,4,10,10,0.03600714396741641,0.005748228704763404,0.026800353269364228,0.04582230733693823,100.0,0.0,100.0,100.0,30,0,0
2690,12.0,0.05,50,2,10,10,0.044025063677536634,0.004640242629275998,0.038268231382189336,0.052490470411346975,100.0,0.0,100.0,100.0,30,0,0
2691,12.0,0.05,50,4,10,10,0.04522468976229901,0.004665609482396021,0.03637588076564285,0.05217792053109799,100.0,0.0,100.0,100.0,30,0,0
2692,12.0,0.05,100,2,10,10,0.059356831126199286,0.004530584553298296,0.052094018969269955,0.06603527926617443,100.0,0.0,100.0,100.0,30,0,0
2693,12.0,0.05,100,4,10,10,0.06179753582045929,0.006078947271240924,0.05637530487802545,0.07607386165772223,100.0,0.0,100.0,100.0,30,0,0
2694,12.0,0.05,150,2,10,10,0.08027107793549589,0.007303353718674194,0.06916066925686391,0.09262700762202099,100.0,0.0,100.0,100.0,30,0,0
2695,12.0,0.05,150,4,10,10,0.08161555845320703,0.013596407645914322,0.05564670058685944,0.10046981457100007,100.0,0.0,100.0,100.0,30,0,0
2696,12.0,0.05,200,2,10,10,0.1006886390032197,0.010883872147933911,0.07784898007305595,0.11671129857024448,100.0,0.0,100.0,100.0,30,0,0
2697,12.0,0.05,200,4,10,10,0.10723110121998766,0.020423478141479955,0.07094934110656691,0.14199683271254104,100.0,0.0,100.0,100.0,30,0,0
2698,12.0,0.05,250,2,10,10,0.11870110198758768,0.013894001168538684,0.09176676007529959,0.139071111843,100.0,0.0,100.0,100.0,30,0,0
2699,12.0,0.05,250,4,10,10,0.13124516852136547,0.022815842794594195,0.0955823250896326,0.16950248786354946,100.0,0.0,100.0,100.0,30,0,0
2700,12.0,0.06,0,2,10,10,0.036493032039975046,0.005512522286585634,0.02750068460612611,0.044412946006092975,100.0,0.0,100.0,100.0,30,0,0
2701,12.0,0.06,0,4,10,10,0.0371317448872019,0.005633720707526872,0.029603077894730143,0.04508338611179835,100.0,0.0,100.0,100.0,30,0,0
2702,12.0,0.06,50,2,10,10,0.04347861293219068,0.0049388096887044396,0.03834588660005561,0.053568161351997136,100.0,0.0,100.0,100.0,30,0,0
2703,12.0,0.06,50,4,10,10,0.046684711374120155,0.004104701299032525,0.04197175615928641,0.05223313804982308,100.0,0.0,100.0,100.0,30,0,0
2704,12.0,0.06,100,2,10,10,0.06401369742666943,0.007447334570397938,0.05431266238014065,0.0810647043711107,100.0,0.0,100.0,100.0,30,0,0
2705,12.0,0.06,100,4,10,10,0.06410194695083712,0.009757256577508791,0.052149309509415216,0.08480028685462847,100.0,0.0,100.0,100.0,30,0,0
2706,12.0,0.06,150,2,10,10,0.08553315944759403,0.010468412400070633,0.06770960049885573,0.1024323355223566,100.0,0.0,100.0,100.0,30,0,0
2707,12.0,0.06,150,4,10,10,0.08881006554671719,0.015796067550027083,0.06403735101666737,0.1190469159446597,100.0,0.0,100.0,100.0,30,0,0
2708,12.0,0.06,200,2,10,10,0.1093406579455382,0.011201048090495035,0.08701934367727042,0.12807077104821932,100.0,0.0,100.0,100.0,30,0,0
2709,12.0,0.06,200,4,10,10,0.11332362957713701,0.018311849681121598,0.08961283562767387,0.13974924795219398,100.0,0.0,100.0,100.0,30,0,0
2710,12.0,0.06,250,2,10,10,0.12969554207140105,0.01710241068511177,0.09744419799299125,0.15287922847827282,100.0,0.0,100.0,100.0,30,0,0
2711,12.0,0.06,250,4,10,10,0.13508113306098354,0.027338854789928955,0.09041141068407765,0.18348746640976732,100.0,0.0,100.0,100.0,30,0,0
2712,12.0,0.07,0,2,10,10,0.03681435973149092,0.005366910275804004,0.027763472587294252,0.04465805748249557,100.0,0.0,100.0,100.0,30,0,0
2713,12.0,0.07,0,4,10,10,0.03683175717489858,0.005208847174048583,0.028077668321435278,0.045106284757138314,100.0,0.0,100.0,100.0,30,0,0
2714,12.0,0.07,50,2,10,10,0.047229051852348894,0.0031259153385675346,0.04267625475508757,0.05108582483438534,100.0,0.0,100.0,100.0,30,0,0
2715,12.0,0.07,50,4,10,10,0.04328559420189361,0.006381394043548786,0.02806767849249671,0.05241852371817732,100.0,0.0,100.0,100.0,30,0,0
2716,12.0,0.07,100,2,10,10,0.06403128476316192,0.007983508508410314,0.04933637565637425,0.0802207259978804,100.0,0.0,100.0,100.0,30,0,0
2717,12.0,0.07,100,4,10,10,0.06632288728431743,0.011025040896255707,0.05230336097265886,0.08586215782211361,100.0,0.0,100.0,100.0,30,0,0
2718,12.0,0.07,150,2,10,10,0.08768598278822805,0.011978897250269745,0.06502243406622715,0.10517370845740465,100.0,0.0,100.0,100.0,30,0,0
2719,12.0,0.07,150,4,10,10,0.09024937931846137,0.014359578876577088,0.06884323414264494,0.11157448429826616,100.0,0.0,100.0,100.0,30,0,0
2720,12.0,0.07,200,2,10,10,0.11536089654092674,0.012885417855741325,0.09891339195294034,0.1365747505639574,100.0,0.0,100.0,100.0,30,0,0
2721,12.0,0.07,200,4,10,10,0.11748697487939304,0.020863505993741212,0.08425718912408048,0.1487168450937316,100.0,0.0,100.0,100.0,30,0,0
2722,12.0,0.07,250,2,10,10,0.13926877374763777,0.01931881884764936,0.09575573244749036,0.16987818091264495,100.0,0.0,100.0,100.0,30,0,0
2723,12.0,0.07,250,4,10,10,0.14146369351098803,0.028768390884784,0.09588219625473189,0.18372488885882077,100.0,0.0,100.0,100.0,30,0,0
2724,12.0,0.08,0,2,10,10,0.03723065757748643,0.006252979266859825,0.026112797798816288,0.046764837526850456,100.0,0.0,100.0,100.0,30,0,0
2725,12.0,0.08,0,4,10,10,0.036978885424527604,0.00534283509536426,0.026965459392240803,0.0475050710458838,100.0,0.0,100.0,100.0,30,0,0
2726,12.0,0.08,50,2,10,10,0.04693861630538166,0.0036832378097985527,0.04185975264962465,0.05163512767318843,100.0,0.0,100.0,100.0,30,0,0
2727,12.0,0.08,50,4,10,10,0.04387280639386814,0.006296874933888816,0.03463273558218294,0.054863211109536424,100.0,0.0,100.0,100.0,30,0,0
2728,12.0,0.08,100,2,10,10,0.06473929018173444,0.00762390347126374,0.05454358913576149,0.0778937277913832,100.0,0.0,100.0,100.0,30,0,0
2729,12.0,0.08,100,4,10,10,0.06953846945492868,0.011749329741876018,0.05719126501354135,0.09398842301340214,100.0,0.0,100.0,100.0,30,0,0
2730,12.0,0.08,150,2,10,10,0.0965178400278747,0.010851948922868147,0.07942990874757862,0.11736204197253813,100.0,0.0,100.0,100.0,30,0,0
2731,12.0,0.08,150,4,10,10,0.09605519052192722,0.015382950879190166,0.07758622191001496,0.12053501629225995,100.0,0.0,100.0,100.0,30,0,0
2732,12.0,0.08,200,2,10,10,0.12174098751675685,0.01591933927297695,0.09668233759423399,0.1550827141605081,100.0,0.0,100.0,100.0,30,0,0
2733,12.0,0.08,200,4,10,10,0.12420907055085104,0.01973408517549284,0.10131460331878674,0.15447796766139835,100.0,0.0,100.0,100.0,30,0,0
2734,12.0,0.08,250,2,10,10,0.14884174641419978,0.02238744047924895,0.10906865180647023,0.18556004386045777,100.0,0.0,100.0,100.0,30,0,0
2735,12.0,0.08,250,4,10,10,0.14962342835806014,0.026697170120867364,0.11400168790565118,0.19565842791511703,100.0,0.0,100.0,100.0,30,0,0
2736,12.0,0.09,0,2,10,10,0.03450218362363387,0.00459159843787624,0.02722504393176815,0.04187044802374506,100.0,0.0,100.0,100.0,30,0,0
2737,12.0,0.09,0,4,10,10,0.03535842010183458,0.004902630552483261,0.02535559767819112,0.03991968725542957,100.0,0.0,100.0,100.0,30,0,0
2738,12.0,0.09,50,2,10,10,0.049617832634875195,0.008108731417504051,0.0355997627166986,0.06692154455380035,100.0,0.0,100.0,100.0,30,0,0
2739,12.0,0.09,50,4,10,10,0.04687770428793759,0.008255963965706324,0.02867375854487354,0.05765569706553884,100.0,0.0,100.0,100.0,30,0,0
2740,12.0,0.09,100,2,10,10,0.07444821575336699,0.007050828655642635,0.06746525625926277,0.08679821193812666,100.0,0.0,100.0,100.0,30,0,0
2741,12.0,0.09,100,4,10,10,0.06860805827437301,0.012411612342934586,0.05138309311483122,0.09284497460267205,100.0,0.0,100.0,100.0,30,0,0
2742,12.0,0.09,150,2,10,10,0.1054792874690433,0.012905824549692763,0.088242943345519,0.12946933570266558,100.0,0.0,100.0,100.0,30,0,0
2743,12.0,0.09,150,4,10,10,0.09591852523040045,0.017319371922781702,0.06943461340198094,0.1251954602075954,100.0,0.0,100.0,100.0,30,0,0
2744,12.0,0.09,200,2,10,10,0.1349069070465764,0.016404436486288494,0.10585886184861108,0.16472402097749214,100.0,0.0,100.0,100.0,30,0,0
2745,12.0,0.09,200,4,10,10,0.12718730916767895,0.02529099911712116,0.07842473243910768,0.16343451234169223,100.0,0.0,100.0,100.0,30,0,0
2746,12.0,0.09,250,2,10,10,0.1649403274342143,0.02131724261451334,0.1338645146814174,0.20744533344847516,100.0,0.0,100.0,100.0,30,0,0
2747,12.0,0.09,250,4,10,10,0.1558497955494028,0.030854668699209845,0.11080178061944591,0.19602729327110777,100.0,0.0,100.0,100.0,30,0,0
2748,12.0,0.1,0,2,10,10,0.038394517952081354,0.00566361345331221,0.02997112524791802,0.04557072223273987,100.0,0.0,100.0,100.0,30,0,0
2749,12.0,0.1,0,4,10,10,0.034997325447199336,0.004568174417279282,0.027857126713336577,0.0433347168666714,100.0,0.0,100.0,100.0,30,0,0
2750,12.0,0.1,50,2,10,10,0.05116584709252421,0.007775559983757189,0.041572928197341756,0.06474957768057295,100.0,0.0,100.0,100.0,30,0,0
2751,12.0,0.1,50,4,10,10,0.04630308995825129,0.006366334319956616,0.03967888058625867,0.05603602242251931,100.0,0.0,100.0,100.0,30,0,0
2752,12.0,0.1,100,2,10,10,0.08021566913033176,0.0096641782189402,0.06591575790888617,0.09307056592506914,100.0,0.0,100.0,100.0,30,0,0
2753,12.0,0.1,100,4,10,10,0.07654566087564459,0.010632029504594203,0.06790821521138589,0.09903445063976017,100.0,0.0,100.0,100.0,30,0,0
2754,12.0,0.1,150,2,10,10,0.1148179376230177,0.014298823416065252,0.09700920168429039,0.1383938896293345,100.0,0.0,100.0,100.0,30,0,0
2755,12.0,0.1,150,4,10,10,0.1000036060154941,0.01717986245048935,0.07156896997855278,0.1292085218787167,100.0,0.0,100.0,100.0,30,0,0
2756,12.0,0.1,200,2,10,10,0.14799003496110608,0.01913512438320957,0.11859388445071666,0.18264855816679845,100.0,0.0,100.0,100.0,30,0,0
2757,12.0,0.1,200,4,10,10,0.1307953886778937,0.024907204593708123,0.09115525121234345,0.17237442775920905,100.0,0.0,100.0,100.0,30,0,0
2758,12.0,0.1,250,2,10,10,0.18091355106638468,0.02493289661255749,0.14760685148951944,0.23053040292596708,100.0,0.0,100.0,100.0,30,0,0
2759,12.0,0.1,250,4,10,10,0.1601313991108188,0.02871296508070515,0.10612667585478668,0.2059438975324578,100.0,0.0,100.0,100.0,30,0,0
2760,12.0,0.11,0,2,10,10,0.03743091654845945,0.006299398578338243,0.03081210840520295,0.047910346015143344,100.0,0.0,100.0,100.0,30,0,0
2761,12.0,0.11,0,4,10,10,0.03284356273931137,0.005419939515341718,0.023972470027513692,0.04220439693571557,100.0,0.0,100.0,100.0,30,0,0
2762,12.0,0.11,50,2,10,10,0.05757239263940091,0.006561391984934895,0.049135002877951334,0.06920453311517023,100.0,0.0,100.0,100.0,30,0,0
2763,12.0,0.11,50,4,10,10,0.04847243578147789,0.006369952268454305,0.03996889015213013,0.05875871342591913,100.0,0.0,100.0,100.0,30,0,0
2764,12.0,0.11,100,2,10,10,0.09028913536081411,0.01043925678594899,0.08008979454650195,0.10775534333042287,100.0,0.0,100.0,100.0,30,0,0
2765,12.0,0.11,100,4,10,10,0.07563279139263061,0.009765578182548617,0.06304523184498732,0.09267916458390275,100.0,0.0,100.0,100.0,30,0,0
2766,12.0,0.11,150,2,10,10,0.12403461624490944,0.015366185843986845,0.10201581070731176,0.1491478647843715,100.0,0.0,100.0,100.0,30,0,0
2767,12.0,0.11,150,4,10,10,0.1064592290538616,0.018608954188102312,0.07669351462883844,0.13932370062555335,100.0,0.0,100.0,100.0,30,0,0
2768,12.0,0.11,200,2,10,10,0.1613690820654681,0.022025253192002853,0.1279902923217719,0.20006837797132226,100.0,0.0,100.0,100.0,30,0,0
2769,12.0,0.11,200,4,10,10,0.13774372862855347,0.02428306501091279,0.11085446888862,0.18255231859537438,100.0,0.0,100.0,100.0,30,0,0
2770,12.0,0.11,250,2,10,10,0.20047830450156262,0.026929981232455148,0.16258782220422074,0.25621839140585717,100.0,0.0,100.0,100.0,30,0,0
2771,12.0,0.11,250,4,10,10,0.16746103515896402,0.030589847500631512,0.1263174042147638,0.22174836536848605,100.0,0.0,100.0,100.0,30,0,0
2772,12.0,0.12,0,2,10,10,0.03509688037805443,0.007326277731559924,0.024100232924774808,0.049867735927567824,100.0,0.0,100.0,100.0,30,0,0
2773,12.0,0.12,0,4,10,10,0.034254040470983425,0.007438906525962651,0.02519441026768594,0.04944470789278297,100.0,0.0,100.0,100.0,30,0,0
2774,12.0,0.12,50,2,10,10,0.060952552926390804,0.0109512696168601,0.04758438785408788,0.08131656052570964,100.0,0.0,100.0,100.0,30,0,0
2775,12.0,0.12,50,4,10,10,0.04934019839885494,0.006651532561674291,0.039632697609720276,0.05911638235095196,100.0,0.0,100.0,100.0,30,0,0
2776,12.0,0.12,100,2,10,10,0.09589387488730257,0.011029980750351654,0.07424387053085757,0.11417148993833337,100.0,0.0,100.0,100.0,30,0,0
2777,12.0,0.12,100,4,10,10,0.07606957605711072,0.012973543419133496,0.059487343437490535,0.10163891897831855,100.0,0.0,100.0,100.0,30,0,0
2778,12.0,0.12,150,2,10,10,0.13913531656730532,0.016200305710847962,0.11279480508552027,0.15991248177329648,100.0,0.0,100.0,100.0,30,0,0
2779,12.0,0.12,150,4,10,10,0.11033602168351193,0.01585264741471784,0.0935984585727307,0.14214857792271576,100.0,0.0,100.0,100.0,30,0,0
2780,12.0,0.12,200,2,10,10,0.17946267847294398,0.024445008881495933,0.1487200018433003,0.22088815407480586,100.0,0.0,100.0,100.0,30,0,0
2781,12.0,0.12,200,4,10,10,0.1416137029629212,0.023637686333491757,0.10531902871435499,0.18074067259641377,100.0,0.0,100.0,100.0,30,0,0
2782,12.0,0.12,250,2,10,10,0.22055341410033455,0.034053718101854195,0.16269466509374222,0.2846973471651101,100.0,0.0,100.0,100.0,30,0,0
2783,12.0,0.12,250,4,10,10,0.1750681932949333,0.029107033342967742,0.13641521582311308,0.2290946598286883,100.0,0.0,100.0,100.0,30,0,0
2784,12.0,0.13,0,2,10,10,0.034581844225566094,0.004012449061431454,0.030631901622048225,0.04328501463432377,100.0,0.0,100.0,100.0,30,0,0
2785,12.0,0.13,0,4,10,10,0.03526902226860878,0.0021799707325216625,0.03314135202769863,0.03877773979405446,100.0,0.0,100.0,100.0,30,0,0
2786,12.0,0.13,50,2,10,10,0.06265120522490857,0.012319722223801222,0.04885265831124334,0.08286654490300627,100.0,0.0,100.0,100.0,30,0,0
2787,12.0,0.13,50,4,10,10,0.0540794383488564,0.005540502971160137,0.044177771787419856,0.06395575815939232,100.0,0.0,100.0,100.0,30,0,0
2788,12.0,0.13,100,2,10,10,0.11053824863818326,0.015506642387350993,0.08414871409094017,0.1326887887771936,100.0,0.0,100.0,100.0,30,0,0
2789,12.0,0.13,100,4,10,10,0.08200182395410292,0.014339947392391939,0.05633852148140834,0.10616798857567711,100.0,0.0,100.0,100.0,30,0,0
2790,12.0,0.13,150,2,10,10,0.1533799767569925,0.019457312700435513,0.12441656959571151,0.18307407762798977,100.0,0.0,100.0,100.0,30,0,0
2791,12.0,0.13,150,4,10,10,0.11521839867289403,0.017344792192950716,0.09393087031441207,0.14765801148450194,100.0,0.0,100.0,100.0,30,0,0
2792,12.0,0.13,200,2,10,10,0.2010765763727477,0.031070062932649144,0.15298644800992128,0.2520612331297152,100.0,0.0,100.0,100.0,30,0,0
2793,12.0,0.13,200,4,10,10,0.1468297275181384,0.024770006097272007,0.11280777132509583,0.19517657446650982,100.0,0.0,100.0,100.0,30,0,0
2794,12.0,0.13,250,2,10,10,0.24658011750749362,0.03817511055218789,0.19372324717477832,0.3160382197560209,100.0,0.0,100.0,100.0,30,0,0
2795,12.0,0.13,250,4,10,10,0.18496384339992253,0.034790746687269045,0.1313036725321067,0.242773386201126,100.0,0.0,100.0,100.0,30,0,0
2796,12.0,0.14,0,2,10,10,0.035336914604407674,0.006883914694530344,0.022328700084927017,0.04580935854779116,100.0,0.0,100.0,100.0,30,0,0
2797,12.0,0.14,0,4,10,10,0.03613341669482374,0.007359234189801118,0.025496323130233232,0.04870535057812881,100.0,0.0,100.0,100.0,30,0,0
2798,12.0,0.14,50,2,10,10,0.06566296664181759,0.011740133118754983,0.048723536981918426,0.09103198493662634,100.0,0.0,100.0,100.0,30,0,0
2799,12.0,0.14,50,4,10,10,0.05431359626762453,0.007393724523433868,0.04399722282172156,0.06515733354538122,100.0,0.0,100.0,100.0,30,0,0
2800,12.0,0.14,100,2,10,10,0.12002994764184557,0.020129116213459506,0.08557915888470095,0.15187837446947838,100.0,0.0,100.0,100.0,30,0,0
2801,12.0,0.14,100,4,10,10,0.08673389221711611,0.013490869080906118,0.06041283608114806,0.10583590449984198,100.0,0.0,100.0,100.0,30,0,0
2802,12.0,0.14,150,2,10,10,0.1732301826667633,0.02838848814428439,0.12624855140440763,0.21515934385055,100.0,0.0,100.0,100.0,30,0,0
2803,12.0,0.14,150,4,10,10,0.11867426519421687,0.019622193803469704,0.093936619691799,0.15572181565297832,100.0,0.0,100.0,100.0,30,0,0
2804,12.0,0.14,200,2,10,10,0.22406092674266173,0.035008038221543636,0.17594784674719155,0.278615556480239,100.0,0.0,100.0,100.0,30,0,0
2805,12.0,0.14,200,4,10,10,0.1547956143398225,0.025601387625655166,0.1212328480896453,0.2049090468051132,100.0,0.0,100.0,100.0,30,0,0
2806,12.0,0.14,250,2,10,10,0.2716853942460443,0.04526557419465571,0.21618781787658756,0.34911934894522684,96.33333333333334,11.595018087284057,63.333333333333336,100.0,30,0,0
2807,12.0,0.14,250,4,10,10,0.1913797054392008,0.035754592005670785,0.13775360662376462,0.2632169124193818,100.0,0.0,100.0,100.0,30,0,0
2808,12.0,0.15,0,2,10,10,0.03747188481299391,0.007382583499987801,0.028100937481162255,0.051080436230995195,100.0,0.0,100.0,100.0,30,0,0
2809,12.0,0.15,0,4,10,10,0.042092085563181426,0.01028324197953987,0.029429959186539373,0.06280332238114102,100.0,0.0,100.0,100.0,30,0,0
2810,12.0,0.15,50,2,10,10,0.07595066510651573,0.01568530349513084,0.052535014059011814,0.10948346077730912,100.0,0.0,100.0,100.0,30,0,0
2811,12.0,0.15,50,4,10,10,0.057383322287590535,0.006976513456757822,0.046429603775913535,0.06652968389240944,100.0,0.0,100.0,100.0,30,0,0
2812,12.0,0.15,100,2,10,10,0.13371366969617943,0.025316569978568026,0.09220310975066899,0.17319388925666704,100.0,0.0,100.0,100.0,30,0,0
2813,12.0,0.15,100,4,10,10,0.0906046691524737,0.010259777915932758,0.07446947706773295,0.10337613043525423,100.0,0.0,100.0,100.0,30,0,0
2814,12.0,0.15,150,2,10,10,0.19503996013370117,0.03539805561318302,0.13400704569288766,0.25409121462788886,100.0,0.0,100.0,100.0,30,0,0
2815,12.0,0.15,150,4,10,10,0.12326797241931482,0.023274184236836075,0.091180516011052,0.16783592298645433,100.0,0.0,100.0,100.0,30,0,0
2816,12.0,0.15,200,2,10,10,0.24942864827941383,0.04481786032691247,0.18423772176500017,0.31676331316509493,100.0,0.0,100.0,100.0,30,0,0
2817,12.0,0.15,200,4,10,10,0.16508616926770006,0.02996503981235886,0.1197552203641394,0.2175072529911113,100.0,0.0,100.0,100.0,30,0,0
2818,12.0,0.15,250,2,10,10,0.4028349799347624,0.1959389744115309,0.23649389386506217,0.8472782229425085,96.33333333333334,11.595018087284057,63.333333333333336,100.0,30,0,0
2819,12.0,0.15,250,4,10,10,0.20088576511052697,0.03511909470854495,0.15396881891974054,0.26510568470269985,100.0,0.0,100.0,100.0,30,0,0
2820,12.0,0.16,0,2,10,10,0.03814785704635,0.006648737550496141,0.031546725013248365,0.05228376211577133,100.0,0.0,100.0,100.0,30,0,0
2821,12.0,0.16,0,4,10,10,0.04493942894346227,0.007182847603858847,0.030700997550131903,0.05707897029198863,100.0,0.0,100.0,100.0,30,0,0
2822,12.0,0.16,50,2,10,10,0.0821013567386442,0.014087632214889172,0.06450706522074356,0.10938839746349238,100.0,0.0,100.0,100.0,30,0,0
2823,12.0,0.16,50,4,10,10,0.06348739715289853,0.00986641155263246,0.04075763154874273,0.0730151316496054,100.0,0.0,100.0,100.0,30,0,0
2824,12.0,0.16,100,2,10,10,0.14662464355251176,0.030271607033396594,0.1033797866089089,0.19506088951259307,100.0,0.0,100.0,100.0,30,0,0
2825,12.0,0.16,100,4,10,10,0.09680936746817989,0.01427972412398615,0.07028296251886718,0.11373560083668038,100.0,0.0,100.0,100.0,30,0,0
2826,12.0,0.16,150,2,10,10,0.2148035608190749,0.0409525490514104,0.1524019143001449,0.2821307338961447,100.0,0.0,100.0,100.0,30,0,0
2827,12.0,0.16,150,4,10,10,0.132539515182119,0.02450050921370792,0.09440753276162066,0.17687985932820352,100.0,0.0,100.0,100.0,30,0,0
2828,12.0,0.16,200,2,10,10,0.27922273146924076,0.052993624325874095,0.20395152618147938,0.36548890551297336,100.0,0.0,100.0,100.0,30,0,0
2829,12.0,0.16,200,4,10,10,0.17009668565079292,0.02951840740193144,0.12480442063938768,0.22519592484250237,100.0,0.0,100.0,100.0,30,0,0
2830,12.0,0.16,250,2,10,10,0.4391269803326782,0.13659165602340648,0.30514181582709177,0.6692141472753388,96.33333333333334,11.595018087284057,63.333333333333336,100.0,30,0,0
2831,12.0,0.16,250,4,10,10,0.2117292053812682,0.03655614870625705,0.1597004365922374,0.278436604001114,100.0,0.0,100.0,100.0,30,0,0
2832,12.0,0.17,0,2,10,10,0.037330259907007515,0.006751609251823217,0.02801895454988526,0.05228965056520519,100.0,0.0,100.0,100.0,30,0,0
2833,12.0,0.17,0,4,10,10,0.04934911109287097,0.00900190232493828,0.03768856731370009,0.07012382982580741,100.0,0.0,100.0,100.0,30,0,0
2834,12.0,0.17,50,2,10,10,0.08960491568801902,0.019766187118775227,0.06049940800208726,0.1248304335930106,100.0,0.0,100.0,100.0,30,0,0
2835,12.0,0.17,50,4,10,10,0.06977836817273367,0.012522102637511325,0.04507174423347244,0.08612088700474925,100.0,0.0,100.0,100.0,30,0,0
2836,12.0,0.17,100,2,10,10,0.16381645548995696,0.031471875477076666,0.10955059774176039,0.21559602477656079,100.0,0.0,100.0,100.0,30,0,0
2837,12.0,0.17,100,4,10,10,0.10154181895510335,0.01842795221051965,0.07082319750259884,0.13253779060126505,100.0,0.0,100.0,100.0,30,0,0
2838,12.0,0.17,150,2,10,10,0.24257891952261496,0.04724615004507012,0.1700332657501483,0.32138933220618354,100.0,0.0,100.0,100.0,30,0,0
2839,12.0,0.17,150,4,10,10,0.1404115857441016,0.021962698639982008,0.11448931405870355,0.17928374572329475,100.0,0.0,100.0,100.0,30,0,0
2840,12.0,0.17,200,2,10,10,0.3109675008760659,0.061608064645176035,0.2206578270273044,0.4117803952075057,100.0,0.0,100.0,100.0,30,0,0
2841,12.0,0.17,200,4,10,10,0.17761800520926252,0.033164089723653645,0.1229281067636628,0.23516058794977487,100.0,0.0,100.0,100.0,30,0,0
2842,12.0,0.17,250,2,10,10,0.4825067882270546,0.2224619890015364,0.2848717071937649,1.0184270667186694,96.33333333333334,11.595018087284057,63.333333333333336,100.0,30,0,0
2843,12.0,0.17,250,4,10,10,0.220937198482345,0.039051416084602206,0.16487222189617645,0.29747535010732057,100.0,0.0,100.0,100.0,30,0,0
2844,12.0,0.18,0,2,10,10,0.04072528092942449,0.010451143097030938,0.02885037988359915,0.06431708298992479,100.0,0.0,100.0,100.0,30,0,0
2845,12.0,0.18,0,4,10,10,0.062395591800003466,0.015432669261389264,0.038936780828708224,0.09443959864958908,100.0,0.0,100.0,100.0,30,0,0
2846,12.0,0.18,50,2,10,10,0.09903642694257034,0.022337394556791172,0.07000050167036942,0.1428630521629544,100.0,0.0,100.0,100.0,30,0,0
2847,12.0,0.18,50,4,10,10,0.07995394903804788,0.013888810796672087,0.04908702220656508,0.09857474772610687,100.0,0.0,100.0,100.0,30,0,0
2848,12.0,0.18,100,2,10,10,0.18712273664137957,0.03663452293459822,0.1266972297298313,0.24591757602799977,100.0,0.0,100.0,100.0,30,0,0
2849,12.0,0.18,100,4,10,10,0.11335675142301475,0.015203697611707485,0.08907203531662973,0.13213145939575857,100.0,0.0,100.0,100.0,30,0,0
2850,12.0,0.18,150,2,10,10,0.26582538373078757,0.053501820127097865,0.1845983412352056,0.354199636309815,100.0,0.0,100.0,100.0,30,0,0
2851,12.0,0.18,150,4,10,10,0.14993356986483306,0.029056250212663632,0.096277220678476,0.18994688288727613,100.0,0.0,100.0,100.0,30,0,0
2852,12.0,0.18,200,2,10,10,0.3468825079311471,0.07313471319925921,0.24182699317067846,0.4746968477182942,100.0,0.0,100.0,100.0,30,0,0
2853,12.0,0.18,200,4,10,10,0.18977394632325448,0.03129983808690731,0.1374096319107684,0.2414103703146905,100.0,0.0,100.0,100.0,30,0,0
2854,12.0,0.18,250,2,10,10,0.7004586660994894,0.38603127338915166,0.3617249093774511,1.614993421362099,90.44444444444444,18.468079457478428,53.333333333333336,100.0,30,0,0
2855,12.0,0.18,250,4,10,10,0.23060716389965905,0.0429984860510378,0.16852874367624981,0.30611099666311153,100.0,0.0,100.0,100.0,30,0,0
2856,12.0,0.19,0,2,10,10,0.044330487857706054,0.011399825625719203,0.03436165436493204,0.06855091701824305,100.0,0.0,100.0,100.0,30,0,0
2857,12.0,0.19,0,4,10,10,0.06964485856249081,0.016208355274258988,0.04774799607045347,0.10872829967271265,100.0,0.0,100.0,100.0,30,0,0
2858,12.0,0.19,50,2,10,10,0.1107545985932131,0.022961168870770238,0.07791908090076351,0.1580537737117054,100.0,0.0,100.0,100.0,30,0,0
2859,12.0,0.19,50,4,10,10,0.08894131790160004,0.017621032797210685,0.06121114868331329,0.11666664075823746,100.0,0.0,100.0,100.0,30,0,0
2860,12.0,0.19,100,2,10,10,0.20468575766737032,0.03991408829636963,0.13773062392235802,0.2743547406673667,100.0,0.0,100.0,100.0,30,0,0
2861,12.0,0.19,100,4,10,10,0.12306267868898255,0.022368075451903113,0.07944089076638457,0.15049760000534607,100.0,0.0,100.0,100.0,30,0,0
2862,12.0,0.19,150,2,10,10,0.29725305066384017,0.058734371870408614,0.2087987115641967,0.3902793437567988,100.0,0.0,100.0,100.0,30,0,0
2863,12.0,0.19,150,4,10,10,0.16420083690474954,0.031191813780274108,0.1068782175040071,0.20268639824331572,100.0,0.0,100.0,100.0,30,0,0
2864,12.0,0.19,200,2,10,10,0.38784134615043436,0.08224947049548753,0.27192141433808403,0.5474746521238533,96.33333333333334,11.595018087284057,63.333333333333336,100.0,30,0,0
2865,12.0,0.19,200,4,10,10,0.20452861194120095,0.035051338077580735,0.1451874850449385,0.2638555181819184,100.0,0.0,100.0,100.0,30,0,0
2866,12.0,0.19,250,2,10,10,0.7179512161263581,0.35980907224041,0.3983998607470782,1.6001912076723592,88.22222222222223,19.67639432993658,52.22222222222222,100.0,30,0,0
2867,12.0,0.19,250,4,10,10,0.24350838500040944,0.04662408437368074,0.1812795861672626,0.3308083535919484,100.0,0.0,100.0,100.0,30,0,0
2868,12.0,0.2,0,2,10,10,0.04302859034122128,0.011284750970362334,0.03497356887432169,0.06687106098389232,100.0,0.0,100.0,100.0,30,0,0
2869,12.0,0.2,0,4,10,10,0.08647946818500943,0.021625521317828238,0.053625530302250916,0.1266122786424327,100.0,0.0,100.0,100.0,30,0,0
2870,12.0,0.2,50,2,10,10,0.12123931967446902,0.026133637288211192,0.0877689624106691,0.16744200308207405,100.0,0.0,100.0,100.0,30,0,0
2871,12.0,0.2,50,4,10,10,0.10326333215944943,0.021646655514184605,0.060734746934657365,0.14248992253301343,100.0,0.0,100.0,100.0,30,0,0
2872,12.0,0.2,100,2,10,10,0.22739582198319677,0.045820032128832976,0.1517542947824699,0.3064750260566745,100.0,0.0,100.0,100.0,30,0,0
2873,12.0,0.2,100,4,10,10,0.13650876445236776,0.026697145579682325,0.08195392116730814,0.17542003478563797,100.0,0.0,100.0,100.0,30,0,0
2874,12.0,0.2,150,2,10,10,0.3297247266833292,0.0671669147229725,0.23148706996662416,0.4362383372395236,100.0,0.0,100.0,100.0,30,0,0
2875,12.0,0.2,150,4,10,10,0.17762170868424643,0.030887158374884146,0.13006524608549638,0.2262056171675372,100.0,0.0,100.0,100.0,30,0,0
2876,12.0,0.2,200,2,10,10,0.42233416313127703,0.08919345182158403,0.3107606822703417,0.5947758449686865,96.33333333333334,11.595018087284057,63.333333333333336,100.0,30,0,0
2877,12.0,0.2,200,4,10,10,0.21622361296248505,0.04283857619502024,0.14687485272965417,0.27936263790319543,100.0,0.0,100.0,100.0,30,0,0
2878,12.0,0.2,250,2,10,10,0.7923466749093182,0.3705455840478242,0.42848607843451875,1.6345202411046496,87.88888888888889,19.4819743635721,52.22222222222222,100.0,30,0,0
2879,12.0,0.2,250,4,10,10,0.2627092560071589,0.047357009938088904,0.186057668722329,0.34618584794472135,100.0,0.0,100.0,100.0,30,0,0
2880,12.5,0.05,0,2,10,10,0.03357890353332929,0.0038107542429603883,0.026061081942445958,0.038792479401140625,100.0,0.0,100.0,100.0,30,0,0
2881,12.5,0.05,0,4,10,10,0.03864818823894294,0.007884818631992231,0.025191799630193912,0.052966196939774786,100.0,0.0,100.0,100.0,30,0,0
2882,12.5,0.05,50,2,10,10,0.04005071832692937,0.005940050623464108,0.028545079264410706,0.046502207364228276,100.0,0.0,100.0,100.0,30,0,0
2883,12.5,0.05,50,4,10,10,0.04054645831646207,0.007863233249654088,0.030832318474437636,0.052835564068838076,100.0,0.0,100.0,100.0,30,0,0
2884,12.5,0.05,100,2,10,10,0.057795867597399575,0.00981739658682999,0.045380307629278964,0.07522036493321616,100.0,0.0,100.0,100.0,30,0,0
2885,12.5,0.05,100,4,10,10,0.060835795396460876,0.011691151080733911,0.038869228944862194,0.0751697059288642,100.0,0.0,100.0,100.0,30,0,0
2886,12.5,0.05,150,2,10,10,0.07561297117156152,0.01662462379806759,0.05657990581878994,0.10369697816193053,100.0,0.0,100.0,100.0,30,0,0
2887,12.5,0.05,150,4,10,10,0.0795222198146797,0.0190179962556388,0.045529819013243544,0.09619969726604867,100.0,0.0,100.0,100.0,30,0,0
2888,12.5,0.05,200,2,10,10,0.09894195960025501,0.0195588414274654,0.07787098435322935,0.13064672295239088,100.0,0.0,100.0,100.0,30,0,0
2889,12.5,0.05,200,4,10,10,0.10033294208964154,0.020354679769694333,0.055254535319578524,0.12334076632665399,100.0,0.0,100.0,100.0,30,0,0
2890,12.5,0.05,250,2,10,10,0.12012238976600179,0.02331546884416454,0.09013632594958305,0.15942972671520553,100.0,0.0,100.0,100.0,30,0,0
2891,12.5,0.05,250,4,10,10,0.11948856941541312,0.023408985904786978,0.06782178877066238,0.14092924656634753,100.0,0.0,100.0,100.0,30,0,0
2892,12.5,0.06,0,2,10,10,0.034162849006964285,0.004589214094171012,0.02674503572881325,0.04356148063133005,100.0,0.0,100.0,100.0,30,0,0
2893,12.5,0.06,0,4,10,10,0.0344164671035909,0.004353539039427623,0.0290308796037272,0.0402274837725607,100.0,0.0,100.0,100.0,30,0,0
2894,12.5,0.06,50,2,10,10,0.04517385632015298,0.007035512978065469,0.03442993570962622,0.053105556175773054,100.0,0.0,100.0,100.0,30,0,0
2895,12.5,0.06,50,4,10,10,0.04587179823445765,0.004923974507512956,0.03911621126398814,0.052708836129533115,100.0,0.0,100.0,100.0,30,0,0
2896,12.5,0.06,100,2,10,10,0.06339688711667656,0.01260171134342319,0.046880302041484335,0.08143113133182861,100.0,0.0,100.0,100.0,30,0,0
2897,12.5,0.06,100,4,10,10,0.06072650949759968,0.011626534183314201,0.03823880229656462,0.07320855018939648,100.0,0.0,100.0,100.0,30,0,0
2898,12.5,0.06,150,2,10,10,0.08407759592433292,0.014973767307466484,0.0683997695074562,0.1075187510598058,100.0,0.0,100.0,100.0,30,0,0
2899,12.5,0.06,150,4,10,10,0.08258673331664142,0.0162455984610687,0.045036500351169594,0.09755082626140381,100.0,0.0,100.0,100.0,30,0,0
2900,12.5,0.06,200,2,10,10,0.10756829004592813,0.020320441266354638,0.08487520583705209,0.14390562088222858,100.0,0.0,100.0,100.0,30,0,0
2901,12.5,0.06,200,4,10,10,0.10347021238665796,0.021695081795854422,0.05751027633795227,0.12886784009481247,100.0,0.0,100.0,100.0,30,0,0
2902,12.5,0.06,250,2,10,10,0.1303954249299379,0.02583195695533587,0.09703992982409183,0.16893962601842372,100.0,0.0,100.0,100.0,30,0,0
2903,12.5,0.06,250,4,10,10,0.12353049864955316,0.027091470705093604,0.06438742379615968,0.15409367655717396,100.0,0.0,100.0,100.0,30,0,0
2904,12.5,0.07,0,2,10,10,0.032910838702697634,0.005542480304384963,0.026694203422097464,0.04219018184788901,100.0,0.0,100.0,100.0,30,0,0
2905,12.5,0.07,0,4,10,10,0.03428488652371277,0.00533918128431187,0.026806035697204442,0.04432659730827424,100.0,0.0,100.0,100.0,30,0,0
2906,12.5,0.07,50,2,10,10,0.04240949372651206,0.00622017139953201,0.03517449388853589,0.05440871945181325,100.0,0.0,100.0,100.0,30,0,0
2907,12.5,0.07,50,4,10,10,0.044193471189723645,0.007195952214678483,0.030805955840245026,0.0531669733268068,100.0,0.0,100.0,100.0,30,0,0
2908,12.5,0.07,100,2,10,10,0.06623857171084205,0.010725741621521064,0.04725912729914983,0.08265662750644391,100.0,0.0,100.0,100.0,30,0,0
2909,12.5,0.07,100,4,10,10,0.06437606371794553,0.010547148600838302,0.04343918947978035,0.07691634234584893,100.0,0.0,100.0,100.0,30,0,0
2910,12.5,0.07,150,2,10,10,0.09149397115445874,0.015553470933581176,0.07178834897961846,0.11267715343909428,100.0,0.0,100.0,100.0,30,0,0
2911,12.5,0.07,150,4,10,10,0.08523619687940791,0.01574816972971402,0.05103428531422116,0.1044798644345686,100.0,0.0,100.0,100.0,30,0,0
2912,12.5,0.07,200,2,10,10,0.11683084647279751,0.024042696158469382,0.0906628715970748,0.15718728146724842,100.0,0.0,100.0,100.0,30,0,0
2913,12.5,0.07,200,4,10,10,0.1075959429524401,0.022110760783252803,0.06194641165955789,0.13607583209384147,100.0,0.0,100.0,100.0,30,0,0
2914,12.5,0.07,250,2,10,10,0.13986805146030437,0.028015057588646124,0.10960384007472275,0.1853672947435432,100.0,0.0,100.0,100.0,30,0,0
2915,12.5,0.07,250,4,10,10,0.12924209896396444,0.028164816374693126,0.0696072467718581,0.16406455939131026,100.0,0.0,100.0,100.0,30,0,0
2916,12.5,0.08,0,2,10,10,0.03313197394459565,0.00536118257585151,0.027067738389501033,0.04409030647310428,100.0,0.0,100.0,100.0,30,0,0
2917,12.5,0.08,0,4,10,10,0.03282482708586375,0.004218938876067666,0.026394610658214575,0.03844031633217837,100.0,0.0,100.0,100.0,30,0,0
2918,12.5,0.08,50,2,10,10,0.04589512071631739,0.006861356043468154,0.03684245615506939,0.05508781399048767,100.0,0.0,100.0,100.0,30,0,0
2919,12.5,0.08,50,4,10,10,0.04391002330041531,0.004285280063010873,0.03869850042646502,0.05249529623623664,100.0,0.0,100.0,100.0,30,0,0
2920,12.5,0.08,100,2,10,10,0.0705441389245808,0.012052669287273084,0.05428433722406641,0.08967996419368075,100.0,0.0,100.0,100.0,30,0,0
2921,12.5,0.08,100,4,10,10,0.06298801667519939,0.012524130020459124,0.037084071882221264,0.08154237584705577,100.0,0.0,100.0,100.0,30,0,0
2922,12.5,0.08,150,2,10,10,0.09511161354245401,0.01839358699037736,0.07666170044155625,0.13119815381325195,100.0,0.0,100.0,100.0,30,0,0
2923,12.5,0.08,150,4,10,10,0.08785019094847935,0.017841282529220064,0.04883698102503977,0.11039116793299823,100.0,0.0,100.0,100.0,30,0,0
2924,12.5,0.08,200,2,10,10,0.12706381540220407,0.022605561656012498,0.10556361782674173,0.17143236937997033,100.0,0.0,100.0,100.0,30,0,0
2925,12.5,0.08,200,4,10,10,0.11563867402183367,0.022862340374773645,0.06706534975546524,0.14501264765827507,100.0,0.0,100.0,100.0,30,0,0
2926,12.5,0.08,250,2,10,10,0.1529577816232121,0.02796581620243738,0.12047365543996778,0.2021462084327826,100.0,0.0,100.0,100.0,30,0,0
2927,12.5,0.08,250,4,10,10,0.1366191544449365,0.02884657969293301,0.07671199926111437,0.17338227341949597,100.0,0.0,100.0,100.0,30,0,0
2928,12.5,0.09,0,2,10,10,0.03158908251623123,0.005103610142253849,0.02253939977716138,0.04030778930170262,100.0,0.0,100.0,100.0,30,0,0
2929,12.5,0.09,0,4,10,10,0.030895132796423974,0.0042442954381816346,0.025805070795576732,0.03866571149569842,100.0,0.0,100.0,100.0,30,0,0
2930,12.5,0.09,50,2,10,10,0.0492313698854769,0.007969765945331473,0.03718009141761349,0.060830932056473885,100.0,0.0,100.0,100.0,30,0,0
2931,12.5,0.09,50,4,10,10,0.04403594313215574,0.007159300725124188,0.03203668574768871,0.05811977925295731,100.0,0.0,100.0,100.0,30,0,0
2932,12.5,0.09,100,2,10,10,0.07691315276823765,0.012386043114236467,0.06170611803990848,0.1052490627482466,100.0,0.0,100.0,100.0,30,0,0
2933,12.5,0.09,100,4,10,10,0.06768588543691119,0.012801183500031345,0.04179705681988207,0.08539685655656969,100.0,0.0,100.0,100.0,30,0,0
2934,12.5,0.09,150,2,10,10,0.10721419005627122,0.021413839673641553,0.08301701672406932,0.14568214246199027,100.0,0.0,100.0,100.0,30,0,0
2935,12.5,0.09,150,4,10,10,0.09312271660836355,0.018961707921252225,0.05413191826636468,0.11594575725807234,100.0,0.0,100.0,100.0,30,0,0
2936,12.5,0.09,200,2,10,10,0.13667272314795068,0.028831419321114278,0.10404996635163387,0.18325468302418269,100.0,0.0,100.0,100.0,30,0,0
2937,12.5,0.09,200,4,10,10,0.11610489860816706,0.022310147994387748,0.07000006527721199,0.14978620064193215,100.0,0.0,100.0,100.0,30,0,0
2938,12.5,0.09,250,2,10,10,0.16931023824799724,0.032964629528362516,0.1338669372448603,0.2276218423746922,100.0,0.0,100.0,100.0,30,0,0
2939,12.5,0.09,250,4,10,10,0.14044715228865007,0.028373393486344812,0.08272117930955732,0.17426297171298613,100.0,0.0,100.0,100.0,30,0,0
2940,12.5,0.1,0,2,10,10,0.0318233543964976,0.005856956567117053,0.023066809438222268,0.0424215536495284,100.0,0.0,100.0,100.0,30,0,0
2941,12.5,0.1,0,4,10,10,0.03116399092294463,0.0038164656532345275,0.024430784611909607,0.03623272551548982,100.0,0.0,100.0,100.0,30,0,0
2942,12.5,0.1,50,2,10,10,0.05171743237015238,0.00837508796593996,0.039657943766383444,0.06324963608820545,100.0,0.0,100.0,100.0,30,0,0
2943,12.5,0.1,50,4,10,10,0.04581978102721903,0.006519710459239594,0.03621744873556676,0.055057598779387214,100.0,0.0,100.0,100.0,30,0,0
2944,12.5,0.1,100,2,10,10,0.08521428718650191,0.014633030420959807,0.06712222049272233,0.11231134945200033,100.0,0.0,100.0,100.0,30,0,0
2945,12.5,0.1,100,4,10,10,0.07083251602191025,0.0121478978072271,0.04860974376200348,0.09012798185092664,100.0,0.0,100.0,100.0,30,0,0
2946,12.5,0.1,150,2,10,10,0.11801921282750238,0.02185031957450673,0.09593370292710303,0.15913227239341285,100.0,0.0,100.0,100.0,30,0,0
2947,12.5,0.1,150,4,10,10,0.09557259560037076,0.020866954359028484,0.05357822072160868,0.1188400830363218,100.0,0.0,100.0,100.0,30,0,0
2948,12.5,0.1,200,2,10,10,0.15131606126940297,0.029268763639133617,0.12127312315804399,0.21015931629446116,100.0,0.0,100.0,100.0,30,0,0
2949,12.5,0.1,200,4,10,10,0.12142780689682287,0.026903419324578477,0.06102096392668698,0.15435015635398888,100.0,0.0,100.0,100.0,30,0,0
2950,12.5,0.1,250,2,10,10,0.18829671008407872,0.03514637143025082,0.15206271720355588,0.2568518903323704,100.0,0.0,100.0,100.0,30,0,0
2951,12.5,0.1,250,4,10,10,0.14555624882971593,0.031225399247498422,0.0761804540430456,0.18418209998918514,100.0,0.0,100.0,100.0,30,0,0
2952,12.5,0.11,0,2,10,10,0.03373498977321086,0.008239026711602338,0.02450002923862839,0.04631527609083654,100.0,0.0,100.0,100.0,30,0,0
2953,12.5,0.11,0,4,10,10,0.036398294628845536,0.004983386560281874,0.02487368899020101,0.042215866576559034,100.0,0.0,100.0,100.0,30,0,0
2954,12.5,0.11,50,2,10,10,0.05664731351301252,0.007108683828738098,0.049179023580339654,0.06930852594292114,100.0,0.0,100.0,100.0,30,0,0
2955,12.5,0.11,50,4,10,10,0.04830935806831742,0.008155903193381116,0.03246620031216404,0.06161710505455761,100.0,0.0,100.0,100.0,30,0,0
2956,12.5,0.11,100,2,10,10,0.09372242303074271,0.01714360478628953,0.07429866996979072,0.12612428784965626,100.0,0.0,100.0,100.0,30,0,0
2957,12.5,0.11,100,4,10,10,0.070751876427031,0.014322561739273534,0.04026796420969997,0.0905599859273098,100.0,0.0,100.0,100.0,30,0,0
2958,12.5,0.11,150,2,10,10,0.13142356675837247,0.023301901449148357,0.10652659809978719,0.1763543156912706,100.0,0.0,100.0,100.0,30,0,0
2959,12.5,0.11,150,4,10,10,0.09784930456686228,0.02102931999410476,0.06094973320182349,0.12581992072573314,100.0,0.0,100.0,100.0,30,0,0
2960,12.5,0.11,200,2,10,10,0.16710123419552408,0.032903638823129855,0.12869379213641263,0.22624262195591363,100.0,0.0,100.0,100.0,30,0,0
2961,12.5,0.11,200,4,10,10,0.12641639813321487,0.02746254577712294,0.06446870581930368,0.1582514996786365,100.0,0.0,100.0,100.0,30,0,0
2962,12.5,0.11,250,2,10,10,0.2069603092253665,0.039038118904050276,0.16556585894337925,0.28150280082333934,100.0,0.0,100.0,100.0,30,0,0
2963,12.5,0.11,250,4,10,10,0.15759441930717005,0.031217687140016312,0.08744096250460043,0.1909978560483536,100.0,0.0,100.0,100.0,30,0,0
2964,12.5,0.12,0,2,10,10,0.0333780193407356,0.0036015783898488583,0.029351190163887094,0.04160855275562476,100.0,0.0,100.0,100.0,30,0,0
2965,12.5,0.12,0,4,10,10,0.03523508036340032,0.005760786102860149,0.02693918802296628,0.04420739818602545,100.0,0.0,100.0,100.0,30,0,0
2966,12.5,0.12,50,2,10,10,0.05908140446152706,0.008617663536650586,0.04898664244661891,0.07433217652023406,100.0,0.0,100.0,100.0,30,0,0
2967,12.5,0.12,50,4,10,10,0.04588407672230167,0.006810951545634112,0.03743986717706603,0.05741843307898618,100.0,0.0,100.0,100.0,30,0,0
2968,12.5,0.12,100,2,10,10,0.10083788073171587,0.018731665694301357,0.07743539777820917,0.13426043908535967,100.0,0.0,100.0,100.0,30,0,0
2969,12.5,0.12,100,4,10,10,0.07558914551576633,0.015068565978889044,0.042936081874386876,0.09683659596012072,100.0,0.0,100.0,100.0,30,0,0
2970,12.5,0.12,150,2,10,10,0.14840196661958457,0.02580697403128953,0.1184661065297175,0.19072309783297683,100.0,0.0,100.0,100.0,30,0,0
2971,12.5,0.12,150,4,10,10,0.10540683364714479,0.021770151647286594,0.061218048879111336,0.13212619612855478,100.0,0.0,100.0,100.0,30,0,0
2972,12.5,0.12,200,2,10,10,0.18659217401177924,0.03347640531638549,0.15320384788086383,0.2556474822840376,100.0,0.0,100.0,100.0,30,0,0
2973,12.5,0.12,200,4,10,10,0.13028757111399072,0.029545562579191203,0.06788946816769473,0.16826142084802498,100.0,0.0,100.0,100.0,30,0,0
2974,12.5,0.12,250,2,10,10,0.23100053226780098,0.04207173022850957,0.18765775130167894,0.3166573275011761,100.0,0.0,100.0,100.0,30,0,0
2975,12.5,0.12,250,4,10,10,0.16024381996600173,0.032765695794970115,0.09036656885958098,0.20264891923057193,100.0,0.0,100.0,100.0,30,0,0
2976,12.5,0.13,0,2,10,10,0.03299638648164951,0.004339113347390492,0.024985732168132612,0.03823076752654514,100.0,0.0,100.0,100.0,30,0,0
2977,12.5,0.13,0,4,10,10,0.03525775764785301,0.004362205541231497,0.029936093281110982,0.04264542097649828,100.0,0.0,100.0,100.0,30,0,0
2978,12.5,0.13,50,2,10,10,0.0647017951133264,0.008625567795598407,0.05702763517831825,0.08686097342114175,100.0,0.0,100.0,100.0,30,0,0
2979,12.5,0.13,50,4,10,10,0.04866760010413724,0.009097195265447701,0.03435220239599509,0.0615827751631704,100.0,0.0,100.0,100.0,30,0,0
2980,12.5,0.13,100,2,10,10,0.11234853891681777,0.017633021718072038,0.09549928403344038,0.14725174047719558,100.0,0.0,100.0,100.0,30,0,0
2981,12.5,0.13,100,4,10,10,0.07581530031075347,0.015260988641215325,0.04811072288182202,0.09429198464795889,100.0,0.0,100.0,100.0,30,0,0
2982,12.5,0.13,150,2,10,10,0.16231383514703052,0.0272662925698151,0.13475674989875797,0.21843297735480416,100.0,0.0,100.0,100.0,30,0,0
2983,12.5,0.13,150,4,10,10,0.10876677042533656,0.022304892188634975,0.06050040640107864,0.13739394574541677,100.0,0.0,100.0,100.0,30,0,0
2984,12.5,0.13,200,2,10,10,0.2108944595101403,0.04111338055375726,0.1695981114397195,0.2878524425598956,100.0,0.0,100.0,100.0,30,0,0
2985,12.5,0.13,200,4,10,10,0.13622741466877325,0.03032786746130612,0.06802572144761804,0.1702543560651606,100.0,0.0,100.0,100.0,30,0,0
2986,12.5,0.13,250,2,10,10,0.2723064660626683,0.06124862498713557,0.20727589140336086,0.38445272949094206,96.33333333333334,11.595018087284059,63.333333333333336,100.0,30,0,0
2987,12.5,0.13,250,4,10,10,0.16967382529104685,0.0388602822996722,0.08350818902977053,0.21373707987538468,100.0,0.0,100.0,100.0,30,0,0
2988,12.5,0.14,0,2,10,10,0.032455018712129434,0.006373404483457902,0.024255584187815232,0.04138067107823714,100.0,0.0,100.0,100.0,30,0,0
2989,12.5,0.14,0,4,10,10,0.036573546518351666,0.005801871617214752,0.028078376757245917,0.04666632689966738,100.0,0.0,100.0,100.0,30,0,0
2990,12.5,0.14,50,2,10,10,0.07175506746252815,0.013434196118844522,0.056948067740904905,0.09524703050183482,100.0,0.0,100.0,100.0,30,0,0
2991,12.5,0.14,50,4,10,10,0.05223628527115567,0.01131753761465023,0.031031799763926365,0.07053074482107728,100.0,0.0,100.0,100.0,30,0,0
2992,12.5,0.14,100,2,10,10,0.1254944889502823,0.023201522210741832,0.09821932553913358,0.1693604343680205,100.0,0.0,100.0,100.0,30,0,0
2993,12.5,0.14,100,4,10,10,0.07936240829146234,0.01554764604700341,0.05415117842666555,0.10106773561419839,100.0,0.0,100.0,100.0,30,0,0
2994,12.5,0.14,150,2,10,10,0.18256299552535388,0.0356363132303973,0.14666026184727096,0.24633613045550076,100.0,0.0,100.0,100.0,30,0,0
2995,12.5,0.14,150,4,10,10,0.10975754687982768,0.025385218161554698,0.058727951499684884,0.14000216397362264,100.0,0.0,100.0,100.0,30,0,0
2996,12.5,0.14,200,2,10,10,0.23608249966714556,0.043165816623650134,0.1872151073343901,0.3281001354585262,100.0,0.0,100.0,100.0,30,0,0
2997,12.5,0.14,200,4,10,10,0.144848657466735,0.03216223980079292,0.07066049440046628,0.1819305711810321,100.0,0.0,100.0,100.0,30,0,0
2998,12.5,0.14,250,2,10,10,0.3510616706578395,0.18805987445233224,0.23469290157687392,0.8670958040804032,96.33333333333334,11.595018087284059,63.333333333333336,100.0,30,0,0
2999,12.5,0.14,250,4,10,10,0.17796401050145855,0.03861735723553105,0.09638055739168187,0.2210207485989966,100.0,0.0,100.0,100.0,30,0,0
3000,12.5,0.15,0,2,10,10,0.03270496671318077,0.00432186857628656,0.027536263692151144,0.04002019729086234,100.0,0.0,100.0,100.0,30,0,0
3001,12.5,0.15,0,4,10,10,0.039276243194688074,0.006316128001413625,0.03051290801963642,0.04860478539193145,100.0,0.0,100.0,100.0,30,0,0
3002,12.5,0.15,50,2,10,10,0.07781752347136667,0.014512513655134745,0.06261600193262055,0.1041679714896644,100.0,0.0,100.0,100.0,30,0,0
3003,12.5,0.15,50,4,10,10,0.05388005924076501,0.00953343997155392,0.037333848546451026,0.0661846209588122,100.0,0.0,100.0,100.0,30,0,0
3004,12.5,0.15,100,2,10,10,0.13836110224335102,0.027227810376586777,0.11018549568375435,0.18962031435129736,100.0,0.0,100.0,100.0,30,0,0
3005,12.5,0.15,100,4,10,10,0.08509862618405233,0.01750036026477647,0.04941874534897281,0.10554550752508025,100.0,0.0,100.0,100.0,30,0,0
3006,12.5,0.15,150,2,10,10,0.20278147940924277,0.037969939780040214,0.16295425252711682,0.2751124349168262,100.0,0.0,100.0,100.0,30,0,0
3007,12.5,0.15,150,4,10,10,0.11728902691586596,0.026757053490709403,0.06261997986328309,0.14867794313890614,100.0,0.0,100.0,100.0,30,0,0
3008,12.5,0.15,200,2,10,10,0.27387590396870665,0.04965382477579246,0.21506083737470952,0.36066580285688016,100.0,0.0,100.0,100.0,30,0,0
3009,12.5,0.15,200,4,10,10,0.15044384151281043,0.035917841446326475,0.0749148793115538,0.19799607899260271,100.0,0.0,100.0,100.0,30,0,0
3010,12.5,0.15,250,2,10,10,0.3966763201177372,0.21459432173567916,0.2649416084044936,0.9883721249863485,96.33333333333334,11.595018087284059,63.333333333333336,100.0,30,0,0
3011,12.5,0.15,250,4,10,10,0.18617264784644064,0.04138772001560259,0.0971213417172414,0.2331490502565247,100.0,0.0,100.0,100.0,30,0,0
3012,12.5,0.16,0,2,10,10,0.03294400846043275,0.007151286720531501,0.023319434668961598,0.045059761961334925,100.0,0.0,100.0,100.0,30,0,0
3013,12.5,0.16,0,4,10,10,0.04708453587785534,0.007047734513246875,0.03430256796691013,0.058968481018445894,100.0,0.0,100.0,100.0,30,0,0
3014,12.5,0.16,50,2,10,10,0.08692330248140435,0.017542653175538554,0.06501136078006277,0.1180790925492951,100.0,0.0,100.0,100.0,30,0,0
3015,12.5,0.16,50,4,10,10,0.061223588583081,0.013623523732827936,0.036209298656981324,0.07802666587178572,100.0,0.0,100.0,100.0,30,0,0
3016,12.5,0.16,100,2,10,10,0.15715726172411723,0.02934661002515357,0.1230882250423383,0.2099306976555447,100.0,0.0,100.0,100.0,30,0,0
3017,12.5,0.16,100,4,10,10,0.09224054388640925,0.02234606762620103,0.04412554979523633,0.11876705671929044,100.0,0.0,100.0,100.0,30,0,0
3018,12.5,0.16,150,2,10,10,0.22819693945491215,0.041479337010161564,0.18119967096919054,0.3102283653226702,100.0,0.0,100.0,100.0,30,0,0
3019,12.5,0.16,150,4,10,10,0.12403413134305057,0.028956310552951895,0.06433161288699404,0.16415451034175021,100.0,0.0,100.0,100.0,30,0,0
3020,12.5,0.16,200,2,10,10,0.31474020915255324,0.058399211915880184,0.2412811572465774,0.4050335479305965,100.0,0.0,100.0,100.0,30,0,0
3021,12.5,0.16,200,4,10,10,0.15769603020744807,0.03393332107421447,0.0917337025583736,0.20225695088526127,100.0,0.0,100.0,100.0,30,0,0
3022,12.5,0.16,250,2,10,10,0.44172943390402236,0.20562264042937448,0.2928705581295575,1.0012453315552492,96.11111111111111,11.538092217366826,63.333333333333336,100.0,30,0,0
3023,12.5,0.16,250,4,10,10,0.19669535194438392,0.044124762737002235,0.10747546522464613,0.24993350128986278,100.0,0.0,100.0,100.0,30,0,0
3024,12.5,0.17,0,2,10,10,0.03677624157366864,0.006120086929113361,0.02695120812059383,0.0462425270473221,100.0,0.0,100.0,100.0,30,0,0
3025,12.5,0.17,0,4,10,10,0.04987837911198685,0.012403122864542605,0.03380149743967002,0.07095717373499444,100.0,0.0,100.0,100.0,30,0,0
3026,12.5,0.17,50,2,10,10,0.09590828955610656,0.015284318826945087,0.08241308044125445,0.13132703974089013,100.0,0.0,100.0,100.0,30,0,0
3027,12.5,0.17,50,4,10,10,0.06673688405300551,0.015550810622636956,0.03952601759882121,0.09167449261552714,100.0,0.0,100.0,100.0,30,0,0
3028,12.5,0.17,100,2,10,10,0.1781042439894146,0.032866432042558576,0.14062969588389407,0.23990858270050844,100.0,0.0,100.0,100.0,30,0,0
3029,12.5,0.17,100,4,10,10,0.09925059125102537,0.021117010441623375,0.055743419235021074,0.12401318496388015,100.0,0.0,100.0,100.0,30,0,0
3030,12.5,0.17,150,2,10,10,0.2529802771343062,0.04384934372236503,0.20443747244660404,0.3395891027047362,100.0,0.0,100.0,100.0,30,0,0
3031,12.5,0.17,150,4,10,10,0.12994656022891643,0.029706877319384685,0.07266564044402878,0.17021229934214657,100.0,0.0,100.0,100.0,30,0,0
3032,12.5,0.17,200,2,10,10,0.35784909271041104,0.07620009072623092,0.27076191938771843,0.5179762963219247,97.55555555555556,7.730012058189372,75.55555555555556,100.0,30,0,0
3033,12.5,0.17,200,4,10,10,0.16673942395004623,0.038777100979216314,0.08402643753467594,0.21292291343405137,100.0,0.0,100.0,100.0,30,0,0
3034,12.5,0.17,250,2,10,10,0.4804014079893017,0.16402166925491102,0.31366274465836913,0.9015056287921901,95.66666666666666,11.552349982728913,63.333333333333336,100.0,30,0,0
3035,12.5,0.17,250,4,10,10,0.20330215329172904,0.04485405665955951,0.11105793427116256,0.258069839142638,100.0,0.0,100.0,100.0,30,0,0
3036,12.5,0.18,0,2,10,10,0.03927482146351263,0.0065322207724316,0.03287692767302287,0.05357327890505132,100.0,0.0,100.0,100.0,30,0,0
3037,12.5,0.18,0,4,10,10,0.06005569425998721,0.014239742150250315,0.038417408352453906,0.08634870021154646,100.0,0.0,100.0,100.0,30,0,0
3038,12.5,0.18,50,2,10,10,0.107282341029908,0.017316959466942197,0.09267415318480975,0.14281308032875548,100.0,0.0,100.0,100.0,30,0,0
3039,12.5,0.18,50,4,10,10,0.07376076219289833,0.01779943252423215,0.048460513332899774,0.10514612213247106,100.0,0.0,100.0,100.0,30,0,0
3040,12.5,0.18,100,2,10,10,0.1975079422040036,0.034033363648508175,0.15980059079188844,0.2559391815474173,100.0,0.0,100.0,100.0,30,0,0
3041,12.5,0.18,100,4,10,10,0.10111029352932262,0.021200738317912173,0.062392851791416425,0.13225018861479118,100.0,0.0,100.0,100.0,30,0,0
3042,12.5,0.18,150,2,10,10,0.28501795117571566,0.04877055378110522,0.22980372719196773,0.38578216353951494,100.0,0.0,100.0,100.0,30,0,0
3043,12.5,0.18,150,4,10,10,0.1419261272884476,0.03133505599527154,0.08362148923854477,0.18424299766647403,100.0,0.0,100.0,100.0,30,0,0
3044,12.5,0.18,200,2,10,10,0.4128296709085231,0.10699916102959556,0.2999427032238508,0.6730286640276276,96.33333333333334,11.595018087284059,63.333333333333336,100.0,30,0,0
3045,12.5,0.18,200,4,10,10,0.1808782768860813,0.04019538153511297,0.1003946552882339,0.23323367338409726,100.0,0.0,100.0,100.0,30,0,0
3046,12.5,0.18,250,2,10,10,0.5648945454165145,0.13210645824012254,0.35070650006589715,0.7538690935857787,94.64750957854406,12.503473972029942,60.0,100.0,30,0,0
3047,12.5,0.18,250,4,10,10,0.21630837528084737,0.050256965518720866,0.11823442459409005,0.2792226159238622,100.0,0.0,100.0,100.0,30,0,0
3048,12.5,0.19,0,2,10,10,0.03851106195922468,0.009299141546275239,0.025361665342722283,0.053389684463150316,100.0,0.0,100.0,100.0,30,0,0
3049,12.5,0.19,0,4,10,10,0.06803328848326343,0.01911269130469879,0.044933692069831443,0.11093334434958341,100.0,0.0,100.0,100.0,30,0,0
3050,12.5,0.19,50,2,10,10,0.1153523258092127,0.021352685593077694,0.0941051567309076,0.1546190754473082,100.0,0.0,100.0,100.0,30,0,0
3051,12.5,0.19,50,4,10,10,0.08293734949672368,0.020443666116453877,0.05431022094319313,0.13057784275806564,100.0,0.0,100.0,100.0,30,0,0
3052,12.5,0.19,100,2,10,10,0.21854944764175466,0.03906581444373926,0.1763603328474382,0.29194622040773666,100.0,0.0,100.0,100.0,30,0,0
3053,12.5,0.19,100,4,10,10,0.11443095114921475,0.02531322468780001,0.0677065936461363,0.14547134239197526,100.0,0.0,100.0,100.0,30,0,0
3054,12.5,0.19,150,2,10,10,0.3182544659224509,0.05416862575425663,0.2522952247877887,0.4294538965160879,100.0,0.0,100.0,100.0,30,0,0
3055,12.5,0.19,150,4,10,10,0.15201075181805554,0.03221269819689881,0.08827869233110412,0.19294290877857853,100.0,0.0,100.0,100.0,30,0,0
3056,12.5,0.19,200,2,10,10,0.4568873580303931,0.10612814181263765,0.32643585245661416,0.7032999622121675,96.33333333333334,11.595018087284059,63.333333333333336,100.0,30,0,0
3057,12.5,0.19,200,4,10,10,0.18818039580926843,0.04425454808502362,0.09757613336818065,0.2445254259122959,100.0,0.0,100.0,100.0,30,0,0
3058,12.5,0.19,250,2,10,10,0.6560468091038184,0.26680490049029465,0.37779109944786726,1.3558087755374297,93.60919540229885,13.052397697603515,60.0,100.0,30,0,0
3059,12.5,0.19,250,4,10,10,0.23125881604598142,0.04921416342516338,0.1350643787593859,0.29827453313636654,100.0,0.0,100.0,100.0,30,0,0
3060,12.5,0.2,0,2,10,10,0.044665516807335916,0.014639150743238948,0.026125697630607302,0.07147757699356648,100.0,0.0,100.0,100.0,30,0,0
3061,12.5,0.2,0,4,10,10,0.08036709442196666,0.025904554635573528,0.049112241452927134,0.1419540114168954,100.0,0.0,100.0,100.0,30,0,0
3062,12.5,0.2,50,2,10,10,0.1319473660812477,0.023402934426300953,0.10998800457186902,0.16949179692514305,100.0,0.0,100.0,100.0,30,0,0
3063,12.5,0.2,50,4,10,10,0.09442641787531292,0.024587690526534416,0.06826916257696299,0.1521211804100176,100.0,0.0,100.0,100.0,30,0,0
3064,12.5,0.2,100,2,10,10,0.24214096244385303,0.043665202210960374,0.20048783361941291,0.32206452784260414,100.0,0.0,100.0,100.0,30,0,0
3065,12.5,0.2,100,4,10,10,0.12742555564595134,0.0254404527373323,0.07906530093032979,0.15858965800745792,100.0,0.0,100.0,100.0,30,0,0
3066,12.5,0.2,150,2,10,10,0.3583537932984768,0.05595610282798231,0.2844091681782071,0.47806055229057876,100.0,0.0,100.0,100.0,30,0,0
3067,12.5,0.2,150,4,10,10,0.16369973467091892,0.03334720646995108,0.09674155101597699,0.20925161196732725,100.0,0.0,100.0,100.0,30,0,0
3068,12.5,0.2,200,2,10,10,0.49783410694092173,0.10425568865054215,0.35463051871446355,0.725172999250642,96.33333333333334,11.595018087284059,63.333333333333336,100.0,30,0,0
3069,12.5,0.2,200,4,10,10,0.2068906196008004,0.04403234144697587,0.1231698336104239,0.264028457493143,100.0,0.0,100.0,100.0,30,0,0
3070,12.5,0.2,250,2,10,10,0.7742051730518105,0.2865373812432041,0.4173375002724164,1.3917693634514523,97.38697318007664,5.486968172647028,82.75862068965517,100.0,30,0,0
3071,12.5,0.2,250,4,10,10,0.24459015538780626,0.057892303728149554,0.1305955209391602,0.32006387471464176,100.0,0.0,100.0,100.0,30,0,0
3072,13.0,0.05,0,2,10,10,0.033379055126890024,0.005863377021056893,0.026473536122230797,0.048267122593944466,100.0,0.0,100.0,100.0,30,0,0
3073,13.0,0.05,0,4,10,10,0.03240504372366696,0.005937077703759073,0.023953615711078593,0.04288093238748223,100.0,0.0,100.0,100.0,30,0,0
3074,13.0,0.05,50,2,10,10,0.04625338650062528,0.0051886139433531655,0.03834987778338902,0.054079987816603094,100.0,0.0,100.0,100.0,30,0,0
3075,13.0,0.05,50,4,10,10,0.04585452376752182,0.005820888008275046,0.03863451176238856,0.05562749310894044,100.0,0.0,100.0,100.0,30,0,0
3076,13.0,0.05,100,2,10,10,0.06109334880631474,0.0065195345866922595,0.049209559045358536,0.06830675399947418,100.0,0.0,100.0,100.0,30,0,0
3077,13.0,0.05,100,4,10,10,0.06497630178508745,0.010492926878864273,0.04220709701504439,0.07939397759291213,100.0,0.0,100.0,100.0,30,0,0
3078,13.0,0.05,150,2,10,10,0.08080170392342943,0.008298237283961354,0.06810613781229695,0.09299662570413109,100.0,0.0,100.0,100.0,30,0,0
3079,13.0,0.05,150,4,10,10,0.085460849083153,0.010393280070170883,0.06464662988999752,0.10352090316260633,100.0,0.0,100.0,100.0,30,0,0
3080,13.0,0.05,200,2,10,10,0.09928221137321118,0.01128521503844705,0.08497944214465952,0.11491132923013403,100.0,0.0,100.0,100.0,30,0,0
3081,13.0,0.05,200,4,10,10,0.10886827967114074,0.01854073211441283,0.07704234821819035,0.14249660134088485,100.0,0.0,100.0,100.0,30,0,0
3082,13.0,0.05,250,2,10,10,0.12008906623271112,0.012317940454634883,0.10353336002167705,0.1412506533251109,100.0,0.0,100.0,100.0,30,0,0
3083,13.0,0.05,250,4,10,10,0.13216251429324183,0.02037867372392652,0.0977476581677793,0.17046209940938536,100.0,0.0,100.0,100.0,30,0,0
3084,13.0,0.06,0,2,10,10,0.03401930421717255,0.005410536959309404,0.0269713668883832,0.045220391047517045,100.0,0.0,100.0,100.0,30,0,0
3085,13.0,0.06,0,4,10,10,0.03293347607968354,0.003750596513324398,0.028288213947518053,0.040853972351626695,100.0,0.0,100.0,100.0,30,0,0
3086,13.0,0.06,50,2,10,10,0.04637424167762696,0.0028827168104541482,0.04287935702630316,0.05105422005194309,100.0,0.0,100.0,100.0,30,0,0
3087,13.0,0.06,50,4,10,10,0.04652263727941268,0.004555403710084123,0.03836405290051679,0.05174047385318131,100.0,0.0,100.0,100.0,30,0,0
3088,13.0,0.06,100,2,10,10,0.06310743507055688,0.007703188738395647,0.05249348216367611,0.07581602721323712,100.0,0.0,100.0,100.0,30,0,0
3089,13.0,0.06,100,4,10,10,0.06678930371520053,0.009827078774286293,0.04914993625629591,0.0820377376938165,100.0,0.0,100.0,100.0,30,0,0
3090,13.0,0.06,150,2,10,10,0.08336093835589709,0.008373825989555519,0.07269007694699633,0.09774816449466624,100.0,0.0,100.0,100.0,30,0,0
3091,13.0,0.06,150,4,10,10,0.09045138734770228,0.01314996411496712,0.06507674586977781,0.11294488752669146,100.0,0.0,100.0,100.0,30,0,0
3092,13.0,0.06,200,2,10,10,0.10636986646768357,0.010521961999324512,0.09399375932125724,0.12692585704962167,100.0,0.0,100.0,100.0,30,0,0
3093,13.0,0.06,200,4,10,10,0.1113053562161811,0.01599704050630687,0.08034950522149907,0.13707068757902993,100.0,0.0,100.0,100.0,30,0,0
3094,13.0,0.06,250,2,10,10,0.12879747876670788,0.016311627326046838,0.10684854159357977,0.15885315864594923,100.0,0.0,100.0,100.0,30,0,0
3095,13.0,0.06,250,4,10,10,0.13992401624646614,0.02090410036576873,0.1049738263876475,0.1727098119493663,100.0,0.0,100.0,100.0,30,0,0
3096,13.0,0.07,0,2,10,10,0.033660000900385866,0.003023097578112897,0.02946531349253188,0.04005585601512615,100.0,0.0,100.0,100.0,30,0,0
3097,13.0,0.07,0,4,10,10,0.0329950123315141,0.005648480029329509,0.025254210538363808,0.042251887986657084,100.0,0.0,100.0,100.0,30,0,0
3098,13.0,0.07,50,2,10,10,0.04875609893059131,0.0036765687170894805,0.042381483920916146,0.05347125367833582,100.0,0.0,100.0,100.0,30,0,0
3099,13.0,0.07,50,4,10,10,0.04696975395579979,0.008746313438107377,0.036142859289740877,0.056142188390477486,100.0,0.0,100.0,100.0,30,0,0
3100,13.0,0.07,100,2,10,10,0.06540239977310808,0.008644983586009692,0.04898085061327595,0.08007548289270076,100.0,0.0,100.0,100.0,30,0,0
3101,13.0,0.07,100,4,10,10,0.07058860321104646,0.008438382841376504,0.0547223601141609,0.08200678726619598,100.0,0.0,100.0,100.0,30,0,0
3102,13.0,0.07,150,2,10,10,0.09154115185391466,0.009119963022795568,0.07849322375750732,0.10358673105418248,100.0,0.0,100.0,100.0,30,0,0
3103,13.0,0.07,150,4,10,10,0.09310404140705592,0.012869485305672728,0.06674441859898199,0.11524894853770871,100.0,0.0,100.0,100.0,30,0,0
3104,13.0,0.07,200,2,10,10,0.11416669525137282,0.011947008742932575,0.09920621702376912,0.13831901851292897,100.0,0.0,100.0,100.0,30,0,0
3105,13.0,0.07,200,4,10,10,0.1177388403648835,0.017436029374282565,0.08222915729791176,0.14716619583020965,100.0,0.0,100.0,100.0,30,0,0
3106,13.0,0.07,250,2,10,10,0.1386159998312136,0.014796040986489978,0.12111840315807686,0.16208471053529963,96.33333333333334,11.595018087284057,63.333333333333336,100.0,30,0,0
3107,13.0,0.07,250,4,10,10,0.14246127979712042,0.02065869262107965,0.10304706642049836,0.17749837211041172,100.0,0.0,100.0,100.0,30,0,0
3108,13.0,0.08,0,2,10,10,0.03431221783541395,0.0040358648048508085,0.027597985758371222,0.03975111431186374,100.0,0.0,100.0,100.0,30,0,0
3109,13.0,0.08,0,4,10,10,0.034550100556529746,0.0051410508885890585,0.024826518157101653,0.042806253839588825,100.0,0.0,100.0,100.0,30,0,0
3110,13.0,0.08,50,2,10,10,0.04431708618444952,0.005605079676690033,0.036132285008236814,0.056993859880711206,100.0,0.0,100.0,100.0,30,0,0
3111,13.0,0.08,50,4,10,10,0.04734862351592402,0.007287362486069604,0.03639517779823918,0.06121549353773958,100.0,0.0,100.0,100.0,30,0,0
3112,13.0,0.08,100,2,10,10,0.07028316534288359,0.009824758280261699,0.05761456577507479,0.08763096659739893,100.0,0.0,100.0,100.0,30,0,0
3113,13.0,0.08,100,4,10,10,0.07397416169931148,0.012479161660439659,0.057824839513382555,0.09750746820779,100.0,0.0,100.0,100.0,30,0,0
3114,13.0,0.08,150,2,10,10,0.09819462293038521,0.010194604723449303,0.08404290897891671,0.11257817455557044,100.0,0.0,100.0,100.0,30,0,0
3115,13.0,0.08,150,4,10,10,0.09561415176376162,0.013102872253546305,0.06808198001677307,0.11383486705620181,100.0,0.0,100.0,100.0,30,0,0
3116,13.0,0.08,200,2,10,10,0.1278642481118492,0.0130810144748806,0.10686203401737888,0.1466419755254232,100.0,0.0,100.0,100.0,30,0,0
3117,13.0,0.08,200,4,10,10,0.12345301914399778,0.018377899210324674,0.08471210404051017,0.15149638946414498,100.0,0.0,100.0,100.0,30,0,0
3118,13.0,0.08,250,2,10,10,0.1739468295804149,0.07014418639308807,0.12566473875683834,0.3652679854745033,96.0,11.525602204346612,63.333333333333336,100.0,30,0,0
3119,13.0,0.08,250,4,10,10,0.15089356109855256,0.020715037016737478,0.11881188442439701,0.18143617851063443,100.0,0.0,100.0,100.0,30,0,0
3120,13.0,0.09,0,2,10,10,0.03239980126089183,0.0035110241648614094,0.02941650467690771,0.04109575821323178,100.0,0.0,100.0,100.0,30,0,0
3121,13.0,0.09,0,4,10,10,0.03211605981659989,0.004439598700904128,0.026269239421792583,0.041757076239057535,100.0,0.0,100.0,100.0,30,0,0
3122,13.0,0.09,50,2,10,10,0.04905197804050289,0.004928051372162329,0.04350298520922107,0.05956514645477682,100.0,0.0,100.0,100.0,30,0,0
3123,13.0,0.09,50,4,10,10,0.04823265656727853,0.006810949415521684,0.03722414110958754,0.05841967933748885,100.0,0.0,100.0,100.0,30,0,0
3124,13.0,0.09,100,2,10,10,0.07268909730625137,0.010541852034699609,0.061317731040749245,0.09348782188550349,100.0,0.0,100.0,100.0,30,0,0
3125,13.0,0.09,100,4,10,10,0.07579519615399677,0.014348171369187066,0.04905472978498531,0.09613043115572655,100.0,0.0,100.0,100.0,30,0,0
3126,13.0,0.09,150,2,10,10,0.10534542443429953,0.01432368106197416,0.08344440233291713,0.1280788875680231,100.0,0.0,100.0,100.0,30,0,0
3127,13.0,0.09,150,4,10,10,0.10231543588435592,0.010942345445481474,0.08551255068839662,0.12401968202146946,100.0,0.0,100.0,100.0,30,0,0
3128,13.0,0.09,200,2,10,10,0.13808560615426319,0.01573657802938128,0.11459882377245532,0.16090664173552616,100.0,0.0,100.0,100.0,30,0,0
3129,13.0,0.09,200,4,10,10,0.1296919401493045,0.020031181814082335,0.09413043535423175,0.16571556832692697,100.0,0.0,100.0,100.0,30,0,0
3130,13.0,0.09,250,2,10,10,0.1909394362205558,0.06800804563903275,0.1491933017105375,0.37540617688974476,96.0,11.525602204346612,63.333333333333336,100.0,30,0,0
3131,13.0,0.09,250,4,10,10,0.15785208463717154,0.021613514618070477,0.1151409249571559,0.19070425448366277,100.0,0.0,100.0,100.0,30,0,0
3132,13.0,0.1,0,2,10,10,0.03341145602032432,0.006429159498092181,0.02408856527505954,0.04237960798084014,100.0,0.0,100.0,100.0,30,0,0
3133,13.0,0.1,0,4,10,10,0.03168129441669408,0.005510090801774137,0.024091060428507755,0.039698046088671446,100.0,0.0,100.0,100.0,30,0,0
3134,13.0,0.1,50,2,10,10,0.05492697774545526,0.008259990494398156,0.04458131954249869,0.06957158441161955,100.0,0.0,100.0,100.0,30,0,0
3135,13.0,0.1,50,4,10,10,0.04842063227627486,0.006784999739431649,0.042506012159509304,0.06218728499638491,100.0,0.0,100.0,100.0,30,0,0
3136,13.0,0.1,100,2,10,10,0.08554741190543023,0.009118296383212583,0.07200979007249482,0.10065462671161594,100.0,0.0,100.0,100.0,30,0,0
3137,13.0,0.1,100,4,10,10,0.07704063999585228,0.01028760007424263,0.05739097717934347,0.09525092780604372,100.0,0.0,100.0,100.0,30,0,0
3138,13.0,0.1,150,2,10,10,0.11653718386494102,0.016233141309288088,0.09156641009398962,0.14312525525012873,100.0,0.0,100.0,100.0,30,0,0
3139,13.0,0.1,150,4,10,10,0.10853055891241008,0.013833544697107394,0.07965876744128511,0.12981396740495174,100.0,0.0,100.0,100.0,30,0,0
3140,13.0,0.1,200,2,10,10,0.15732075071953125,0.015465512242596246,0.13909840417567146,0.1807604507377203,100.0,0.0,100.0,100.0,30,0,0
3141,13.0,0.1,200,4,10,10,0.1340702758120751,0.018478465904521964,0.10066347230853702,0.15978042620108127,100.0,0.0,100.0,100.0,30,0,0
3142,13.0,0.1,250,2,10,10,0.2089607388406721,0.06533074952708189,0.1599757751286801,0.38481367127698185,94.44444444444444,11.96703290474334,63.333333333333336,100.0,30,0,0
3143,13.0,0.1,250,4,10,10,0.16441713681100184,0.025135925346250663,0.1171994393933586,0.2024182848159897,100.0,0.0,100.0,100.0,30,0,0
3144,13.0,0.11,0,2,10,10,0.03647419025060906,0.00612528626472178,0.02775333634213396,0.04592326226820457,100.0,0.0,100.0,100.0,30,0,0
3145,13.0,0.11,0,4,10,10,0.0333146095648302,0.005314623405796163,0.02648726660823111,0.04268831801348582,100.0,0.0,100.0,100.0,30,0,0
3146,13.0,0.11,50,2,10,10,0.05617761529294764,0.007954937954083514,0.042919728177938654,0.07272509964468442,100.0,0.0,100.0,100.0,30,0,0
3147,13.0,0.11,50,4,10,10,0.051794151059758285,0.007535936889670582,0.039783425011338296,0.06593145913917582,100.0,0.0,100.0,100.0,30,0,0
3148,13.0,0.11,100,2,10,10,0.0948201643054691,0.012797448651198653,0.07556381408474097,0.1175613563734199,100.0,0.0,100.0,100.0,30,0,0
3149,13.0,0.11,100,4,10,10,0.07924161194765642,0.00859645210651063,0.0645734034359254,0.09742721508478124,100.0,0.0,100.0,100.0,30,0,0
3150,13.0,0.11,150,2,10,10,0.13419221160072997,0.017674640986882217,0.10686219574059197,0.16575610679118005,100.0,0.0,100.0,100.0,30,0,0
3151,13.0,0.11,150,4,10,10,0.11303133330051311,0.013666123932163184,0.08712269908812376,0.1338519987821248,100.0,0.0,100.0,100.0,30,0,0
3152,13.0,0.11,200,2,10,10,0.173297596433661,0.01769683121057546,0.14923160826982432,0.2003882259741285,100.0,0.0,100.0,100.0,30,0,0
3153,13.0,0.11,200,4,10,10,0.14223157570532657,0.023457700430959506,0.10406416706275956,0.18732558542319722,100.0,0.0,100.0,100.0,30,0,0
3154,13.0,0.11,250,2,10,10,0.22932304615398147,0.06392507486538905,0.17218065184185938,0.3976182909642607,87.33333333333334,19.80148391995152,53.333333333333336,100.0,30,0,0
3155,13.0,0.11,250,4,10,10,0.17552751592594223,0.029214292390098325,0.12243120804697676,0.22881834749605065,100.0,0.0,100.0,100.0,30,0,0
3156,13.0,0.12,0,2,10,10,0.03229911760219256,0.005877859385773052,0.026014977028571293,0.042718698888533475,100.0,0.0,100.0,100.0,30,0,0
3157,13.0,0.12,0,4,10,10,0.03747065098468064,0.004751999604748242,0.030223782173047775,0.04585072721371644,100.0,0.0,100.0,100.0,30,0,0
3158,13.0,0.12,50,2,10,10,0.06192585386848935,0.008575166833276639,0.05036160353077296,0.07617708105069242,100.0,0.0,100.0,100.0,30,0,0
3159,13.0,0.12,50,4,10,10,0.05294122167321267,0.010435534134527878,0.03792379362273593,0.07374540839260912,100.0,0.0,100.0,100.0,30,0,0
3160,13.0,0.12,100,2,10,10,0.10372830026234217,0.014299641904297928,0.08555340250034112,0.12662070170503378,100.0,0.0,100.0,100.0,30,0,0
3161,13.0,0.12,100,4,10,10,0.08338551806084078,0.014294851724940046,0.06210011268787436,0.10651251613428081,100.0,0.0,100.0,100.0,30,0,0
3162,13.0,0.12,150,2,10,10,0.1464881325969979,0.01940502325345216,0.11659265028301817,0.17490603086341558,100.0,0.0,100.0,100.0,30,0,0
3163,13.0,0.12,150,4,10,10,0.11556245993969323,0.01834264273913129,0.08017587199572714,0.14180149897198288,100.0,0.0,100.0,100.0,30,0,0
3164,13.0,0.12,200,2,10,10,0.21452510523719853,0.06775164490772456,0.15904971517813551,0.39251004347341406,99.66666666666666,1.0540925533894587,96.66666666666667,100.0,30,0,0
3165,13.0,0.12,200,4,10,10,0.14820257876269424,0.02154750443314995,0.10219531835958379,0.1741721401991909,100.0,0.0,100.0,100.0,30,0,0
3166,13.0,0.12,250,2,10,10,0.2712191373211314,0.07092583717439352,0.19657450524153697,0.41203556094201677,87.33333333333334,19.80148391995152,53.333333333333336,100.0,30,0,0
3167,13.0,0.12,250,4,10,10,0.18528767131007243,0.028457011393433526,0.13534673989660506,0.22508587065612992,100.0,0.0,100.0,100.0,30,0,0
3168,13.0,0.13,0,2,10,10,0.03461257838827222,0.006588442855807641,0.02562062040656546,0.04819740463854875,100.0,0.0,100.0,100.0,30,0,0
3169,13.0,0.13,0,4,10,10,0.03412810711201379,0.007023603670816434,0.026294994389550155,0.046054697126517476,100.0,0.0,100.0,100.0,30,0,0
3170,13.0,0.13,50,2,10,10,0.06729879644415504,0.014061194878686373,0.04359396379406843,0.08897782585340686,100.0,0.0,100.0,100.0,30,0,0
3171,13.0,0.13,50,4,10,10,0.055963343637880233,0.007216143815647456,0.047074358361517854,0.07204107593618843,100.0,0.0,100.0,100.0,30,0,0
3172,13.0,0.13,100,2,10,10,0.11571570005054117,0.018316965277008743,0.09083310145674166,0.1439262561728669,100.0,0.0,100.0,100.0,30,0,0
3173,13.0,0.13,100,4,10,10,0.08588352501021648,0.01259078684109964,0.06297430099117426,0.1129799025279576,100.0,0.0,100.0,100.0,30,0,0
3174,13.0,0.13,150,2,10,10,0.16781249928583866,0.020456157256245507,0.14351072204384588,0.2025657295632406,100.0,0.0,100.0,100.0,30,0,0
3175,13.0,0.13,150,4,10,10,0.12173554762055841,0.019193580409673186,0.08547265106129052,0.1498894159215659,100.0,0.0,100.0,100.0,30,0,0
3176,13.0,0.13,200,2,10,10,0.23782626508233182,0.06666376057022763,0.16990042287066717,0.4069660997009848,97.22222222222221,7.6846273782394245,75.55555555555554,100.0,30,0,0
3177,13.0,0.13,200,4,10,10,0.15783493281434546,0.02317491495018408,0.11288113420087974,0.19309121355654532,100.0,0.0,100.0,100.0,30,0,0
3178,13.0,0.13,250,2,10,10,0.3276852689222944,0.09555351485848806,0.21588562848661078,0.5051347999994139,87.33333333333334,19.80148391995152,53.333333333333336,100.0,30,0,0
3179,13.0,0.13,250,4,10,10,0.1911106904250878,0.033084114829435504,0.12888844845569533,0.24767607429716984,100.0,0.0,100.0,100.0,30,0,0
3180,13.0,0.14,0,2,10,10,0.035911784369441334,0.0052293402302957875,0.029158074029486915,0.04549240036215179,100.0,0.0,100.0,100.0,30,0,0
3181,13.0,0.14,0,4,10,10,0.03680957035292976,0.008374879719713884,0.02559571289426227,0.053356016969071385,100.0,0.0,100.0,100.0,30,0,0
3182,13.0,0.14,50,2,10,10,0.07599381845894126,0.012933375472822351,0.05874330730062266,0.09764489567067797,100.0,0.0,100.0,100.0,30,0,0
3183,13.0,0.14,50,4,10,10,0.056996408079214675,0.010274758255497857,0.044513512531954014,0.07654806075512463,100.0,0.0,100.0,100.0,30,0,0
3184,13.0,0.14,100,2,10,10,0.12821919573555324,0.021510412544656667,0.10224579937413765,0.1645739939441512,100.0,0.0,100.0,100.0,30,0,0
3185,13.0,0.14,100,4,10,10,0.09248421031220537,0.01380580181585394,0.07207472819382442,0.1158569408528156,100.0,0.0,100.0,100.0,30,0,0
3186,13.0,0.14,150,2,10,10,0.18781553668506684,0.028328743671309227,0.14452045716211095,0.22760240062304724,100.0,0.0,100.0,100.0,30,0,0
3187,13.0,0.14,150,4,10,10,0.1294782041496335,0.018056081388668536,0.09786707238324936,0.15725482114701614,100.0,0.0,100.0,100.0,30,0,0
3188,13.0,0.14,200,2,10,10,0.2671846090308591,0.06741306630183946,0.19858475761167138,0.42699025492285814,96.0,11.525602204346612,63.333333333333336,100.0,30,0,0
3189,13.0,0.14,200,4,10,10,0.16507538451751982,0.024639667149230913,0.12021322832187924,0.20251501630910887,100.0,0.0,100.0,100.0,30,0,0
3190,13.0,0.14,250,2,10,10,0.43754837248233375,0.23313462407875543,0.2642439675480455,1.0523722985629371,87.0,19.619494238736465,53.333333333333336,100.0,30,0,0
3191,13.0,0.14,250,4,10,10,0.20324398296464868,0.03094817176722571,0.15369552604336603,0.2557368136716502,100.0,0.0,100.0,100.0,30,0,0
3192,13.0,0.15,0,2,10,10,0.036254681972561785,0.007385156553231956,0.027792829129318394,0.05107376338702465,100.0,0.0,100.0,100.0,30,0,0
3193,13.0,0.15,0,4,10,10,0.04096997277698131,0.0060693053157344955,0.03380767009032337,0.053897358716137655,100.0,0.0,100.0,100.0,30,0,0
3194,13.0,0.15,50,2,10,10,0.08042362674654602,0.013709533963849638,0.06385328734193606,0.10403076779733943,100.0,0.0,100.0,100.0,30,0,0
3195,13.0,0.15,50,4,10,10,0.06288789355797518,0.008929125395919326,0.050519993410501784,0.07908399709822204,100.0,0.0,100.0,100.0,30,0,0
3196,13.0,0.15,100,2,10,10,0.14342685612730977,0.025386448721194832,0.10576270059112891,0.18252652452318066,100.0,0.0,100.0,100.0,30,0,0
3197,13.0,0.15,100,4,10,10,0.09417765515155593,0.016023816148353923,0.07037233306420719,0.12161286491466373,100.0,0.0,100.0,100.0,30,0,0
3198,13.0,0.15,150,2,10,10,0.21228953524935562,0.03280550337293771,0.1707203813987386,0.26534913025536633,100.0,0.0,100.0,100.0,30,0,0
3199,13.0,0.15,150,4,10,10,0.13498761697612574,0.02141829037630829,0.10011019261668867,0.1708089528587655,100.0,0.0,100.0,100.0,30,0,0
3200,13.0,0.15,200,2,10,10,0.30101595942705267,0.06646859845802951,0.21517983482889788,0.4424721907298266,93.33333333333334,13.425606637327302,63.333333333333336,100.0,30,0,0
3201,13.0,0.15,200,4,10,10,0.17616276345441684,0.028497530157676476,0.12107609185125064,0.22006829627197935,100.0,0.0,100.0,100.0,30,0,0
3202,13.0,0.15,250,2,10,10,0.5285486860459563,0.24298841959053863,0.306491640467155,1.0638649308699313,86.11111111111111,19.218261206103122,53.333333333333336,100.0,30,0,0
3203,13.0,0.15,250,4,10,10,0.21612590430708148,0.03839167162782469,0.14911023099780174,0.2823003282311087,100.0,0.0,100.0,100.0,30,0,0
3204,13.0,0.16,0,2,10,10,0.038617069303548135,0.0051548472915801105,0.03415029420368273,0.048191964889144345,100.0,0.0,100.0,100.0,30,0,0
3205,13.0,0.16,0,4,10,10,0.04138159453581651,0.008628269113245313,0.030151820507003723,0.0564411726725785,100.0,0.0,100.0,100.0,30,0,0
3206,13.0,0.16,50,2,10,10,0.08793206815323176,0.012590197669845477,0.07206481561477153,0.10614166527415007,100.0,0.0,100.0,100.0,30,0,0
3207,13.0,0.16,50,4,10,10,0.0661470819806576,0.01084769722818892,0.053127797946344396,0.0853298694134033,100.0,0.0,100.0,100.0,30,0,0
3208,13.0,0.16,100,2,10,10,0.16297166119987,0.02857481882737934,0.12686577578875904,0.20666285611185842,100.0,0.0,100.0,100.0,30,0,0
3209,13.0,0.16,100,4,10,10,0.10060715540010226,0.01894162040884725,0.06738779016621117,0.13309186660586383,100.0,0.0,100.0,100.0,30,0,0
3210,13.0,0.16,150,2,10,10,0.2448737731090791,0.03857637411683026,0.1899243819969406,0.29772870397260354,100.0,0.0,100.0,100.0,30,0,0
3211,13.0,0.16,150,4,10,10,0.1420183537002338,0.020307031087540412,0.1052468599275938,0.1715690783215965,100.0,0.0,100.0,100.0,30,0,0
3212,13.0,0.16,200,2,10,10,0.34130701262636165,0.07198631498055258,0.2440681195560228,0.46704754968705514,87.33333333333334,19.80148391995152,53.333333333333336,100.0,30,0,0
3213,13.0,0.16,200,4,10,10,0.18468499185543769,0.02861804421978951,0.13262081219715116,0.22840664417392084,100.0,0.0,100.0,100.0,30,0,0
3214,13.0,0.16,250,2,10,10,0.5918133743940699,0.23843593796827475,0.3470882435158582,1.0751046969731328,85.88888888888889,19.123811456115472,53.333333333333336,100.0,30,0,0
3215,13.0,0.16,250,4,10,10,0.2283921420347576,0.039358951745139766,0.15865876669726345,0.28595195173859717,100.0,0.0,100.0,100.0,30,0,0
3216,13.0,0.17,0,2,10,10,0.040337216555179876,0.011294813343065457,0.027036877055196886,0.062294947692294454,100.0,0.0,100.0,100.0,30,0,0
3217,13.0,0.17,0,4,10,10,0.04971894290591985,0.015467261542075273,0.03363112756968587,0.08463634072023656,100.0,0.0,100.0,100.0,30,0,0
3218,13.0,0.17,50,2,10,10,0.09680297730505474,0.015548755006226114,0.07757409726766429,0.12032505926693011,100.0,0.0,100.0,100.0,30,0,0
3219,13.0,0.17,50,4,10,10,0.06987126172140094,0.011349307286125258,0.055758097612979396,0.08731362392706972,100.0,0.0,100.0,100.0,30,0,0
3220,13.0,0.17,100,2,10,10,0.18278785803434225,0.032392032501843034,0.14142271497330705,0.2341400889014104,100.0,0.0,100.0,100.0,30,0,0
3221,13.0,0.17,100,4,10,10,0.10553945271406484,0.018939417375098654,0.07590598321125246,0.137443780099579,100.0,0.0,100.0,100.0,30,0,0
3222,13.0,0.17,150,2,10,10,0.28788041858932245,0.06966456673033684,0.19958232679339893,0.43471679158590004,99.66666666666666,1.0540925533894587,96.66666666666667,100.0,30,0,0
3223,13.0,0.17,150,4,10,10,0.1507273854374769,0.020494918635537887,0.1139296218692255,0.1766938098690627,100.0,0.0,100.0,100.0,30,0,0
3224,13.0,0.17,200,2,10,10,0.38217680684930233,0.08048912058029556,0.26081602393368447,0.498833640727804,87.33333333333334,19.80148391995152,53.333333333333336,100.0,30,0,0
3225,13.0,0.17,200,4,10,10,0.19622067246393188,0.03180250433532323,0.13515604909005738,0.24168171871823718,100.0,0.0,100.0,100.0,30,0,0
3226,13.0,0.17,250,2,10,10,0.7270924666444059,0.31261376161320964,0.37244900268747116,1.219033958976145,85.88888888888889,18.355205807805962,56.666666666666664,100.0,30,0,0
3227,13.0,0.17,250,4,10,10,0.24031057674328177,0.04154388224520644,0.1681256896666852,0.31304190295054574,100.0,0.0,100.0,100.0,30,0,0
3228,13.0,0.18,0,2,10,10,0.04242677050207215,0.00822000378694186,0.03037777902851083,0.05605558471577782,100.0,0.0,100.0,100.0,30,0,0
3229,13.0,0.18,0,4,10,10,0.057763222827867076,0.016537674635446538,0.03894412688267174,0.09541694025114955,100.0,0.0,100.0,100.0,30,0,0
3230,13.0,0.18,50,2,10,10,0.10913294786191248,0.01615468642152216,0.08545093183000892,0.13312690481766934,100.0,0.0,100.0,100.0,30,0,0
3231,13.0,0.18,50,4,10,10,0.07489041957865614,0.011571436178268751,0.06021959588378911,0.0919066187727533,100.0,0.0,100.0,100.0,30,0,0
3232,13.0,0.18,100,2,10,10,0.20610449396272834,0.034333113573316615,0.15999098021684086,0.25748571742827636,100.0,0.0,100.0,100.0,30,0,0
3233,13.0,0.18,100,4,10,10,0.11891347598996467,0.01766579024303054,0.08462983710377597,0.14268473601894407,100.0,0.0,100.0,100.0,30,0,0
3234,13.0,0.18,150,2,10,10,0.3234532133445474,0.07224812635650164,0.210939246713872,0.45637867353048356,99.66666666666666,1.0540925533894587,96.66666666666667,100.0,30,0,0
3235,13.0,0.18,150,4,10,10,0.15939796359968378,0.022289296252215825,0.11433414244099732,0.18800935022176776,100.0,0.0,100.0,100.0,30,0,0
3236,13.0,0.18,200,2,10,10,0.5757514014993053,0.3066434413663326,0.2842663488855784,1.1836077985519902,87.33333333333334,19.80148391995152,53.333333333333336,100.0,30,0,0
3237,13.0,0.18,200,4,10,10,0.2080101724192665,0.03393957632947312,0.1459758707250448,0.25370586117974336,100.0,0.0,100.0,100.0,30,0,0
3238,13.0,0.18,250,2,10,10,0.7751395230134295,0.27840455426111416,0.42762749343822,1.2517698748734036,89.33333333333334,17.69424821101723,56.666666666666664,100.0,30,0,0
3239,13.0,0.18,250,4,10,10,0.25628303023657045,0.0439836558077714,0.17969379623352003,0.32665706498584185,100.0,0.0,100.0,100.0,30,0,0
3240,13.0,0.19,0,2,10,10,0.04764665882369792,0.016390524079826097,0.028745424715414053,0.0774515074375131,100.0,0.0,100.0,100.0,30,0,0
3241,13.0,0.19,0,4,10,10,0.06335959812149798,0.017931051532652606,0.0358548860095132,0.09481320101367559,100.0,0.0,100.0,100.0,30,0,0
3242,13.0,0.19,50,2,10,10,0.1201058925736507,0.022123585240444964,0.08775817096995114,0.15155341593692112,100.0,0.0,100.0,100.0,30,0,0
3243,13.0,0.19,50,4,10,10,0.08415799730549747,0.016302131512711825,0.06535136017427505,0.11610439384997724,100.0,0.0,100.0,100.0,30,0,0
3244,13.0,0.19,100,2,10,10,0.2290165220684603,0.037728261407419035,0.18183948161764793,0.2875506275048641,100.0,0.0,100.0,100.0,30,0,0
3245,13.0,0.19,100,4,10,10,0.12529698484713342,0.019390854364664423,0.0939835533726875,0.1493212194119047,100.0,0.0,100.0,100.0,30,0,0
3246,13.0,0.19,150,2,10,10,0.36429258716700164,0.07895413459589877,0.24485907466374343,0.4794621422163316,99.66666666666666,1.0540925533894587,96.66666666666667,100.0,30,0,0
3247,13.0,0.19,150,4,10,10,0.1721440246804296,0.02442893977138334,0.12166884297918612,0.20395580192274754,100.0,0.0,100.0,100.0,30,0,0
3248,13.0,0.19,200,2,10,10,0.6698038457099394,0.28306103379373054,0.38162857616380025,1.2100535693655166,86.33333333333334,19.33780280393692,53.333333333333336,100.0,30,0,0
3249,13.0,0.19,200,4,10,10,0.22360607863122745,0.03620947237053932,0.16173377888741494,0.2844336519599724,100.0,0.0,100.0,100.0,30,0,0
3250,13.0,0.19,250,2,10,10,0.8431962744689633,0.26760924716935547,0.4715219399942341,1.2673195241195783,89.22222222222223,17.623170307502644,56.666666666666664,100.0,30,0,0
3251,13.0,0.19,250,4,10,10,0.27326471014979814,0.04712192403936785,0.19207880838194627,0.34598850304317746,100.0,0.0,100.0,100.0,30,0,0
3252,13.0,0.2,0,2,10,10,0.05169775157250772,0.022674521016933215,0.03267529071454412,0.10053337791191397,100.0,0.0,100.0,100.0,30,0,0
3253,13.0,0.2,0,4,10,10,0.07973998252430928,0.028538971812284587,0.04263764802415554,0.14674387102132058,100.0,0.0,100.0,100.0,30,0,0
3254,13.0,0.2,50,2,10,10,0.13003453878508126,0.023061997408765765,0.10439251887087807,0.1646559949894317,100.0,0.0,100.0,100.0,30,0,0
3255,13.0,0.2,50,4,10,10,0.09352295172863068,0.01780148366102065,0.06751346652426655,0.12894113037646668,100.0,0.0,100.0,100.0,30,0,0
3256,13.0,0.2,100,2,10,10,0.2567243480130768,0.04251323404574577,0.19390472343069254,0.3204877066367373,100.0,0.0,100.0,100.0,30,0,0
3257,13.0,0.2,100,4,10,10,0.13385234757156725,0.019019812271769014,0.10140488138268056,0.1550502998702215,100.0,0.0,100.0,100.0,30,0,0
3258,13.0,0.2,150,2,10,10,0.4037362167605017,0.08158047688494094,0.2793733697721547,0.521716018433736,99.66666666666666,1.0540925533894587,96.66666666666667,100.0,30,0,0
3259,13.0,0.2,150,4,10,10,0.18622446725033368,0.02614775987723725,0.14122692089354957,0.22133885268651374,100.0,0.0,100.0,100.0,30,0,0
3260,13.0,0.2,200,2,10,10,0.716423505165437,0.279100473909454,0.4128680735429581,1.2633614926881822,86.33333333333334,19.33780280393692,53.333333333333336,100.0,30,0,0
3261,13.0,0.2,200,4,10,10,0.23740820181238717,0.037653502557406564,0.17172189579758687,0.2967540193412606,100.0,0.0,100.0,100.0,30,0,0
3262,13.0,0.2,250,2,10,10,0.9504505402168529,0.30731667574177146,0.512258408047495,1.4111238026467996,91.77777777777779,17.43653984627396,43.333333333333336,100.0,30,0,0
3263,13.0,0.2,250,4,10,10,0.29287511247822945,0.05069926043387281,0.20403532265206906,0.37910731011978377,100.0,0.0,100.0,100.0,30,0,0
3264,13.5,0.05,0,2,10,10,0.03041660161028865,0.003465523310612847,0.024787759569508436,0.03405225670857844,100.0,0.0,100.0,100.0,30,0,0
3265,13.5,0.05,0,4,10,10,0.03149989795311832,0.00448046305530687,0.025487974440243717,0.03882491846994598,100.0,0.0,100.0,100.0,30,0,0
3266,13.5,0.05,50,2,10,10,0.04190104045449869,0.0044701947111587806,0.03687983561251638,0.049636096272172296,100.0,0.0,100.0,100.0,30,0,0
3267,13.5,0.05,50,4,10,10,0.04462319208192896,0.005781501023645761,0.03362979939942412,0.053383971397499556,100.0,0.0,100.0,100.0,30,0,0
3268,13.5,0.05,100,2,10,10,0.06107779480230359,0.009196858969089195,0.04824872170892041,0.07486823338981557,100.0,0.0,100.0,100.0,30,0,0
3269,13.5,0.05,100,4,10,10,0.06306420177495876,0.013272865132627522,0.04384880264182872,0.08306447828076423,100.0,0.0,100.0,100.0,30,0,0
3270,13.5,0.05,150,2,10,10,0.08460623856420806,0.009752370228516025,0.06646619227429555,0.09575396210694821,100.0,0.0,100.0,100.0,30,0,0
3271,13.5,0.05,150,4,10,10,0.08582461708162825,0.014722614149427576,0.05991965431649191,0.10274257682654785,100.0,0.0,100.0,100.0,30,0,0
3272,13.5,0.05,200,2,10,10,0.10451891184497433,0.014641766115409315,0.08570640589322263,0.12406899206038768,100.0,0.0,100.0,100.0,30,0,0
3273,13.5,0.05,200,4,10,10,0.10936531661410591,0.017207740723046216,0.08253530050072937,0.13507852378496202,100.0,0.0,100.0,100.0,30,0,0
3274,13.5,0.05,250,2,10,10,0.12538254708997731,0.017444983424230787,0.1045325028234192,0.150732103030042,100.0,0.0,100.0,100.0,30,0,0
3275,13.5,0.05,250,4,10,10,0.1327682229023805,0.020861204258827194,0.10177400751082662,0.1653452817549858,100.0,0.0,100.0,100.0,30,0,0
3276,13.5,0.06,0,2,10,10,0.03234226006031515,0.00570274729425276,0.023646296325746174,0.04114509085997572,100.0,0.0,100.0,100.0,30,0,0
3277,13.5,0.06,0,4,10,10,0.0322838133816145,0.005363168798462417,0.025671306540714842,0.04245024997353675,100.0,0.0,100.0,100.0,30,0,0
3278,13.5,0.06,50,2,10,10,0.0438403771111283,0.005309269314059692,0.03295495903455689,0.04983696910600067,100.0,0.0,100.0,100.0,30,0,0
3279,13.5,0.06,50,4,10,10,0.04552563491622091,0.007443746063423358,0.02815741872398583,0.05398466258747636,100.0,0.0,100.0,100.0,30,0,0
3280,13.5,0.06,100,2,10,10,0.06438854943490298,0.007504759249749112,0.05034090068496919,0.0756127605380053,100.0,0.0,100.0,100.0,30,0,0
3281,13.5,0.06,100,4,10,10,0.06430895493188113,0.01171654894246969,0.04056218225634437,0.07802853904105907,100.0,0.0,100.0,100.0,30,0,0
3282,13.5,0.06,150,2,10,10,0.08982719474201198,0.011614863489461683,0.07542045268942747,0.11155047052651013,100.0,0.0,100.0,100.0,30,0,0
3283,13.5,0.06,150,4,10,10,0.08951165768781406,0.01779748414866323,0.05875578800845771,0.1160232677310557,100.0,0.0,100.0,100.0,30,0,0
3284,13.5,0.06,200,2,10,10,0.11001901519106842,0.014580179687580309,0.08800424193348207,0.13178419331544933,100.0,0.0,100.0,100.0,30,0,0
3285,13.5,0.06,200,4,10,10,0.11644719913934216,0.019518163559489335,0.08142271226325944,0.1444072759877766,100.0,0.0,100.0,100.0,30,0,0
3286,13.5,0.06,250,2,10,10,0.14055331786478625,0.019434638677806836,0.11149146921427622,0.16219701621781682,100.0,0.0,100.0,100.0,30,0,0
3287,13.5,0.06,250,4,10,10,0.1392504753815406,0.0275170751888034,0.09703597369469498,0.18375511399684222,100.0,0.0,100.0,100.0,30,0,0
3288,13.5,0.07,0,2,10,10,0.03416623495437296,0.004262735947044256,0.027522262776267892,0.040369431883138,100.0,0.0,100.0,100.0,30,0,0
3289,13.5,0.07,0,4,10,10,0.032644059987344036,0.0041769505686196935,0.02529409620696021,0.03916098590620809,100.0,0.0,100.0,100.0,30,0,0
3290,13.5,0.07,50,2,10,10,0.04666146941973796,0.006167369599115042,0.035919556749599214,0.054324283709587716,100.0,0.0,100.0,100.0,30,0,0
3291,13.5,0.07,50,4,10,10,0.045445013651987456,0.007295311453024499,0.03333382148829941,0.05764066473113427,100.0,0.0,100.0,100.0,30,0,0
3292,13.5,0.07,100,2,10,10,0.0723107055562492,0.010197187056244734,0.05865541814563912,0.09036471790542762,100.0,0.0,100.0,100.0,30,0,0
3293,13.5,0.07,100,4,10,10,0.06943948456783153,0.012686871191390394,0.0512129944726317,0.08332999004065306,100.0,0.0,100.0,100.0,30,0,0
3294,13.5,0.07,150,2,10,10,0.09595426634797269,0.013326437291057616,0.07431955543309728,0.11630004827414149,100.0,0.0,100.0,100.0,30,0,0
3295,13.5,0.07,150,4,10,10,0.09365481187080198,0.01836693890724564,0.05895942710663606,0.11455225522562563,100.0,0.0,100.0,100.0,30,0,0
3296,13.5,0.07,200,2,10,10,0.12316460273008958,0.018929060689099116,0.09482935818495801,0.15239625833607984,100.0,0.0,100.0,100.0,30,0,0
3297,13.5,0.07,200,4,10,10,0.11884314583998554,0.02189762993774858,0.07966284368057511,0.15405466455999886,100.0,0.0,100.0,100.0,30,0,0
3298,13.5,0.07,250,2,10,10,0.1491048944950472,0.016147363012355306,0.12690777025600655,0.17827250075643875,100.0,0.0,100.0,100.0,30,0,0
3299,13.5,0.07,250,4,10,10,0.14447696558495995,0.02773508021456378,0.10080052706790772,0.18351256130371438,100.0,0.0,100.0,100.0,30,0,0
3300,13.5,0.08,0,2,10,10,0.03373452639119144,0.005307480376528754,0.026075060801234895,0.040493715172387694,100.0,0.0,100.0,100.0,30,0,0
3301,13.5,0.08,0,4,10,10,0.032721421327391254,0.004450711864614939,0.02518848539474922,0.04033792943961951,100.0,0.0,100.0,100.0,30,0,0
3302,13.5,0.08,50,2,10,10,0.047432196132000094,0.005856337597496939,0.040036464565846745,0.05715361903402996,100.0,0.0,100.0,100.0,30,0,0
3303,13.5,0.08,50,4,10,10,0.050583125766195704,0.0076583880202117,0.036445420649134044,0.061710393659622186,100.0,0.0,100.0,100.0,30,0,0
3304,13.5,0.08,100,2,10,10,0.07595522221363313,0.010566822828290814,0.058149653912796063,0.09492849535374448,100.0,0.0,100.0,100.0,30,0,0
3305,13.5,0.08,100,4,10,10,0.07247599239666151,0.013972382958475612,0.0484062669933161,0.09026825782760954,100.0,0.0,100.0,100.0,30,0,0
3306,13.5,0.08,150,2,10,10,0.10446098582622573,0.01497503568103513,0.08615530379992105,0.12638686787208478,100.0,0.0,100.0,100.0,30,0,0
3307,13.5,0.08,150,4,10,10,0.09991716764920602,0.019819601863622083,0.06211385054011439,0.1243209802493966,100.0,0.0,100.0,100.0,30,0,0
3308,13.5,0.08,200,2,10,10,0.13392451814089595,0.017022039145905426,0.11391354977871478,0.16387998899382375,100.0,0.0,100.0,100.0,30,0,0
3309,13.5,0.08,200,4,10,10,0.12794668653482533,0.023627043591918476,0.08020725978280707,0.16172671101600308,100.0,0.0,100.0,100.0,30,0,0
3310,13.5,0.08,250,2,10,10,0.16391908642316821,0.021196256337961343,0.13664912533510654,0.19351589721413945,100.0,0.0,100.0,100.0,30,0,0
3311,13.5,0.08,250,4,10,10,0.15475106496533725,0.025936346405341374,0.10822888865768343,0.1934134593444874,100.0,0.0,100.0,100.0,30,0,0
3312,13.5,0.09,0,2,10,10,0.034159408982491736,0.006312595869997566,0.023215139215825464,0.0445468148381575,100.0,0.0,100.0,100.0,30,0,0
3313,13.5,0.09,0,4,10,10,0.033111711506707185,0.002158237487997343,0.029739905403521644,0.03620639954488236,100.0,0.0,100.0,100.0,30,0,0
3314,13.5,0.09,50,2,10,10,0.050430691009768644,0.007559938096550514,0.034807981067295234,0.05871549642872331,100.0,0.0,100.0,100.0,30,0,0
3315,13.5,0.09,50,4,10,10,0.050277505699513704,0.010658590781438977,0.028872107432321673,0.06310718131139315,100.0,0.0,100.0,100.0,30,0,0
3316,13.5,0.09,100,2,10,10,0.08189949790030504,0.010402498487611413,0.06504539968637674,0.0975728478932324,100.0,0.0,100.0,100.0,30,0,0
3317,13.5,0.09,100,4,10,10,0.07716851447000635,0.013462535831102188,0.05706938515567191,0.09604792687466766,100.0,0.0,100.0,100.0,30,0,0
3318,13.5,0.09,150,2,10,10,0.11195388940944069,0.017186130592124448,0.08606331284402874,0.14138173997356737,100.0,0.0,100.0,100.0,30,0,0
3319,13.5,0.09,150,4,10,10,0.10534393504052626,0.021747239784975055,0.06767561280509236,0.13407445296649678,100.0,0.0,100.0,100.0,30,0,0
3320,13.5,0.09,200,2,10,10,0.14940608812884495,0.01681021627949828,0.12364912468899653,0.17957266989703688,100.0,0.0,100.0,100.0,30,0,0
3321,13.5,0.09,200,4,10,10,0.13456039222443827,0.025288497811240627,0.08821812134777361,0.16656822968897442,100.0,0.0,100.0,100.0,30,0,0
3322,13.5,0.09,250,2,10,10,0.18082052727548195,0.023354041230963782,0.15254498412560244,0.22089076951228923,100.0,0.0,100.0,100.0,30,0,0
3323,13.5,0.09,250,4,10,10,0.16153897952719565,0.02826785244392692,0.11491771500976533,0.20273174066462,100.0,0.0,100.0,100.0,30,0,0
3324,13.5,0.1,0,2,10,10,0.03205952829946708,0.0060297134273169396,0.023093235858568817,0.04310949604448885,100.0,0.0,100.0,100.0,30,0,0
3325,13.5,0.1,0,4,10,10,0.03608342914591275,0.00583902903360917,0.028946273146372863,0.044520772232676996,100.0,0.0,100.0,100.0,30,0,0
3326,13.5,0.1,50,2,10,10,0.05224642672676386,0.007836279395361112,0.034670239257318734,0.05926088366330464,100.0,0.0,100.0,100.0,30,0,0
3327,13.5,0.1,50,4,10,10,0.048611805898814385,0.008976153556209964,0.03350315277303235,0.058143873076527686,100.0,0.0,100.0,100.0,30,0,0
3328,13.5,0.1,100,2,10,10,0.08914584313106638,0.011327650307728603,0.070034990710372,0.10998863917667717,100.0,0.0,100.0,100.0,30,0,0
3329,13.5,0.1,100,4,10,10,0.07919627710136617,0.014032806135612844,0.05673006279448887,0.09735660962117389,100.0,0.0,100.0,100.0,30,0,0
3330,13.5,0.1,150,2,10,10,0.12805257726462702,0.01587757874667427,0.10509523485311695,0.15304713509026405,100.0,0.0,100.0,100.0,30,0,0
3331,13.5,0.1,150,4,10,10,0.10882939428444216,0.021207671065073718,0.07578009074871016,0.1379714548398682,100.0,0.0,100.0,100.0,30,0,0
3332,13.5,0.1,200,2,10,10,0.16504020134147737,0.01611314028164109,0.14436221681618544,0.1953858333134463,100.0,0.0,100.0,100.0,30,0,0
3333,13.5,0.1,200,4,10,10,0.14074624180339473,0.026351124244370545,0.09718107878983706,0.17963695893149204,100.0,0.0,100.0,100.0,30,0,0
3334,13.5,0.1,250,2,10,10,0.21821481415536853,0.05773795705641209,0.1709059611636876,0.3649847932409906,95.33333333333334,14.75729574745244,53.333333333333336,100.0,30,0,0
3335,13.5,0.1,250,4,10,10,0.17140651792514802,0.03355566254622467,0.11568756694835132,0.22809448416123498,100.0,0.0,100.0,100.0,30,0,0
3336,13.5,0.11,0,2,10,10,0.03269578673878389,0.006302365126770552,0.02171400259179385,0.04467101777306454,100.0,0.0,100.0,100.0,30,0,0
3337,13.5,0.11,0,4,10,10,0.03235939789228591,0.003443040793809516,0.0260044425639738,0.03772814456475004,100.0,0.0,100.0,100.0,30,0,0
3338,13.5,0.11,50,2,10,10,0.059434485150127225,0.01155439605487531,0.04318984085089314,0.0839224623770551,100.0,0.0,100.0,100.0,30,0,0
3339,13.5,0.11,50,4,10,10,0.05066430671023958,0.009668427543795955,0.03463010491517544,0.06486305230871638,100.0,0.0,100.0,100.0,30,0,0
3340,13.5,0.11,100,2,10,10,0.10240610951730231,0.011720668679945865,0.08176491513215813,0.11710373660658414,100.0,0.0,100.0,100.0,30,0,0
3341,13.5,0.11,100,4,10,10,0.08315235483290949,0.013841772287111715,0.06014853957246652,0.10242443285994023,100.0,0.0,100.0,100.0,30,0,0
3342,13.5,0.11,150,2,10,10,0.14233602268984205,0.01660782244400898,0.12106881476632718,0.16840605467205128,100.0,0.0,100.0,100.0,30,0,0
3343,13.5,0.11,150,4,10,10,0.11360430641708397,0.02072706959815529,0.0763321711140098,0.1394691505095695,100.0,0.0,100.0,100.0,30,0,0
3344,13.5,0.11,200,2,10,10,0.18599745608514556,0.02206174051094341,0.16057428292168086,0.22510566851118133,100.0,0.0,100.0,100.0,30,0,0
3345,13.5,0.11,200,4,10,10,0.14743553667853956,0.027139498898955873,0.09698157358328764,0.18305039314470753,100.0,0.0,100.0,100.0,30,0,0
3346,13.5,0.11,250,2,10,10,0.27796857226115723,0.15923923586222155,0.19680591060995004,0.7246846517477596,95.33333333333334,14.75729574745244,53.333333333333336,100.0,30,0,0
3347,13.5,0.11,250,4,10,10,0.18032917150486236,0.03438308111096488,0.12150491302054066,0.23885912308212806,100.0,0.0,100.0,100.0,30,0,0
3348,13.5,0.12,0,2,10,10,0.031742497015767354,0.005928158487749226,0.021794273841791282,0.04196474805369252,100.0,0.0,100.0,100.0,30,0,0
3349,13.5,0.12,0,4,10,10,0.03514829939768425,0.006064956518756688,0.024467769532265968,0.043634416079396894,100.0,0.0,100.0,100.0,30,0,0
3350,13.5,0.12,50,2,10,10,0.06559131823408104,0.008092276389762449,0.054211146842735536,0.07832999168175842,100.0,0.0,100.0,100.0,30,0,0
3351,13.5,0.12,50,4,10,10,0.055372299315852004,0.008533751931130734,0.03788661875021343,0.06493900085646771,100.0,0.0,100.0,100.0,30,0,0
3352,13.5,0.12,100,2,10,10,0.11157915120860247,0.016014246252874918,0.08679756472947815,0.13433571017055065,100.0,0.0,100.0,100.0,30,0,0
3353,13.5,0.12,100,4,10,10,0.0850736517249954,0.015570882550585145,0.05512945183094303,0.10246019932676766,100.0,0.0,100.0,100.0,30,0,0
3354,13.5,0.12,150,2,10,10,0.16279478436830233,0.019446783891118216,0.13820518571859824,0.19426549205295765,100.0,0.0,100.0,100.0,30,0,0
3355,13.5,0.12,150,4,10,10,0.1176282089195726,0.020240408650942024,0.07733098345585193,0.14210752037562163,100.0,0.0,100.0,100.0,30,0,0
3356,13.5,0.12,200,2,10,10,0.20720667464806689,0.026218558654368413,0.18181950120461768,0.2551280815658345,100.0,0.0,100.0,100.0,30,0,0
3357,13.5,0.12,200,4,10,10,0.15376591504822187,0.030058190837396925,0.10662694007563384,0.2028453814472799,100.0,0.0,100.0,100.0,30,0,0
3358,13.5,0.12,250,2,10,10,0.30573565931718727,0.15557518297598266,0.21657664246564026,0.7360628523451686,95.33333333333334,14.75729574745244,53.333333333333336,100.0,30,0,0
3359,13.5,0.12,250,4,10,10,0.18947020072453707,0.035102801458383855,0.1319986358921019,0.24475043458103837,100.0,0.0,100.0,100.0,30,0,0
3360,13.5,0.13,0,2,10,10,0.03550199607847691,0.005921156741829815,0.02802323159250215,0.043396353248612386,100.0,0.0,100.0,100.0,30,0,0
3361,13.5,0.13,0,4,10,10,0.034251071077188305,0.005907501688215782,0.02749743974511536,0.04780915966732636,100.0,0.0,100.0,100.0,30,0,0
3362,13.5,0.13,50,2,10,10,0.07365157909696052,0.010988017970431977,0.04960937865196554,0.08789549828939373,100.0,0.0,100.0,100.0,30,0,0
3363,13.5,0.13,50,4,10,10,0.05681857168464728,0.011975088606066477,0.03699017653272108,0.07115575897614095,100.0,0.0,100.0,100.0,30,0,0
3364,13.5,0.13,100,2,10,10,0.1271746156426862,0.01605104767189572,0.10759623799704836,0.1503826253101519,100.0,0.0,100.0,100.0,30,0,0
3365,13.5,0.13,100,4,10,10,0.08945497811582444,0.01812786509740266,0.05989079356945968,0.1126696198469861,100.0,0.0,100.0,100.0,30,0,0
3366,13.5,0.13,150,2,10,10,0.18410818974771162,0.023394083957197505,0.1536901819039417,0.22334592342216697,100.0,0.0,100.0,100.0,30,0,0
3367,13.5,0.13,150,4,10,10,0.12492281758788996,0.024505366890850526,0.08105208657302969,0.15987562046055434,100.0,0.0,100.0,100.0,30,0,0
3368,13.5,0.13,200,2,10,10,0.2361988475160345,0.030047996082932574,0.2023430112805739,0.287335444083111,100.0,0.0,100.0,100.0,30,0,0
3369,13.5,0.13,200,4,10,10,0.16080281692273818,0.02822398421209944,0.11736355708059654,0.19934502140688667,100.0,0.0,100.0,100.0,30,0,0
3370,13.5,0.13,250,2,10,10,0.3745688735162552,0.19150783634760027,0.24949754960674234,0.7345425158426986,95.33333333333334,14.75729574745244,53.333333333333336,100.0,30,0,0
3371,13.5,0.13,250,4,10,10,0.19887423555122677,0.0375245576865648,0.13716301599143324,0.2628298130002547,100.0,0.0,100.0,100.0,30,0,0
3372,13.5,0.14,0,2,10,10,0.03532532947614703,0.010689784823326814,0.018870543062933044,0.05136834734454684,100.0,0.0,100.0,100.0,30,0,0
3373,13.5,0.14,0,4,10,10,0.036649262191900456,0.007130444333133811,0.02892713126178338,0.053627375283392086,100.0,0.0,100.0,100.0,30,0,0
3374,13.5,0.14,50,2,10,10,0.08335025060290885,0.009720692772810033,0.06462474663165864,0.09872826661969991,100.0,0.0,100.0,100.0,30,0,0
3375,13.5,0.14,50,4,10,10,0.062305546730322195,0.013059049836196334,0.03802132468204485,0.08272292742452209,100.0,0.0,100.0,100.0,30,0,0
3376,13.5,0.14,100,2,10,10,0.14477551099997055,0.016685577011037345,0.11689914051466876,0.17060777659308615,100.0,0.0,100.0,100.0,30,0,0
3377,13.5,0.14,100,4,10,10,0.09227450791337805,0.01681161898822696,0.06464079522608217,0.11571183103751297,100.0,0.0,100.0,100.0,30,0,0
3378,13.5,0.14,150,2,10,10,0.2059346779083439,0.023623875980292645,0.17509809970334142,0.2453425441672282,100.0,0.0,100.0,100.0,30,0,0
3379,13.5,0.14,150,4,10,10,0.1351285204314774,0.02555328383244321,0.09300907951146535,0.17110211512809245,100.0,0.0,100.0,100.0,30,0,0
3380,13.5,0.14,200,2,10,10,0.3015706713704177,0.09882830860591686,0.22967457159631635,0.5654790722615896,95.33333333333334,14.75729574745244,53.333333333333336,100.0,30,0,0
3381,13.5,0.14,200,4,10,10,0.1732363594980526,0.03231200733272482,0.12483658469754566,0.2211263742693205,100.0,0.0,100.0,100.0,30,0,0
3382,13.5,0.14,250,2,10,10,0.4746934215780101,0.25662047035377217,0.2782690866064477,0.934564787961467,93.26436781609195,15.463764813130037,53.333333333333336,100.0,30,0,0
3383,13.5,0.14,250,4,10,10,0.20929948961969544,0.037226072740251394,0.15654335445283998,0.2743041270738022,100.0,0.0,100.0,100.0,30,0,0
3384,13.5,0.15,0,2,10,10,0.03519740777982006,0.008106633599200698,0.02375785125538317,0.049281895983875286,100.0,0.0,100.0,100.0,30,0,0
3385,13.5,0.15,0,4,10,10,0.038819442087795475,0.01446337995386089,0.02698003804972902,0.06488665906086992,100.0,0.0,100.0,100.0,30,0,0
3386,13.5,0.15,50,2,10,10,0.08771264352394902,0.012488440786163929,0.06075515430395165,0.10080779762896364,100.0,0.0,100.0,100.0,30,0,0
3387,13.5,0.15,50,4,10,10,0.06485610489097617,0.012575493783828865,0.03948849081081144,0.07987461050359408,100.0,0.0,100.0,100.0,30,0,0
3388,13.5,0.15,100,2,10,10,0.16122707151243212,0.022733618331180063,0.12682833613228636,0.19482279578139097,100.0,0.0,100.0,100.0,30,0,0
3389,13.5,0.15,100,4,10,10,0.10135879747880894,0.021095020223978776,0.07041569945192697,0.1315218782962926,100.0,0.0,100.0,100.0,30,0,0
3390,13.5,0.15,150,2,10,10,0.23434851442032584,0.029193813020229612,0.19727886348656662,0.28587856000433004,100.0,0.0,100.0,100.0,30,0,0
3391,13.5,0.15,150,4,10,10,0.14122026160745244,0.027139938198206745,0.09640722827141433,0.17905872409740076,100.0,0.0,100.0,100.0,30,0,0
3392,13.5,0.15,200,2,10,10,0.3533967830840963,0.14380878203386624,0.25554731382471724,0.7442452948998612,95.33333333333334,14.75729574745244,53.333333333333336,100.0,30,0,0
3393,13.5,0.15,200,4,10,10,0.18068882349525725,0.033952619392197764,0.12955755459408827,0.23403261058992886,100.0,0.0,100.0,100.0,30,0,0
3394,13.5,0.15,250,2,10,10,0.5578992165478199,0.3446660406445885,0.31219806326353233,1.3022586356215375,92.91954022988506,15.843289455164228,53.333333333333336,100.0,30,0,0
3395,13.5,0.15,250,4,10,10,0.22334248031871443,0.042486291557044684,0.15891267167331644,0.30086365363625117,100.0,0.0,100.0,100.0,30,0,0
3396,13.5,0.16,0,2,10,10,0.038893224858580266,0.012437982216210716,0.026135264320697627,0.06097592685065501,100.0,0.0,100.0,100.0,30,0,0
3397,13.5,0.16,0,4,10,10,0.043477117440220744,0.0161357740818441,0.026058956926244797,0.07384381761339252,100.0,0.0,100.0,100.0,30,0,0
3398,13.5,0.16,50,2,10,10,0.09847208018382997,0.01277547560954745,0.07866257176352541,0.11478341335798399,100.0,0.0,100.0,100.0,30,0,0
3399,13.5,0.16,50,4,10,10,0.06985958587622115,0.016480889366569468,0.04494619809004095,0.0913556886351365,100.0,0.0,100.0,100.0,30,0,0
3400,13.5,0.16,100,2,10,10,0.18518401045584248,0.02145577894929661,0.15249509376339151,0.21310154638207882,100.0,0.0,100.0,100.0,30,0,0
3401,13.5,0.16,100,4,10,10,0.1084285366611506,0.02333528096331746,0.07450801007114104,0.13933898460374108,100.0,0.0,100.0,100.0,30,0,0
3402,13.5,0.16,150,2,10,10,0.26677313882412584,0.037646558844133184,0.22305425990272995,0.3294691717921483,100.0,0.0,100.0,100.0,30,0,0
3403,13.5,0.16,150,4,10,10,0.15100190902412833,0.028295483328740205,0.10843730886058404,0.19005230090799471,100.0,0.0,100.0,100.0,30,0,0
3404,13.5,0.16,200,2,10,10,0.42708608934106235,0.18467443545644213,0.2883127583844038,0.7789762145090707,95.33333333333334,14.75729574745244,53.333333333333336,100.0,30,0,0
3405,13.5,0.16,200,4,10,10,0.19411169825795227,0.03417696897513418,0.1415787998946202,0.24738891798602555,100.0,0.0,100.0,100.0,30,0,0
3406,13.5,0.16,250,2,10,10,0.611797049605479,0.317091938163997,0.35516548669517095,1.2867023570656169,95.53256704980842,14.127263416690921,55.32567049808429,100.0,30,0,0
3407,13.5,0.16,250,4,10,10,0.23880736104703876,0.0446490682061341,0.17401651934691362,0.3112940619757283,100.0,0.0,100.0,100.0,30,0,0
3408,13.5,0.17,0,2,10,10,0.0432246704069921,0.017173242283209586,0.023452852413921265,0.0746091331790291,100.0,0.0,100.0,100.0,30,0,0
3409,13.5,0.17,0,4,10,10,0.047729060830620326,0.013740588397316232,0.03292218480132433,0.07655379699195301,100.0,0.0,100.0,100.0,30,0,0
3410,13.5,0.17,50,2,10,10,0.11264192373705098,0.01708897602530063,0.07913611081769134,0.13759339851548616,100.0,0.0,100.0,100.0,30,0,0
3411,13.5,0.17,50,4,10,10,0.07394127129753546,0.02053480562963643,0.04416924323006292,0.10685364385230943,100.0,0.0,100.0,100.0,30,0,0
3412,13.5,0.17,100,2,10,10,0.2070648891898156,0.02541424634040607,0.1693197658248982,0.24683754533695834,100.0,0.0,100.0,100.0,30,0,0
3413,13.5,0.17,100,4,10,10,0.11811857735048874,0.025471913795411142,0.07732382071001805,0.14648086193055213,100.0,0.0,100.0,100.0,30,0,0
3414,13.5,0.17,150,2,10,10,0.30021665742169384,0.044778679545108425,0.24327949612124689,0.3698667157405438,100.0,0.0,100.0,100.0,30,0,0
3415,13.5,0.17,150,4,10,10,0.1614315365081631,0.029176461516649176,0.11492023379070627,0.20212013197348652,100.0,0.0,100.0,100.0,30,0,0
3416,13.5,0.17,200,2,10,10,0.48605592910639733,0.221253268459692,0.31567717505208015,0.9842924390485832,95.33333333333334,14.75729574745244,53.333333333333336,100.0,30,0,0
3417,13.5,0.17,200,4,10,10,0.21124536033616698,0.03714466235651799,0.15339391049336593,0.2618297290751883,100.0,0.0,100.0,100.0,30,0,0
3418,13.5,0.17,250,2,10,10,0.6743670401452185,0.30978042201495615,0.3885334559377984,1.3127338023416866,94.22222222222223,17.883942265241803,43.333333333333336,100.0,30,0,0
3419,13.5,0.17,250,4,10,10,0.2534115059349943,0.04729898118871737,0.1833423467809898,0.3336836357217529,100.0,0.0,100.0,100.0,30,0,0
3420,13.5,0.18,0,2,10,10,0.04554537884883876,0.023295575006427652,0.02573825768796828,0.0837020873431854,100.0,0.0,100.0,100.0,30,0,0
3421,13.5,0.18,0,4,10,10,0.056072274443489147,0.02292996328936291,0.036985307199125884,0.10536123663293205,100.0,0.0,100.0,100.0,30,0,0
3422,13.5,0.18,50,2,10,10,0.12651631926362672,0.014887127686919074,0.09866608688737384,0.1487286843897682,100.0,0.0,100.0,100.0,30,0,0
3423,13.5,0.18,50,4,10,10,0.08236167885193472,0.021144467553970883,0.04648070776058164,0.11459026697853264,100.0,0.0,100.0,100.0,30,0,0
3424,13.5,0.18,100,2,10,10,0.2315826827724156,0.027270293893703827,0.18997543592248878,0.27576262895165515,100.0,0.0,100.0,100.0,30,0,0
3425,13.5,0.18,100,4,10,10,0.1278652112837773,0.025693618688048155,0.08616525983383545,0.15572771906920166,100.0,0.0,100.0,100.0,30,0,0
3426,13.5,0.18,150,2,10,10,0.341224579190318,0.05337496115668812,0.27690005971126225,0.42972486041047614,100.0,0.0,100.0,100.0,30,0,0
3427,13.5,0.18,150,4,10,10,0.17121934696041344,0.030121140186407075,0.12672728383290296,0.20984278602897258,100.0,0.0,100.0,100.0,30,0,0
3428,13.5,0.18,200,2,10,10,0.5400616558484799,0.21317209925641806,0.3578365477604697,1.020280955292652,95.33333333333334,14.75729574745244,53.333333333333336,100.0,30,0,0
3429,13.5,0.18,200,4,10,10,0.22105191240629612,0.04126373149089121,0.16165686974213475,0.2823852183737057,100.0,0.0,100.0,100.0,30,0,0
3430,13.5,0.18,250,2,10,10,0.8119329284493318,0.32300539802319145,0.4375542356538085,1.4540660785027952,94.22222222222223,17.883942265241803,43.333333333333336,100.0,30,0,0
3431,13.5,0.18,250,4,10,10,0.2702521603138898,0.051409613197000964,0.2016520184268692,0.3568715441266945,100.0,0.0,100.0,100.0,30,0,0
3432,13.5,0.19,0,2,10,10,0.043534527260754075,0.019729437044868438,0.023135531516840304,0.0826210050592676,100.0,0.0,100.0,100.0,30,0,0
3433,13.5,0.19,0,4,10,10,0.06348411850865811,0.023652458758671786,0.03797538326371195,0.10867469894747761,100.0,0.0,100.0,100.0,30,0,0
3434,13.5,0.19,50,2,10,10,0.13964649330448714,0.021274112387739807,0.10324756114621943,0.1719316244004381,100.0,0.0,100.0,100.0,30,0,0
3435,13.5,0.19,50,4,10,10,0.09278505554682641,0.02676982166483661,0.04754483949378523,0.13647738544279664,100.0,0.0,100.0,100.0,30,0,0
3436,13.5,0.19,100,2,10,10,0.2613789808635735,0.03206229271040936,0.21495049695008694,0.3090636901657269,100.0,0.0,100.0,100.0,30,0,0
3437,13.5,0.19,100,4,10,10,0.1373642565523572,0.027638386328362154,0.09246011281432069,0.16512191399367038,100.0,0.0,100.0,100.0,30,0,0
3438,13.5,0.19,150,2,10,10,0.3862431206131946,0.058159909241349395,0.31190883051431717,0.4741306659381226,100.0,0.0,100.0,100.0,30,0,0
3439,13.5,0.19,150,4,10,10,0.18695522392514946,0.033576293896377,0.13918780480329987,0.2277328811649849,100.0,0.0,100.0,100.0,30,0,0
3440,13.5,0.19,200,2,10,10,0.6417314156296184,0.25954309201791065,0.3955418662976071,1.0734681376186062,93.95402298850574,14.916393294617718,53.333333333333336,100.0,30,0,0
3441,13.5,0.19,200,4,10,10,0.2380687917336964,0.04109346033127785,0.17946803154276716,0.29488336085635103,100.0,0.0,100.0,100.0,30,0,0
3442,13.5,0.19,250,2,10,10,0.9193658775986799,0.37821035151182786,0.4753163022273581,1.5713153123469084,93.22222222222223,16.130894622334882,48.88888888888889,100.0,30,0,0
3443,13.5,0.19,250,4,10,10,0.289508603217225,0.05411846065252961,0.2184966292713966,0.3821774691276843,100.0,0.0,100.0,100.0,30,0,0
3444,13.5,0.2,0,2,10,10,0.04978594714253343,0.02495186016597283,0.030326054170279837,0.10408181593638821,100.0,0.0,100.0,100.0,30,0,0
3445,13.5,0.2,0,4,10,10,0.0780019910813752,0.030621465103239567,0.043684298674617816,0.1415742047418407,100.0,0.0,100.0,100.0,30,0,0
3446,13.5,0.2,50,2,10,10,0.15535207749436988,0.023136463837988185,0.1191353872355469,0.18954725407136844,100.0,0.0,100.0,100.0,30,0,0
3447,13.5,0.2,50,4,10,10,0.10756539479361957,0.030147536385309228,0.05528036464412175,0.15994760461464935,100.0,0.0,100.0,100.0,30,0,0
3448,13.5,0.2,100,2,10,10,0.2922675026881802,0.037171672474299616,0.2367715094632099,0.34779659164349547,100.0,0.0,100.0,100.0,30,0,0
3449,13.5,0.2,100,4,10,10,0.14958030560146174,0.028301063865158464,0.09535973482310627,0.182812988947575,100.0,0.0,100.0,100.0,30,0,0
3450,13.5,0.2,150,2,10,10,0.43590824454657656,0.07673262975532526,0.33878207343386274,0.5556833838474855,95.33333333333334,14.75729574745244,53.333333333333336,100.0,30,0,0
3451,13.5,0.2,150,4,10,10,0.20303500180158354,0.03561371589913922,0.15203466595036932,0.24643836275782402,100.0,0.0,100.0,100.0,30,0,0
3452,13.5,0.2,200,2,10,10,0.725424280774105,0.3224185359687098,0.4439907720865697,1.4147934348185818,92.57471264367817,16.287103505799394,53.333333333333336,100.0,30,0,0
3453,13.5,0.2,200,4,10,10,0.2576403164450242,0.04309497778151672,0.19408336010506133,0.3219383129891504,100.0,0.0,100.0,100.0,30,0,0
3454,13.5,0.2,250,2,10,10,1.0134624608579306,0.3877033438593216,0.5244408126024845,1.702588873099396,94.55555555555556,11.693971574850679,62.22222222222222,100.0,30,0,0
3455,13.5,0.2,250,4,10,10,0.31051178066711266,0.05604533152662652,0.23837244469309196,0.40425162168785245,100.0,0.0,100.0,100.0,30,0,0
3456,14.0,0.05,0,2,10,10,0.03257131255146437,0.004563019324113836,0.02554729635919185,0.03855056997783787,100.0,0.0,100.0,100.0,30,0,0
3457,14.0,0.05,0,4,10,10,0.03223899669082893,0.004648191194417711,0.025088027564655186,0.039395155091453866,100.0,0.0,100.0,100.0,30,0,0
3458,14.0,0.05,50,2,10,10,0.04659888340259637,0.00952387631754664,0.030648511705812804,0.06151924726695283,100.0,0.0,100.0,100.0,30,0,0
3459,14.0,0.05,50,4,10,10,0.04634802680854229,0.007504638280985059,0.03703332292085971,0.05612421038566585,100.0,0.0,100.0,100.0,30,0,0
3460,14.0,0.05,100,2,10,10,0.06316435642941212,0.01073751330686869,0.05145752686980406,0.08919410791747799,100.0,0.0,100.0,100.0,30,0,0
3461,14.0,0.05,100,4,10,10,0.0676020443834926,0.017533007607636413,0.03772893041040126,0.09621885790023565,100.0,0.0,100.0,100.0,30,0,0
3462,14.0,0.05,150,2,10,10,0.0903879319020123,0.02049550562631837,0.05521720984129419,0.134627612787924,100.0,0.0,100.0,100.0,30,0,0
3463,14.0,0.05,150,4,10,10,0.0889410036597873,0.02278517377973389,0.05364348474047994,0.13704732039025094,100.0,0.0,100.0,100.0,30,0,0
3464,14.0,0.05,200,2,10,10,0.11232304784862006,0.02643957150831768,0.06984575621660899,0.16902947057051879,100.0,0.0,100.0,100.0,30,0,0
3465,14.0,0.05,200,4,10,10,0.11651656325564878,0.02866579302604162,0.06567716642231693,0.16967563831271978,100.0,0.0,100.0,100.0,30,0,0
3466,14.0,0.05,250,2,10,10,0.13753654354137496,0.035108946746522506,0.0829940068356705,0.20838935867366873,100.0,0.0,100.0,100.0,30,0,0
3467,14.0,0.05,250,4,10,10,0.13618397073135402,0.03554540292864234,0.07888060708651284,0.20541591216809796,100.0,0.0,100.0,100.0,30,0,0
3468,14.0,0.06,0,2,10,10,0.03383218333194612,0.004152943216531856,0.028427969963841754,0.04197219683471417,100.0,0.0,100.0,100.0,30,0,0
3469,14.0,0.06,0,4,10,10,0.032949835551236206,0.005726149897750793,0.02288954969905768,0.039606206836302206,100.0,0.0,100.0,100.0,30,0,0
3470,14.0,0.06,50,2,10,10,0.04518147414534012,0.007858325480180641,0.033029695895991945,0.05758558054311951,100.0,0.0,100.0,100.0,30,0,0
3471,14.0,0.06,50,4,10,10,0.04707682217671901,0.010381779104972004,0.031977018035520645,0.06417015137525635,100.0,0.0,100.0,100.0,30,0,0
3472,14.0,0.06,100,2,10,10,0.06825983969126123,0.015636487938788902,0.05146001976170608,0.09756446843957119,100.0,0.0,100.0,100.0,30,0,0
3473,14.0,0.06,100,4,10,10,0.07242939574553062,0.016138258782718767,0.04516092558233973,0.09733228467228312,100.0,0.0,100.0,100.0,30,0,0
3474,14.0,0.06,150,2,10,10,0.09535492123502698,0.023267416686112,0.06217321860296057,0.14275598733484443,100.0,0.0,100.0,100.0,30,0,0
3475,14.0,0.06,150,4,10,10,0.09470281185287487,0.023935797940988962,0.05636592731037745,0.13751099965983957,100.0,0.0,100.0,100.0,30,0,0
3476,14.0,0.06,200,2,10,10,0.12432152336455678,0.03343538736767591,0.07374793763926525,0.191748533974938,100.0,0.0,100.0,100.0,30,0,0
3477,14.0,0.06,200,4,10,10,0.12185827083186385,0.029854544470453336,0.07622330069754613,0.17456522916559536,100.0,0.0,100.0,100.0,30,0,0
3478,14.0,0.06,250,2,10,10,0.14890490879725965,0.03819481164196995,0.08481028583799494,0.22242349859155652,100.0,0.0,100.0,100.0,30,0,0
3479,14.0,0.06,250,4,10,10,0.14689158950755982,0.037376371441955034,0.09009546141552822,0.22159774285225978,100.0,0.0,100.0,100.0,30,0,0
3480,14.0,0.07,0,2,10,10,0.030735255499836505,0.0055428105726895004,0.023206611057889893,0.03672123092792522,100.0,0.0,100.0,100.0,30,0,0
3481,14.0,0.07,0,4,10,10,0.032488410342183145,0.006043261720465432,0.020617169155880088,0.041152775027179005,100.0,0.0,100.0,100.0,30,0,0
3482,14.0,0.07,50,2,10,10,0.04714383511147666,0.00821661111597317,0.034799434448225766,0.06140199536595047,100.0,0.0,100.0,100.0,30,0,0
3483,14.0,0.07,50,4,10,10,0.048601334658622826,0.009414214652976618,0.03577227232049094,0.061729203062707516,100.0,0.0,100.0,100.0,30,0,0
3484,14.0,0.07,100,2,10,10,0.07401206821608436,0.017530219293091856,0.04970209454228284,0.10744936952111396,100.0,0.0,100.0,100.0,30,0,0
3485,14.0,0.07,100,4,10,10,0.07258887618221603,0.01858260505714511,0.04779353434976289,0.09822548297063494,100.0,0.0,100.0,100.0,30,0,0
3486,14.0,0.07,150,2,10,10,0.10215374759586182,0.02522526007975749,0.06827141702152938,0.1589695221441585,100.0,0.0,100.0,100.0,30,0,0
3487,14.0,0.07,150,4,10,10,0.1008866906661563,0.026999353520998144,0.0643574398894707,0.1487757663170939,100.0,0.0,100.0,100.0,30,0,0
3488,14.0,0.07,200,2,10,10,0.1351228435880095,0.03590978894684957,0.08603002006826381,0.20951285168092204,100.0,0.0,100.0,100.0,30,0,0
3489,14.0,0.07,200,4,10,10,0.12776041129270513,0.033227939702695664,0.0691057100626257,0.18637427963283548,100.0,0.0,100.0,100.0,30,0,0
3490,14.0,0.07,250,2,10,10,0.16539903265956873,0.04233214377003079,0.09847412427596756,0.24693680665746043,100.0,0.0,100.0,100.0,30,0,0
3491,14.0,0.07,250,4,10,10,0.15321477606860473,0.03948374976922375,0.08987813278889867,0.23295556994314,100.0,0.0,100.0,100.0,30,0,0
3492,14.0,0.08,0,2,10,10,0.0346872692530301,0.004508026140460648,0.028504499649069277,0.04121923015213733,100.0,0.0,100.0,100.0,30,0,0
3493,14.0,0.08,0,4,10,10,0.033081537400628344,0.003561180959814533,0.02604425783599247,0.038621040409051614,100.0,0.0,100.0,100.0,30,0,0
3494,14.0,0.08,50,2,10,10,0.05074691692954288,0.009779117324110452,0.04011476892261971,0.07469219514136066,100.0,0.0,100.0,100.0,30,0,0
3495,14.0,0.08,50,4,10,10,0.051569386469916004,0.011982775064857712,0.033417140391908365,0.06808808576106667,100.0,0.0,100.0,100.0,30,0,0
3496,14.0,0.08,100,2,10,10,0.08113937813304929,0.01606628413953171,0.06067670278951059,0.11429753303156763,100.0,0.0,100.0,100.0,30,0,0
3497,14.0,0.08,100,4,10,10,0.07886825527352787,0.01620606550711631,0.04986389026983968,0.10433646742739817,100.0,0.0,100.0,100.0,30,0,0
3498,14.0,0.08,150,2,10,10,0.11355870319929787,0.02926999983189169,0.0758067937061822,0.17678175694550183,100.0,0.0,100.0,100.0,30,0,0
3499,14.0,0.08,150,4,10,10,0.10332045128819578,0.02227847189781653,0.07477141120664842,0.14290038136021946,100.0,0.0,100.0,100.0,30,0,0
3500,14.0,0.08,200,2,10,10,0.14726864250004784,0.04146681190281407,0.09183051587077977,0.22645535835705446,100.0,0.0,100.0,100.0,30,0,0
3501,14.0,0.08,200,4,10,10,0.1323708650507309,0.032193771273426416,0.08800577250723769,0.1942111072640701,100.0,0.0,100.0,100.0,30,0,0
3502,14.0,0.08,250,2,10,10,0.19871235633275885,0.07738305710386516,0.11459625699202136,0.3729919340635636,99.55555555555556,1.4054567378526155,95.55555555555554,100.0,30,0,0
3503,14.0,0.08,250,4,10,10,0.16068019293613714,0.041554601161950165,0.09118989013814048,0.24067157170490747,100.0,0.0,100.0,100.0,30,0,0
3504,14.0,0.09,0,2,10,10,0.03151112755777762,0.005288112303818195,0.02309971951954642,0.040003406301441696,100.0,0.0,100.0,100.0,30,0,0
3505,14.0,0.09,0,4,10,10,0.03557540620725527,0.008332778043924531,0.025705702583194646,0.051425377743259275,100.0,0.0,100.0,100.0,30,0,0
3506,14.0,0.09,50,2,10,10,0.05515212604014593,0.01081117365746942,0.03748814896702168,0.07270646654694506,100.0,0.0,100.0,100.0,30,0,0
3507,14.0,0.09,50,4,10,10,0.05353314081764045,0.009589197953323279,0.04033957158018023,0.06583615144595635,100.0,0.0,100.0,100.0,30,0,0
3508,14.0,0.09,100,2,10,10,0.08872566093053795,0.020089702214365082,0.05983903610808328,0.13358378558085593,100.0,0.0,100.0,100.0,30,0,0
3509,14.0,0.09,100,4,10,10,0.079572623668081,0.021573811357722798,0.05217162104615768,0.11424917507334875,100.0,0.0,100.0,100.0,30,0,0
3510,14.0,0.09,150,2,10,10,0.12575765623963459,0.03270084777780602,0.08952108063655873,0.20111106106093554,100.0,0.0,100.0,100.0,30,0,0
3511,14.0,0.09,150,4,10,10,0.11032094450029928,0.028086115066134492,0.07227571684316543,0.16214464124233233,100.0,0.0,100.0,100.0,30,0,0
3512,14.0,0.09,200,2,10,10,0.16215502908060447,0.04448775754992984,0.10806750292311978,0.2582818143160149,100.0,0.0,100.0,100.0,30,0,0
3513,14.0,0.09,200,4,10,10,0.14087414106761506,0.03308250879107876,0.08826288405769035,0.20144065910547115,100.0,0.0,100.0,100.0,30,0,0
3514,14.0,0.09,250,2,10,10,0.22746431824633548,0.10341564112696289,0.12751633680667665,0.4772627433186103,99.33333333333334,2.10818510677892,93.33333333333333,100.0,30,0,0
3515,14.0,0.09,250,4,10,10,0.16890996410817902,0.04452153624652903,0.111349693982366,0.25305483825925784,100.0,0.0,100.0,100.0,30,0,0
3516,14.0,0.1,0,2,10,10,0.03551582480326608,0.007228894050323329,0.021878847367939894,0.05050769038192856,100.0,0.0,100.0,100.0,30,0,0
3517,14.0,0.1,0,4,10,10,0.033919108387118355,0.004307846102104624,0.02653257682369074,0.03937927651917327,100.0,0.0,100.0,100.0,30,0,0
3518,14.0,0.1,50,2,10,10,0.056597407288537335,0.011350836259797742,0.038456920814786154,0.080176897437778,100.0,0.0,100.0,100.0,30,0,0
3519,14.0,0.1,50,4,10,10,0.0547125137693484,0.009362811972559603,0.037385866388199164,0.0661686586477825,100.0,0.0,100.0,100.0,30,0,0
3520,14.0,0.1,100,2,10,10,0.099869998991531,0.023586106252906438,0.07108839706139279,0.1543776801614303,100.0,0.0,100.0,100.0,30,0,0
3521,14.0,0.1,100,4,10,10,0.08433565153867542,0.019012649357597246,0.05816744159571882,0.11438897727039445,100.0,0.0,100.0,100.0,30,0,0
3522,14.0,0.1,150,2,10,10,0.14243655487534138,0.03578448633733551,0.09295386906286442,0.21648435260909374,100.0,0.0,100.0,100.0,30,0,0
3523,14.0,0.1,150,4,10,10,0.11469461386058795,0.02712351599696751,0.0699680281014566,0.16640540396649015,100.0,0.0,100.0,100.0,30,0,0
3524,14.0,0.1,200,2,10,10,0.18257615003141808,0.0506497829602127,0.1123542057211786,0.28495198525684445,100.0,0.0,100.0,100.0,30,0,0
3525,14.0,0.1,200,4,10,10,0.15133050594418943,0.03255640940042378,0.10754776225353235,0.21871714938139794,100.0,0.0,100.0,100.0,30,0,0
3526,14.0,0.1,250,2,10,10,0.2518264913087457,0.10231574997631938,0.14780563789485504,0.48355860547004353,99.33333333333334,2.10818510677892,93.33333333333333,100.0,30,0,0
3527,14.0,0.1,250,4,10,10,0.17882788186477766,0.04628805373603891,0.10765389970112067,0.26661484132548924,100.0,0.0,100.0,100.0,30,0,0
3528,14.0,0.11,0,2,10,10,0.03252150798601486,0.0054266458243323054,0.023036845921559274,0.04019243650546039,100.0,0.0,100.0,100.0,30,0,0
3529,14.0,0.11,0,4,10,10,0.034988226206659194,0.0049300629655979235,0.029505590224044972,0.04578833010452835,100.0,0.0,100.0,100.0,30,0,0
3530,14.0,0.11,50,2,10,10,0.06377752050251367,0.010572187876699495,0.05145702493383745,0.08863897960532653,100.0,0.0,100.0,100.0,30,0,0
3531,14.0,0.11,50,4,10,10,0.05494836766478772,0.010423685168012724,0.040286578290962716,0.07029215848323474,100.0,0.0,100.0,100.0,30,0,0
3532,14.0,0.11,100,2,10,10,0.1107804749092561,0.029048323449903133,0.07233476952138346,0.1745064849550532,100.0,0.0,100.0,100.0,30,0,0
3533,14.0,0.11,100,4,10,10,0.08790848958140426,0.02299200745575767,0.052834468884930465,0.1235640939518765,100.0,0.0,100.0,100.0,30,0,0
3534,14.0,0.11,150,2,10,10,0.1596245534929475,0.041257840865654406,0.11617069353766928,0.2542653284701,100.0,0.0,100.0,100.0,30,0,0
3535,14.0,0.11,150,4,10,10,0.12144496826150993,0.03176359980479021,0.07658309138083176,0.17957042254975022,100.0,0.0,100.0,100.0,30,0,0
3536,14.0,0.11,200,2,10,10,0.20727280608985268,0.05953800727424511,0.13920637845923223,0.3370899421791629,100.0,0.0,100.0,100.0,30,0,0
3537,14.0,0.11,200,4,10,10,0.15688638209584121,0.038623869010736875,0.10246560998122024,0.23225328092243494,100.0,0.0,100.0,100.0,30,0,0
3538,14.0,0.11,250,2,10,10,0.3955880302979379,0.3418194563729833,0.19505679611663962,1.3310223660677305,99.0,2.2498285257018438,93.33333333333333,100.0,30,0,0
3539,14.0,0.11,250,4,10,10,0.19122601173163642,0.047404815467926215,0.12066580839833069,0.2831426707977042,100.0,0.0,100.0,100.0,30,0,0
3540,14.0,0.12,0,2,10,10,0.037424499447539075,0.009446100670677403,0.025681763485238984,0.05584079549128392,100.0,0.0,100.0,100.0,30,0,0
3541,14.0,0.12,0,4,10,10,0.03579232582817873,0.00806291498430409,0.02249627040269268,0.04534027715301638,100.0,0.0,100.0,100.0,30,0,0
3542,14.0,0.12,50,2,10,10,0.07159409630673401,0.01535101121379802,0.05129913291697983,0.10426995765214914,100.0,0.0,100.0,100.0,30,0,0
3543,14.0,0.12,50,4,10,10,0.05962846751301841,0.01808549578133947,0.03534897039107549,0.07938151610598722,100.0,0.0,100.0,100.0,30,0,0
3544,14.0,0.12,100,2,10,10,0.12683203981591776,0.029789083321605434,0.09396309048014835,0.18857527924226902,100.0,0.0,100.0,100.0,30,0,0
3545,14.0,0.12,100,4,10,10,0.09503126151396374,0.022655523291259198,0.055587960386593215,0.12305581789603297,100.0,0.0,100.0,100.0,30,0,0
3546,14.0,0.12,150,2,10,10,0.1802879757247015,0.04881076194105749,0.1240031095226327,0.2829250505385013,100.0,0.0,100.0,100.0,30,0,0
3547,14.0,0.12,150,4,10,10,0.1278024660174454,0.028990443716568944,0.09254376749699715,0.17882722799809006,100.0,0.0,100.0,100.0,30,0,0
3548,14.0,0.12,200,2,10,10,0.2432816852545791,0.06804665814174748,0.16364748786578223,0.37743238175324406,99.77777777777779,0.7027283689263073,97.77777777777777,100.0,30,0,0
3549,14.0,0.12,200,4,10,10,0.1670409303642374,0.038647513378445436,0.11140443072938395,0.23979607377892878,100.0,0.0,100.0,100.0,30,0,0
3550,14.0,0.12,250,2,10,10,0.428854626421602,0.3295083703298035,0.226837846730534,1.327697975709026,95.33333333333334,11.46115285175789,63.333333333333336,100.0,30,0,0
3551,14.0,0.12,250,4,10,10,0.19874278186670982,0.05002302133163522,0.12879453078496392,0.29741494414334263,100.0,0.0,100.0,100.0,30,0,0
3552,14.0,0.13,0,2,10,10,0.03275495226731497,0.006760497953649117,0.022585897343370052,0.043125986605567025,100.0,0.0,100.0,100.0,30,0,0
3553,14.0,0.13,0,4,10,10,0.039033828706152775,0.007431099666200147,0.030417703666570903,0.05001871585842837,100.0,0.0,100.0,100.0,30,0,0
3554,14.0,0.13,50,2,10,10,0.08058443197774477,0.015527815837873918,0.06453336580024273,0.11921552331418339,100.0,0.0,100.0,100.0,30,0,0
3555,14.0,0.13,50,4,10,10,0.06115100418301388,0.01402809313552875,0.04147296611361576,0.07682912882205194,100.0,0.0,100.0,100.0,30,0,0
3556,14.0,0.13,100,2,10,10,0.14367153138741307,0.034937052887624956,0.10614898803486648,0.2219276846076085,100.0,0.0,100.0,100.0,30,0,0
3557,14.0,0.13,100,4,10,10,0.09762255504449621,0.02262731304887082,0.06504978064263008,0.13092375854866892,100.0,0.0,100.0,100.0,30,0,0
3558,14.0,0.13,150,2,10,10,0.20698471845181116,0.055606999209055624,0.14552258893704986,0.3281903310543272,100.0,0.0,100.0,100.0,30,0,0
3559,14.0,0.13,150,4,10,10,0.13488576177385636,0.03320530293895958,0.0854107398062512,0.19286662750264538,100.0,0.0,100.0,100.0,30,0,0
3560,14.0,0.13,200,2,10,10,0.2935606720110405,0.09973909127335438,0.19251674187649748,0.49183382498397066,99.33333333333334,2.10818510677892,93.33333333333333,100.0,30,0,0
3561,14.0,0.13,200,4,10,10,0.17400608692796127,0.04238148120218783,0.11677075599622222,0.2566349066556186,100.0,0.0,100.0,100.0,30,0,0
3562,14.0,0.13,250,2,10,10,0.48652477742859757,0.31073110595391523,0.26837307638217106,1.3323256802795207,95.33333333333334,11.46115285175789,63.333333333333336,100.0,30,0,0
3563,14.0,0.13,250,4,10,10,0.2075071457647566,0.053230233240552524,0.1296803118726324,0.31094356237097537,100.0,0.0,100.0,100.0,30,0,0
3564,14.0,0.14,0,2,10,10,0.03717452718480133,0.009080085794179038,0.024621552125225734,0.054191197378011535,100.0,0.0,100.0,100.0,30,0,0
3565,14.0,0.14,0,4,10,10,0.03884633614096568,0.009591054055970437,0.02571100783445286,0.05290552057692712,100.0,0.0,100.0,100.0,30,0,0
3566,14.0,0.14,50,2,10,10,0.0910129945791615,0.019169871265977523,0.06541533012437899,0.1264089474296161,100.0,0.0,100.0,100.0,30,0,0
3567,14.0,0.14,50,4,10,10,0.0637397823272319,0.01448522592839599,0.040307727967984014,0.07744977173124672,100.0,0.0,100.0,100.0,30,0,0
3568,14.0,0.14,100,2,10,10,0.16297510728526346,0.04152591836356373,0.10805456927502587,0.24889396644817652,100.0,0.0,100.0,100.0,30,0,0
3569,14.0,0.14,100,4,10,10,0.10557084538744566,0.022712363090673125,0.0736731011864749,0.1433804236815623,100.0,0.0,100.0,100.0,30,0,0
3570,14.0,0.14,150,2,10,10,0.2363361904653673,0.06388136869435049,0.16481804034262007,0.3722996055192305,100.0,0.0,100.0,100.0,30,0,0
3571,14.0,0.14,150,4,10,10,0.14211145468952724,0.03205833857706413,0.09473255718663165,0.20197917281805414,100.0,0.0,100.0,100.0,30,0,0
3572,14.0,0.14,200,2,10,10,0.4499237463902842,0.3223886315616556,0.2588721160554795,1.3318268937840874,99.0,2.2498285257018438,93.33333333333333,100.0,30,0,0
3573,14.0,0.14,200,4,10,10,0.18672851306321905,0.041394546790001714,0.13567413497548733,0.26979336175834234,100.0,0.0,100.0,100.0,30,0,0
3574,14.0,0.14,250,2,10,10,0.5728990951643389,0.3028955617375382,0.3144383264073302,1.341534283507617,95.22222222222223,11.416182291247624,63.333333333333336,100.0,30,0,0
3575,14.0,0.14,250,4,10,10,0.22275071262156007,0.05486399912932679,0.15000790998696392,0.3300458275648998,100.0,0.0,100.0,100.0,30,0,0
3576,14.0,0.15,0,2,10,10,0.03937276142241354,0.009030085618250382,0.02772973383268029,0.05857695549810508,100.0,0.0,100.0,100.0,30,0,0
3577,14.0,0.15,0,4,10,10,0.042988979805971855,0.009420782598453168,0.031135736656875013,0.062827983992502,100.0,0.0,100.0,100.0,30,0,0
3578,14.0,0.15,50,2,10,10,0.09971493462510164,0.021039848606924132,0.0825484575481422,0.15116232404426713,100.0,0.0,100.0,100.0,30,0,0
3579,14.0,0.15,50,4,10,10,0.06948442404462005,0.019905824391951973,0.043315523188654614,0.10175237922128937,100.0,0.0,100.0,100.0,30,0,0
3580,14.0,0.15,100,2,10,10,0.18736926851547095,0.0477303058493324,0.12940329473032672,0.2924015797717614,100.0,0.0,100.0,100.0,30,0,0
3581,14.0,0.15,100,4,10,10,0.1093752787297115,0.025636471658069995,0.06405734770111739,0.14735818768791267,100.0,0.0,100.0,100.0,30,0,0
3582,14.0,0.15,150,2,10,10,0.2728608035061183,0.06986103925533522,0.19436682648923673,0.4238424326365431,100.0,0.0,100.0,100.0,30,0,0
3583,14.0,0.15,150,4,10,10,0.15150040401961257,0.03811430885077166,0.08526611408486025,0.2094800969605315,100.0,0.0,100.0,100.0,30,0,0
3584,14.0,0.15,200,2,10,10,0.5130976603141704,0.30215352042587773,0.30299273532333976,1.340848329252024,99.0,2.2498285257018438,93.33333333333333,100.0,30,0,0
3585,14.0,0.15,200,4,10,10,0.19544286417536336,0.044279017394610355,0.13534153069433966,0.27923094632386686,100.0,0.0,100.0,100.0,30,0,0
3586,14.0,0.15,250,2,10,10,0.7066108949997071,0.3524207301612112,0.36700933412672393,1.3464673806875378,88.0,22.12199620399078,40.0,100.0,30,0,0
3587,14.0,0.15,250,4,10,10,0.2391603617701199,0.05889823447887882,0.15506780451827648,0.35058812529865885,100.0,0.0,100.0,100.0,30,0,0
3588,14.0,0.16,0,2,10,10,0.036360480475083105,0.005984883017489163,0.026594749937906597,0.04816165078456583,100.0,0.0,100.0,100.0,30,0,0
3589,14.0,0.16,0,4,10,10,0.042131250774319354,0.012201681840286143,0.026720817463428193,0.06361171125708197,100.0,0.0,100.0,100.0,30,0,0
3590,14.0,0.16,50,2,10,10,0.11412642340678594,0.02506035103728994,0.07857331338899531,0.16009160769934203,100.0,0.0,100.0,100.0,30,0,0
3591,14.0,0.16,50,4,10,10,0.07604549706545176,0.019387819194430864,0.04716554160373787,0.10319130504521103,100.0,0.0,100.0,100.0,30,0,0
3592,14.0,0.16,100,2,10,10,0.21281579464184053,0.05378052283795312,0.15206466748807249,0.3303126384436323,100.0,0.0,100.0,100.0,30,0,0
3593,14.0,0.16,100,4,10,10,0.11656024900963176,0.027910989320103326,0.07958533472320554,0.15323668836397722,100.0,0.0,100.0,100.0,30,0,0
3594,14.0,0.16,150,2,10,10,0.3147969948655114,0.07812494910179726,0.219397467600516,0.48016589134589166,100.0,0.0,100.0,100.0,30,0,0
3595,14.0,0.16,150,4,10,10,0.16327118161467608,0.038778533456405945,0.11246237946012934,0.23336370546807758,100.0,0.0,100.0,100.0,30,0,0
3596,14.0,0.16,200,2,10,10,0.5701426446424283,0.2865045561408284,0.35005961343438297,1.346790293397503,99.0,2.2498285257018438,93.33333333333333,100.0,30,0,0
3597,14.0,0.16,200,4,10,10,0.20815169102335956,0.05026630086481134,0.13353145976928668,0.2951754255956341,100.0,0.0,100.0,100.0,30,0,0
3598,14.0,0.16,250,2,10,10,0.7720923630092984,0.3571086198750771,0.4229016227599183,1.470886784559771,88.0,22.12199620399078,40.0,100.0,30,0,0
3599,14.0,0.16,250,4,10,10,0.2538059365251186,0.06001857644932489,0.168316153874464,0.3640908862837073,100.0,0.0,100.0,100.0,30,0,0
3600,14.0,0.17,0,2,10,10,0.038008770807899904,0.01049652803391417,0.021782294402418325,0.05476384468980514,100.0,0.0,100.0,100.0,30,0,0
3601,14.0,0.17,0,4,10,10,0.046935151126831734,0.016839147350009517,0.03088257946588059,0.07238676134935867,100.0,0.0,100.0,100.0,30,0,0
3602,14.0,0.17,50,2,10,10,0.12620379114770142,0.025106410046540607,0.097632337725628,0.1817291346623152,100.0,0.0,100.0,100.0,30,0,0
3603,14.0,0.17,50,4,10,10,0.07890516142936373,0.02000621229924211,0.05446854670049454,0.10919576481903653,100.0,0.0,100.0,100.0,30,0,0
3604,14.0,0.17,100,2,10,10,0.24099119956490483,0.06275720468281096,0.16625129761169388,0.3773100994552876,100.0,0.0,100.0,100.0,30,0,0
3605,14.0,0.17,100,4,10,10,0.12362644562164127,0.031203700634512117,0.07302811107423957,0.16380732144197985,100.0,0.0,100.0,100.0,30,0,0
3606,14.0,0.17,150,2,10,10,0.3816645596381108,0.07964863251306843,0.2566885312563962,0.5343116778503153,100.0,0.0,100.0,100.0,30,0,0
3607,14.0,0.17,150,4,10,10,0.17314973456774363,0.0449255990177236,0.10630342377808188,0.2436439455646955,100.0,0.0,100.0,100.0,30,0,0
3608,14.0,0.17,200,2,10,10,0.7046654125040615,0.3529606348318848,0.4002417269211808,1.3540153883997184,95.0,11.358360166811597,63.333333333333336,100.0,30,0,0
3609,14.0,0.17,200,4,10,10,0.22117660303149894,0.055272060262785506,0.1395220255467533,0.3175640954371613,100.0,0.0,100.0,100.0,30,0,0
3610,14.0,0.17,250,2,10,10,0.879306920599238,0.34942777540698555,0.48704320359170644,1.4615058612084324,82.66666666666667,23.82031501486509,40.0,100.0,30,0,0
3611,14.0,0.17,250,4,10,10,0.2733499228380479,0.06762441800643432,0.17292359002326407,0.39055432455059585,100.0,0.0,100.0,100.0,30,0,0
3612,14.0,0.18,0,2,10,10,0.036927422035695406,0.013454265435082848,0.02304311397786815,0.06213826513513454,100.0,0.0,100.0,100.0,30,0,0
3613,14.0,0.18,0,4,10,10,0.05079767458188424,0.013658173130024464,0.033706421336676805,0.07254067506043961,100.0,0.0,100.0,100.0,30,0,0
3614,14.0,0.18,50,2,10,10,0.14164732539646005,0.03142809382601807,0.10285798136408286,0.21331335229545056,100.0,0.0,100.0,100.0,30,0,0
3615,14.0,0.18,50,4,10,10,0.08671820165955255,0.025329030205840663,0.051348457860585124,0.12567217796856445,100.0,0.0,100.0,100.0,30,0,0
3616,14.0,0.18,100,2,10,10,0.2742752840128629,0.06931726448044316,0.19473826903776895,0.42224651045188527,100.0,0.0,100.0,100.0,30,0,0
3617,14.0,0.18,100,4,10,10,0.13602173777520216,0.03525122231623616,0.07848968076725532,0.17642616169032743,100.0,0.0,100.0,100.0,30,0,0
3618,14.0,0.18,150,2,10,10,0.4407843954325978,0.09211280582815537,0.29073244429812944,0.5952283779724667,100.0,0.0,100.0,100.0,30,0,0
3619,14.0,0.18,150,4,10,10,0.18306493983290653,0.046467679804800946,0.11489854353951758,0.2514109490454564,100.0,0.0,100.0,100.0,30,0,0
3620,14.0,0.18,200,2,10,10,0.771110167602849,0.33226011976342623,0.45306399492293203,1.3867847283131365,95.0,11.358360166811597,63.333333333333336,100.0,30,0,0
3621,14.0,0.18,200,4,10,10,0.23641442961107612,0.05848680931005443,0.1523410567953525,0.33371461085036463,100.0,0.0,100.0,100.0,30,0,0
3622,14.0,0.18,250,2,10,10,1.0417805578938435,0.4878158363363061,0.5465281146573684,2.1212619794166474,87.11111111111111,21.837408911854425,40.0,100.0,30,0,0
3623,14.0,0.18,250,4,10,10,0.2891564705746642,0.07547683990709485,0.1730048159343085,0.4038970265944219,100.0,0.0,100.0,100.0,30,0,0
3624,14.0,0.19,0,2,10,10,0.03992211168394545,0.009329889596515772,0.028796305604323762,0.06027782295147732,100.0,0.0,100.0,100.0,30,0,0
3625,14.0,0.19,0,4,10,10,0.06066407907324258,0.022849742228394636,0.03292671884125673,0.10930055407615531,100.0,0.0,100.0,100.0,30,0,0
3626,14.0,0.19,50,2,10,10,0.16137132846758262,0.034907240533297,0.11475894551605188,0.24068434553849824,100.0,0.0,100.0,100.0,30,0,0
3627,14.0,0.19,50,4,10,10,0.09412436680186718,0.026795437156602965,0.05894960582144743,0.14273082738467022,100.0,0.0,100.0,100.0,30,0,0
3628,14.0,0.19,100,2,10,10,0.3104543204605179,0.07493943796323028,0.22501413708249204,0.4730830867038329,100.0,0.0,100.0,100.0,30,0,0
3629,14.0,0.19,100,4,10,10,0.14502178305748073,0.04025914229731314,0.09570108280368807,0.19952837308429017,100.0,0.0,100.0,100.0,30,0,0
3630,14.0,0.19,150,2,10,10,0.6005257397573802,0.2783994569641015,0.38694570915885623,1.3564214985181344,99.66666666666666,1.0540925533894587,96.66666666666667,100.0,30,0,0
3631,14.0,0.19,150,4,10,10,0.20205856964730434,0.04481608644515528,0.13345009004410446,0.2580790546179725,100.0,0.0,100.0,100.0,30,0,0
3632,14.0,0.19,200,2,10,10,0.829713648734898,0.3223225533119428,0.5136084833668761,1.4272843467803824,95.0,11.358360166811597,63.333333333333336,100.0,30,0,0
3633,14.0,0.19,200,4,10,10,0.2587034020400588,0.06297600306558447,0.1684391671882273,0.34995193965164484,100.0,0.0,100.0,100.0,30,0,0
3634,14.0,0.19,250,2,10,10,1.0937613655597882,0.4632485962461465,0.6333943538753056,2.1353882168114224,87.22222222222221,21.881649489061378,40.0,100.0,30,0,0
3635,14.0,0.19,250,4,10,10,0.31027624927087644,0.07516945441804,0.2059493221469879,0.4364100879068147,100.0,0.0,100.0,100.0,30,0,0
3636,14.0,0.2,0,2,10,10,0.04228721863950939,0.01652461371058815,0.023333995664422968,0.0805602736036055,100.0,0.0,100.0,100.0,30,0,0
3637,14.0,0.2,0,4,10,10,0.0723837678372365,0.024429944777280676,0.04513258380573332,0.12519384504292086,100.0,0.0,100.0,100.0,30,0,0
3638,14.0,0.2,50,2,10,10,0.1810939647122561,0.04420130395334987,0.13045981217515193,0.2782956182110962,100.0,0.0,100.0,100.0,30,0,0
3639,14.0,0.2,50,4,10,10,0.10641964136698592,0.029018462300920582,0.07083882968566027,0.1694628093503534,100.0,0.0,100.0,100.0,30,0,0
3640,14.0,0.2,100,2,10,10,0.36350069754586417,0.0790819805284611,0.25103161742457747,0.5277015463513088,100.0,0.0,100.0,100.0,30,0,0
3641,14.0,0.2,100,4,10,10,0.15832859666208532,0.040796095779843444,0.10277237611920247,0.21463789885555465,100.0,0.0,100.0,100.0,30,0,0
3642,14.0,0.2,150,2,10,10,0.7506631520157389,0.34962428218070357,0.4416791894124586,1.413596200260698,98.66666666666666,2.3306863292670057,93.33333333333333,100.0,30,0,0
3643,14.0,0.2,150,4,10,10,0.2158497676117495,0.051380812805289576,0.1475505847054462,0.28275036947731796,100.0,0.0,100.0,100.0,30,0,0
3644,14.0,0.2,200,2,10,10,0.9041270353031395,0.2981641974006651,0.5684002669191996,1.4606813948780737,90.33333333333334,17.173766960248937,53.333333333333336,100.0,30,0,0
3645,14.0,0.2,200,4,10,10,0.27596449537591305,0.06736478706000956,0.172114569358459,0.3766273628757446,100.0,0.0,100.0,100.0,30,0,0
3646,14.0,0.2,250,2,10,10,1.1801667037802488,0.4388883501448682,0.7098736253762573,2.154949299342164,91.22222222222221,18.35072127174885,40.0,100.0,30,0,0
3647,14.0,0.2,250,4,10,10,0.3371255922718167,0.08358406899555416,0.21910947747541434,0.47313482843340093,100.0,0.0,100.0,100.0,30,0,0
3648,14.5,0.05,0,2,10,10,0.034725110454218375,0.0043888217145967665,0.02832555037371666,0.04173004638139823,100.0,0.0,100.0,100.0,30,0,0
3649,14.5,0.05,0,4,10,10,0.030576250109822206,0.006929136747265896,0.021858615712046434,0.04314412085621353,100.0,0.0,100.0,100.0,30,0,0
3650,14.5,0.05,50,2,10,10,0.04401172401642804,0.009560110382234359,0.03261061959447487,0.06081771849979809,100.0,0.0,100.0,100.0,30,0,0
3651,14.5,0.05,50,4,10,10,0.042506709727843095,0.010279308403290291,0.027508349904857194,0.062358363128721304,100.0,0.0,100.0,100.0,30,0,0
3652,14.5,0.05,100,2,10,10,0.06782764785293044,0.013689376861248432,0.04385145836092624,0.09402343849817744,100.0,0.0,100.0,100.0,30,0,0
3653,14.5,0.05,100,4,10,10,0.06713515134768928,0.0176855062540488,0.0401834059715202,0.1040843249494637,100.0,0.0,100.0,100.0,30,0,0
3654,14.5,0.05,150,2,10,10,0.09260225120378045,0.023143600221890676,0.05350419971325191,0.13545922490519305,100.0,0.0,100.0,100.0,30,0,0
3655,14.5,0.05,150,4,10,10,0.08568821873545114,0.02530780207801739,0.045699450941169846,0.13834544045912428,100.0,0.0,100.0,100.0,30,0,0
3656,14.5,0.05,200,2,10,10,0.11857424603231037,0.030589938653907932,0.07695824208763191,0.17693850758052723,100.0,0.0,100.0,100.0,30,0,0
3657,14.5,0.05,200,4,10,10,0.10830621738188577,0.030107900323351793,0.05566103888490711,0.17067847307358888,100.0,0.0,100.0,100.0,30,0,0
3658,14.5,0.05,250,2,10,10,0.14062397443985658,0.03431271013417591,0.09084519943643993,0.20989285104259717,100.0,0.0,100.0,100.0,30,0,0
3659,14.5,0.05,250,4,10,10,0.1308308411748415,0.03751142741139337,0.06364427538894664,0.2080454941766133,100.0,0.0,100.0,100.0,30,0,0
3660,14.5,0.06,0,2,10,10,0.03348981079589315,0.00668381614233618,0.02338596523247477,0.0458916854876004,100.0,0.0,100.0,100.0,30,0,0
3661,14.5,0.06,0,4,10,10,0.0340342563591367,0.00499714391690609,0.027994474528812496,0.046798091564338264,100.0,0.0,100.0,100.0,30,0,0
3662,14.5,0.06,50,2,10,10,0.05006269957530958,0.009161176892484376,0.0390170228731973,0.06873580006278888,100.0,0.0,100.0,100.0,30,0,0
3663,14.5,0.06,50,4,10,10,0.04578840905084839,0.00867858023967608,0.03419060724090762,0.06258290421369349,100.0,0.0,100.0,100.0,30,0,0
3664,14.5,0.06,100,2,10,10,0.07191395303214515,0.015800046542956817,0.053017419848148055,0.10255653499776408,100.0,0.0,100.0,100.0,30,0,0
3665,14.5,0.06,100,4,10,10,0.0707766927847017,0.017129904214839085,0.04822669966248816,0.10552258358172621,100.0,0.0,100.0,100.0,30,0,0
3666,14.5,0.06,150,2,10,10,0.10425161440251603,0.02449915365403892,0.06894013845220444,0.14108422468273626,100.0,0.0,100.0,100.0,30,0,0
3667,14.5,0.06,150,4,10,10,0.09085429533941528,0.02477088940415193,0.05463675631545859,0.14839093409030177,100.0,0.0,100.0,100.0,30,0,0
3668,14.5,0.06,200,2,10,10,0.12592972280569556,0.030836119000824128,0.08822558440611779,0.18668288762163154,100.0,0.0,100.0,100.0,30,0,0
3669,14.5,0.06,200,4,10,10,0.11575597561159826,0.03205119470067594,0.0618571338396005,0.18374336574991015,100.0,0.0,100.0,100.0,30,0,0
3670,14.5,0.06,250,2,10,10,0.15392272619278738,0.03914117230338739,0.09948438412534065,0.23409610011208426,100.0,0.0,100.0,100.0,30,0,0
3671,14.5,0.06,250,4,10,10,0.1399485070388519,0.03826995105912896,0.07468382005130748,0.21519844736126217,100.0,0.0,100.0,100.0,30,0,0
3672,14.5,0.07,0,2,10,10,0.03190499673334766,0.005454676738714366,0.022322662068521376,0.039676269706413005,100.0,0.0,100.0,100.0,30,0,0
3673,14.5,0.07,0,4,10,10,0.031005356493366915,0.0044626814095740635,0.025193512574679538,0.038907477074601605,100.0,0.0,100.0,100.0,30,0,0
3674,14.5,0.07,50,2,10,10,0.050949185387335894,0.00945387401117632,0.03386619772894815,0.06794154102343775,100.0,0.0,100.0,100.0,30,0,0
3675,14.5,0.07,50,4,10,10,0.04757713442329268,0.008637503482720459,0.03398425299174645,0.06341124552501576,100.0,0.0,100.0,100.0,30,0,0
3676,14.5,0.07,100,2,10,10,0.08139095831076805,0.01932028926089193,0.050956734507162704,0.11090498120164173,100.0,0.0,100.0,100.0,30,0,0
3677,14.5,0.07,100,4,10,10,0.07053187383373703,0.016069817414030126,0.045443853319317745,0.09959963971037196,100.0,0.0,100.0,100.0,30,0,0
3678,14.5,0.07,150,2,10,10,0.11050906192198848,0.028183296964051398,0.0731505336031339,0.1639366650958475,100.0,0.0,100.0,100.0,30,0,0
3679,14.5,0.07,150,4,10,10,0.09621394654860121,0.025812856675488546,0.05309663921356827,0.14721040146837677,100.0,0.0,100.0,100.0,30,0,0
3680,14.5,0.07,200,2,10,10,0.14293655174511613,0.033991583645220626,0.09089705102552172,0.2084188957437055,100.0,0.0,100.0,100.0,30,0,0
3681,14.5,0.07,200,4,10,10,0.1239590219526194,0.03427733097475043,0.06810451293951404,0.1878383991546225,100.0,0.0,100.0,100.0,30,0,0
3682,14.5,0.07,250,2,10,10,0.17352127185746538,0.04481076051845969,0.11934189076134577,0.26487343418095555,100.0,0.0,100.0,100.0,30,0,0
3683,14.5,0.07,250,4,10,10,0.14531956179609384,0.037253732607274256,0.08486196399093937,0.22372466463355076,100.0,0.0,100.0,100.0,30,0,0
3684,14.5,0.08,0,2,10,10,0.0328099433110355,0.004701358335655911,0.022866434761897442,0.037822550804579975,100.0,0.0,100.0,100.0,30,0,0
3685,14.5,0.08,0,4,10,10,0.030275854944904625,0.004215085345142119,0.024984617626496963,0.035237445450196365,100.0,0.0,100.0,100.0,30,0,0
3686,14.5,0.08,50,2,10,10,0.05400238452906888,0.00972008547808414,0.04180474987072367,0.07060200580046339,100.0,0.0,100.0,100.0,30,0,0
3687,14.5,0.08,50,4,10,10,0.04982322561323782,0.007633693474681468,0.03888942344893587,0.06402882334465233,100.0,0.0,100.0,100.0,30,0,0
3688,14.5,0.08,100,2,10,10,0.08935651956066448,0.02223239201345389,0.0633795994724234,0.12758800764899686,100.0,0.0,100.0,100.0,30,0,0
3689,14.5,0.08,100,4,10,10,0.07287655998232925,0.01688654005570104,0.046218449985072275,0.10363065765064217,100.0,0.0,100.0,100.0,30,0,0
3690,14.5,0.08,150,2,10,10,0.12104185713356981,0.027240474834717452,0.0873026837959891,0.1742438382132032,100.0,0.0,100.0,100.0,30,0,0
3691,14.5,0.08,150,4,10,10,0.0980922310665163,0.027993096969223256,0.062290182445274345,0.16456372901253444,100.0,0.0,100.0,100.0,30,0,0
3692,14.5,0.08,200,2,10,10,0.1588943260732105,0.039851053277952714,0.10564566690163135,0.24124594158085907,100.0,0.0,100.0,100.0,30,0,0
3693,14.5,0.08,200,4,10,10,0.12864179483730212,0.035634175892214924,0.06567274320483997,0.20126196373370295,100.0,0.0,100.0,100.0,30,0,0
3694,14.5,0.08,250,2,10,10,0.24117558442193707,0.1699830428460491,0.12012560538916439,0.7028301746725881,100.0,0.0,100.0,100.0,30,0,0
3695,14.5,0.08,250,4,10,10,0.15511556444985478,0.04078425350640079,0.08887235485626481,0.2423584983931082,100.0,0.0,100.0,100.0,30,0,0
3696,14.5,0.09,0,2,10,10,0.0351688928214689,0.007066116148724012,0.02456135455094721,0.05013187467277178,100.0,0.0,100.0,100.0,30,0,0
3697,14.5,0.09,0,4,10,10,0.033845205402035304,0.00436885157536712,0.02824778820336174,0.041340688200030486,100.0,0.0,100.0,100.0,30,0,0
3698,14.5,0.09,50,2,10,10,0.059866684343115206,0.012807474582298577,0.04137356009532301,0.08116412885317756,100.0,0.0,100.0,100.0,30,0,0
3699,14.5,0.09,50,4,10,10,0.050543428304889185,0.01159373725912128,0.03672373652209988,0.07177242156619638,100.0,0.0,100.0,100.0,30,0,0
3700,14.5,0.09,100,2,10,10,0.09677900978617361,0.024852586091413595,0.06548828255988753,0.1459589456280416,100.0,0.0,100.0,100.0,30,0,0
3701,14.5,0.09,100,4,10,10,0.07601948882446041,0.01890052858585047,0.04709766164441295,0.11380368090553246,100.0,0.0,100.0,100.0,30,0,0
3702,14.5,0.09,150,2,10,10,0.1352364508917321,0.03336120339345257,0.09723959813339526,0.20312534678756577,100.0,0.0,100.0,100.0,30,0,0
3703,14.5,0.09,150,4,10,10,0.10755963609861871,0.027529930825133764,0.06283825592281524,0.16713151782087907,100.0,0.0,100.0,100.0,30,0,0
3704,14.5,0.09,200,2,10,10,0.17613485660314282,0.04234949330506118,0.11713025938841704,0.2616473628602113,100.0,0.0,100.0,100.0,30,0,0
3705,14.5,0.09,200,4,10,10,0.13209819399070816,0.03665294674472023,0.07495346551466764,0.21113985850332995,100.0,0.0,100.0,100.0,30,0,0
3706,14.5,0.09,250,2,10,10,0.2147423654051786,0.05255549895470123,0.14900110947744397,0.31867977148001453,100.0,0.0,100.0,100.0,30,0,0
3707,14.5,0.09,250,4,10,10,0.16240627472931266,0.0418686764337472,0.09410471750007295,0.25201285256127964,100.0,0.0,100.0,100.0,30,0,0
3708,14.5,0.1,0,2,10,10,0.030968827527735426,0.005682040837861829,0.023370706420757562,0.04086050019052859,100.0,0.0,100.0,100.0,30,0,0
3709,14.5,0.1,0,4,10,10,0.034071176226468484,0.0036410009498685047,0.02748426716311833,0.03814049489505501,100.0,0.0,100.0,100.0,30,0,0
3710,14.5,0.1,50,2,10,10,0.05990143547968112,0.014201212983648908,0.04262544633097704,0.08677246637306742,100.0,0.0,100.0,100.0,30,0,0
3711,14.5,0.1,50,4,10,10,0.053929419567966486,0.009942079879957535,0.03581904928531268,0.06904403811595745,100.0,0.0,100.0,100.0,30,0,0
3712,14.5,0.1,100,2,10,10,0.10604445435207639,0.02873277535514523,0.06714723236654574,0.1562250221400159,100.0,0.0,100.0,100.0,30,0,0
3713,14.5,0.1,100,4,10,10,0.08044672559485007,0.0191170751397642,0.048239104257773946,0.1183669088054486,100.0,0.0,100.0,100.0,30,0,0
3714,14.5,0.1,150,2,10,10,0.15175372279990867,0.03799483272285841,0.10066799347025968,0.22505427444809736,100.0,0.0,100.0,100.0,30,0,0
3715,14.5,0.1,150,4,10,10,0.11210911715091572,0.03057595645027961,0.061722284112477925,0.17509782880239178,100.0,0.0,100.0,100.0,30,0,0
3716,14.5,0.1,200,2,10,10,0.20128973495305796,0.04840587298329853,0.14213726666970944,0.29780917426221243,100.0,0.0,100.0,100.0,30,0,0
3717,14.5,0.1,200,4,10,10,0.14072613308066584,0.037572561202739746,0.08211100648151631,0.22049127290314388,100.0,0.0,100.0,100.0,30,0,0
3718,14.5,0.1,250,2,10,10,0.31950586884124155,0.23726704274285865,0.1782124290263615,0.9757459571945301,100.0,0.0,100.0,100.0,30,0,0
3719,14.5,0.1,250,4,10,10,0.17123071666018816,0.04890194970975326,0.0914080976992634,0.26661193212285833,100.0,0.0,100.0,100.0,30,0,0
3720,14.5,0.11,0,2,10,10,0.03469880154718662,0.007818146653086666,0.024347469136860884,0.04723304663949135,100.0,0.0,100.0,100.0,30,0,0
3721,14.5,0.11,0,4,10,10,0.03628399918135652,0.007911353538843993,0.024333723862835308,0.0530077149666697,100.0,0.0,100.0,100.0,30,0,0
3722,14.5,0.11,50,2,10,10,0.06739823583517464,0.017839038615497047,0.040007242620001666,0.095821077853742,100.0,0.0,100.0,100.0,30,0,0
3723,14.5,0.11,50,4,10,10,0.052601142046793226,0.013303276546451229,0.032100362267393885,0.07429292265339556,100.0,0.0,100.0,100.0,30,0,0
3724,14.5,0.11,100,2,10,10,0.12195057045498281,0.03203207099051073,0.07856114531570872,0.18162631249493566,100.0,0.0,100.0,100.0,30,0,0
3725,14.5,0.11,100,4,10,10,0.08694428753670089,0.02250846781840815,0.05633342139508594,0.1321519338072504,100.0,0.0,100.0,100.0,30,0,0
3726,14.5,0.11,150,2,10,10,0.18153458613262108,0.045568777973556476,0.1206393474450984,0.2672523234073649,100.0,0.0,100.0,100.0,30,0,0
3727,14.5,0.11,150,4,10,10,0.11553026162421505,0.031220524285138208,0.06410729863308252,0.18017384369500977,100.0,0.0,100.0,100.0,30,0,0
3728,14.5,0.11,200,2,10,10,0.22976620737869302,0.054338146522758035,0.16754399684876145,0.33238985210542144,100.0,0.0,100.0,100.0,30,0,0
3729,14.5,0.11,200,4,10,10,0.14945056469497214,0.03832130571575969,0.08349301852121997,0.22627133074798692,100.0,0.0,100.0,100.0,30,0,0
3730,14.5,0.11,250,2,10,10,0.4097262983837225,0.258607892613045,0.20039329741165868,0.9846869219527227,100.0,0.0,100.0,100.0,30,0,0
3731,14.5,0.11,250,4,10,10,0.18089175792431325,0.0524064190925391,0.09415775149080247,0.2851727584633607,100.0,0.0,100.0,100.0,30,0,0
3732,14.5,0.12,0,2,10,10,0.034138725692585456,0.005653577204156564,0.02339465878017791,0.042275891506234065,100.0,0.0,100.0,100.0,30,0,0
3733,14.5,0.12,0,4,10,10,0.03827926562025064,0.006412731306866016,0.02860229960586574,0.04630800287834058,100.0,0.0,100.0,100.0,30,0,0
3734,14.5,0.12,50,2,10,10,0.07778145333229629,0.021092329069047764,0.047635875465976606,0.11518014298899598,100.0,0.0,100.0,100.0,30,0,0
3735,14.5,0.12,50,4,10,10,0.05699091601718877,0.013008873288874775,0.03710420020955269,0.08313586885559124,100.0,0.0,100.0,100.0,30,0,0
3736,14.5,0.12,100,2,10,10,0.13819648663923884,0.03338239459784024,0.10075434839708991,0.20999549041290164,100.0,0.0,100.0,100.0,30,0,0
3737,14.5,0.12,100,4,10,10,0.08595314859390094,0.02443072511051367,0.04689655956504007,0.12983272057957707,100.0,0.0,100.0,100.0,30,0,0
3738,14.5,0.12,150,2,10,10,0.20035392020933024,0.0485402382959,0.13760294307052082,0.2949007992779092,100.0,0.0,100.0,100.0,30,0,0
3739,14.5,0.12,150,4,10,10,0.12196086850966466,0.03195544518382887,0.07858523111509831,0.19335688311196453,100.0,0.0,100.0,100.0,30,0,0
3740,14.5,0.12,200,2,10,10,0.2851438469001355,0.10659048985648036,0.17813588116066303,0.5331251188229756,100.0,0.0,100.0,100.0,30,0,0
3741,14.5,0.12,200,4,10,10,0.15716185658012222,0.043450953139397785,0.08556712965367659,0.24122749005517294,100.0,0.0,100.0,100.0,30,0,0
3742,14.5,0.12,250,2,10,10,0.4408815426965667,0.24869602497272755,0.2302345563831926,0.9933186076053717,100.0,0.0,100.0,100.0,30,0,0
3743,14.5,0.12,250,4,10,10,0.19062787791754537,0.05248065619026139,0.10122856536084301,0.293302657105908,100.0,0.0,100.0,100.0,30,0,0
3744,14.5,0.13,0,2,10,10,0.03460208023325877,0.007074820391151052,0.025221486211887554,0.0454711516282805,100.0,0.0,100.0,100.0,30,0,0
3745,14.5,0.13,0,4,10,10,0.03722224265916933,0.006507134997182949,0.024628985280433908,0.04524634212757014,100.0,0.0,100.0,100.0,30,0,0
3746,14.5,0.13,50,2,10,10,0.08440856867466355,0.024256227130254313,0.05249133624151161,0.128348259242435,100.0,0.0,100.0,100.0,30,0,0
3747,14.5,0.13,50,4,10,10,0.05998560205261798,0.013209994153421684,0.03639789499297064,0.08218173645282495,100.0,0.0,100.0,100.0,30,0,0
3748,14.5,0.13,100,2,10,10,0.15730032894787568,0.03881150852915771,0.10357078726762166,0.2311079695469623,100.0,0.0,100.0,100.0,30,0,0
3749,14.5,0.13,100,4,10,10,0.09177972300990611,0.023126462017568693,0.05827216564357276,0.13596166275890018,100.0,0.0,100.0,100.0,30,0,0
3750,14.5,0.13,150,2,10,10,0.2282537768361092,0.05612704877242323,0.15197631218235852,0.3346617450482781,100.0,0.0,100.0,100.0,30,0,0
3751,14.5,0.13,150,4,10,10,0.12746393754953375,0.0358551906619489,0.07258624651697758,0.20787945046695902,100.0,0.0,100.0,100.0,30,0,0
3752,14.5,0.13,200,2,10,10,0.3027463820843876,0.06872072242322642,0.20499249403744665,0.4234833543580924,100.0,0.0,100.0,100.0,30,0,0
3753,14.5,0.13,200,4,10,10,0.16563349621006954,0.045663372708283086,0.09550118274872772,0.2607261683192717,100.0,0.0,100.0,100.0,30,0,0
3754,14.5,0.13,250,2,10,10,0.519748303659977,0.2546020344223984,0.2760072160354387,1.0371031943533542,92.0,16.938523555697333,56.666666666666664,100.0,30,0,0
3755,14.5,0.13,250,4,10,10,0.2004026099304098,0.05766004929708654,0.10749747082397375,0.3186137501874627,100.0,0.0,100.0,100.0,30,0,0
3756,14.5,0.14,0,2,10,10,0.03845102255069702,0.005500083811709283,0.028999649592050755,0.04947821550292276,100.0,0.0,100.0,100.0,30,0,0
3757,14.5,0.14,0,4,10,10,0.03504895379629805,0.007150512354382668,0.02647412851872204,0.050842127790697716,100.0,0.0,100.0,100.0,30,0,0
3758,14.5,0.14,50,2,10,10,0.09460041466338687,0.023941525053135845,0.06481357238028958,0.14521894092004328,100.0,0.0,100.0,100.0,30,0,0
3759,14.5,0.14,50,4,10,10,0.05980920600729163,0.017788995636941946,0.03259016939446291,0.08938789067076035,100.0,0.0,100.0,100.0,30,0,0
3760,14.5,0.14,100,2,10,10,0.17845022791494197,0.045887677725147596,0.10434363809859078,0.26631864533338745,100.0,0.0,100.0,100.0,30,0,0
3761,14.5,0.14,100,4,10,10,0.09894851781228489,0.028448125055093622,0.049351527111746514,0.14002986044148671,100.0,0.0,100.0,100.0,30,0,0
3762,14.5,0.14,150,2,10,10,0.2610314347513831,0.06142010342513594,0.1766618909637523,0.37405747590851696,100.0,0.0,100.0,100.0,30,0,0
3763,14.5,0.14,150,4,10,10,0.13681635308391882,0.03994407003448408,0.07625334459152887,0.21845010177623136,100.0,0.0,100.0,100.0,30,0,0
3764,14.5,0.14,200,2,10,10,0.40790665458083397,0.22127609943784673,0.23190363845996273,1.002864218754277,100.0,0.0,100.0,100.0,30,0,0
3765,14.5,0.14,200,4,10,10,0.17664158432572596,0.051394822257920345,0.10232862528114788,0.2759084296036171,100.0,0.0,100.0,100.0,30,0,0
3766,14.5,0.14,250,2,10,10,0.560430679462945,0.24511016434033764,0.31760756278417185,1.0615013427290434,88.88888888888889,18.121673811444545,56.666666666666664,100.0,30,0,0
3767,14.5,0.14,250,4,10,10,0.21511598823610187,0.061712292473637506,0.11222458787050545,0.33933755821159434,100.0,0.0,100.0,100.0,30,0,0
3768,14.5,0.15,0,2,10,10,0.03212483525356462,0.0043049699456750795,0.0255739486655157,0.03948245204446259,100.0,0.0,100.0,100.0,30,0,0
3769,14.5,0.15,0,4,10,10,0.042519721720138355,0.011693032909357498,0.0252241247928234,0.06277157585294023,100.0,0.0,100.0,100.0,30,0,0
3770,14.5,0.15,50,2,10,10,0.10548057921971363,0.025747076531602055,0.06542863183083363,0.15461407863852455,100.0,0.0,100.0,100.0,30,0,0
3771,14.5,0.15,50,4,10,10,0.06753843046586298,0.018180022479596106,0.036598743684083064,0.09780008598005745,100.0,0.0,100.0,100.0,30,0,0
3772,14.5,0.15,100,2,10,10,0.19852136353306649,0.05078988246929469,0.13167204353913534,0.2977942361433226,100.0,0.0,100.0,100.0,30,0,0
3773,14.5,0.15,100,4,10,10,0.10004247393564802,0.03176397792672246,0.052048799258128074,0.15791580968024876,100.0,0.0,100.0,100.0,30,0,0
3774,14.5,0.15,150,2,10,10,0.2958430541225724,0.06760792710746688,0.20119741369245456,0.40891603526326853,100.0,0.0,100.0,100.0,30,0,0
3775,14.5,0.15,150,4,10,10,0.14513933822993275,0.044155208670633724,0.08487072958442128,0.23519353108292104,100.0,0.0,100.0,100.0,30,0,0
3776,14.5,0.15,200,2,10,10,0.49735667605972944,0.23987663486753383,0.28591588372310983,1.036879857003118,100.0,0.0,100.0,100.0,30,0,0
3777,14.5,0.15,200,4,10,10,0.18666199676798523,0.05408764571415108,0.1013424456592743,0.2908718188167885,100.0,0.0,100.0,100.0,30,0,0
3778,14.5,0.15,250,2,10,10,0.7240794594249015,0.3323152695728355,0.3885346980591084,1.5203586194538072,90.0,20.83312757100035,47.77777777777777,100.0,30,0,0
3779,14.5,0.15,250,4,10,10,0.22833031033148185,0.0693649215674244,0.12089966271046833,0.3594788891814365,100.0,0.0,100.0,100.0,30,0,0
3780,14.5,0.16,0,2,10,10,0.03596869036917143,0.008140386706754177,0.021910105901181722,0.05003845971282698,100.0,0.0,100.0,100.0,30,0,0
3781,14.5,0.16,0,4,10,10,0.04574046884783279,0.01030134948508803,0.03450932943063862,0.06073841201621353,100.0,0.0,100.0,100.0,30,0,0
3782,14.5,0.16,50,2,10,10,0.1204617301765328,0.029282126798998265,0.0817881644653407,0.1797515302872962,100.0,0.0,100.0,100.0,30,0,0
3783,14.5,0.16,50,4,10,10,0.06888574970111608,0.02056593663676889,0.03656585618858002,0.09788489884608692,100.0,0.0,100.0,100.0,30,0,0
3784,14.5,0.16,100,2,10,10,0.2279916449917938,0.055524710260675736,0.14782751332748423,0.33275235584994584,100.0,0.0,100.0,100.0,30,0,0
3785,14.5,0.16,100,4,10,10,0.10713072238071501,0.034804857276630206,0.051473269669472355,0.16541581958500218,100.0,0.0,100.0,100.0,30,0,0
3786,14.5,0.16,150,2,10,10,0.3385524226915407,0.07570822284326398,0.22917236513404762,0.4604436777431898,100.0,0.0,100.0,100.0,30,0,0
3787,14.5,0.16,150,4,10,10,0.15095375922590423,0.04745722118104271,0.07989961887796042,0.24407783898315613,100.0,0.0,100.0,100.0,30,0,0
3788,14.5,0.16,200,2,10,10,0.5450649605483785,0.22924948673173706,0.3444923632901142,1.0654075079706455,100.0,0.0,100.0,100.0,30,0,0
3789,14.5,0.16,200,4,10,10,0.19905654768831124,0.06006861066234704,0.10886950391659177,0.3173638651366765,100.0,0.0,100.0,100.0,30,0,0
3790,14.5,0.16,250,2,10,10,0.9876966536670599,0.4679249777856633,0.4284219502017969,1.9225546484545208,84.44444444444444,23.934065809486686,40.0,100.0,30,0,0
3791,14.5,0.16,250,4,10,10,0.240452204048063,0.07104313224558495,0.13866698713416256,0.38310773176048635,100.0,0.0,100.0,100.0,30,0,0
3792,14.5,0.17,0,2,10,10,0.03449197332701963,0.004778440415262066,0.027431684952856094,0.04217976261252963,100.0,0.0,100.0,100.0,30,0,0
3793,14.5,0.17,0,4,10,10,0.04719097235285172,0.012280136189699793,0.031653745759040224,0.07084205047089813,100.0,0.0,100.0,100.0,30,0,0
3794,14.5,0.17,50,2,10,10,0.13218064560962237,0.032714889346252565,0.09151123156972091,0.2012090162491791,100.0,0.0,100.0,100.0,30,0,0
3795,14.5,0.17,50,4,10,10,0.07419921085055807,0.018389785211136933,0.04490255542676328,0.09807705544847285,100.0,0.0,100.0,100.0,30,0,0
3796,14.5,0.17,100,2,10,10,0.2576125424439283,0.06038080760967743,0.17407512584034635,0.3748279863520361,100.0,0.0,100.0,100.0,30,0,0
3797,14.5,0.17,100,4,10,10,0.11604950287949203,0.04031143700492346,0.05148981787385224,0.17210946636765626,100.0,0.0,100.0,100.0,30,0,0
3798,14.5,0.17,150,2,10,10,0.3822112280611834,0.07666272410414753,0.27768627489350006,0.5023116082258129,100.0,0.0,100.0,100.0,30,0,0
3799,14.5,0.17,150,4,10,10,0.16406770488024772,0.05301471559432862,0.0911497068933751,0.2638342875667374,100.0,0.0,100.0,100.0,30,0,0
3800,14.5,0.17,200,2,10,10,0.651871003908924,0.2943697526239303,0.39889852983730445,1.2221811144641315,98.43295019157088,3.897533001062381,87.77777777777777,100.0,30,0,0
3801,14.5,0.17,200,4,10,10,0.21181926658369563,0.06532477406764943,0.11596995311696208,0.33523557012463034,100.0,0.0,100.0,100.0,30,0,0
3802,14.5,0.17,250,2,10,10,1.0647093489956945,0.4637356397770819,0.46300425566392,1.8537541965669975,84.0,23.349200953891014,40.0,100.0,30,0,0
3803,14.5,0.17,250,4,10,10,0.2583369708196395,0.07949351734079638,0.13710271833191737,0.4082425554658455,100.0,0.0,100.0,100.0,30,0,0
3804,14.5,0.18,0,2,10,10,0.032676400198745535,0.004955530875042495,0.022133803598178407,0.03869453982196958,100.0,0.0,100.0,100.0,30,0,0
3805,14.5,0.18,0,4,10,10,0.052873463403293616,0.013207980927483038,0.03658025999897857,0.07087518724442417,100.0,0.0,100.0,100.0,30,0,0
3806,14.5,0.18,50,2,10,10,0.1488990180916631,0.03894733222098733,0.10520089277710372,0.23848430924168304,100.0,0.0,100.0,100.0,30,0,0
3807,14.5,0.18,50,4,10,10,0.08048427547643121,0.02172447153342994,0.041253772325101634,0.10575598041943296,100.0,0.0,100.0,100.0,30,0,0
3808,14.5,0.18,100,2,10,10,0.2938766251186135,0.0678397869113751,0.20031966005151725,0.40547505772470865,100.0,0.0,100.0,100.0,30,0,0
3809,14.5,0.18,100,4,10,10,0.1247072153085709,0.04266372656706425,0.051302756261984446,0.18878710964126047,100.0,0.0,100.0,100.0,30,0,0
3810,14.5,0.18,150,2,10,10,0.43765300307048305,0.08233848783001825,0.33160358949416596,0.5545256371854633,100.0,0.0,100.0,100.0,30,0,0
3811,14.5,0.18,150,4,10,10,0.1759646128434155,0.05782922826615812,0.0904381197588156,0.2693888212748517,100.0,0.0,100.0,100.0,30,0,0
3812,14.5,0.18,200,2,10,10,0.7142688485701705,0.27709638071278,0.4391134474541865,1.2539771861878772,92.0,16.938523555697333,56.666666666666664,100.0,30,0,0
3813,14.5,0.18,200,4,10,10,0.22771580972767086,0.07055983830995993,0.12610436339164433,0.35546971833434177,100.0,0.0,100.0,100.0,30,0,0
3814,14.5,0.18,250,2,10,10,1.1016264408004244,0.45343550310830977,0.496410605446562,1.882095848778495,88.33333333333334,21.67378800347907,40.0,100.0,30,0,0
3815,14.5,0.18,250,4,10,10,0.27834097425504295,0.08622930823021899,0.15239430825927444,0.4359990784472287,100.0,0.0,100.0,100.0,30,0,0
3816,14.5,0.19,0,2,10,10,0.03633414419191518,0.004268990260729046,0.030413752027509844,0.04250002092856133,100.0,0.0,100.0,100.0,30,0,0
3817,14.5,0.19,0,4,10,10,0.06003342145867472,0.017203028335142888,0.039056499107057684,0.08922084924699884,100.0,0.0,100.0,100.0,30,0,0
3818,14.5,0.19,50,2,10,10,0.16661595205354546,0.04427593289938331,0.10749919140134602,0.2560805267588308,100.0,0.0,100.0,100.0,30,0,0
3819,14.5,0.19,50,4,10,10,0.08931247179981447,0.020857185828964373,0.05341528948553042,0.11506739783862639,100.0,0.0,100.0,100.0,30,0,0
3820,14.5,0.19,100,2,10,10,0.3308570858948914,0.0750652723255877,0.22386809423513887,0.4501727218747548,100.0,0.0,100.0,100.0,30,0,0
3821,14.5,0.19,100,4,10,10,0.14042843688208434,0.045357810098738974,0.0693449640139391,0.20083868034219995,100.0,0.0,100.0,100.0,30,0,0
3822,14.5,0.19,150,2,10,10,0.48372563764560245,0.08274708637269314,0.3816057418602268,0.5954478492808422,100.0,0.0,100.0,100.0,30,0,0
3823,14.5,0.19,150,4,10,10,0.19003568003961285,0.06471669489376104,0.08353638173463052,0.29746202547050377,100.0,0.0,100.0,100.0,30,0,0
3824,14.5,0.19,200,2,10,10,0.8282154431324844,0.35369863637132304,0.47223998003835943,1.5812823654460157,92.0,16.938523555697333,56.666666666666664,100.0,30,0,0
3825,14.5,0.19,200,4,10,10,0.2445542010707812,0.07861472018476214,0.13809501103715216,0.3781881276008053,100.0,0.0,100.0,100.0,30,0,0
3826,14.5,0.19,250,2,10,10,1.1788674870224651,0.4070618444041978,0.6850583777905762,1.9121126923757128,88.0,21.499353995462798,40.0,100.0,30,0,0
3827,14.5,0.19,250,4,10,10,0.2996913588825441,0.09577822825076886,0.16660828407924286,0.4615684398211953,100.0,0.0,100.0,100.0,30,0,0
3828,14.5,0.2,0,2,10,10,0.04085878064655969,0.0054347877015635615,0.035530845238773444,0.050176495210546346,100.0,0.0,100.0,100.0,30,0,0
3829,14.5,0.2,0,4,10,10,0.06790736251344473,0.02062979366802063,0.04358412942167786,0.10323390351586059,100.0,0.0,100.0,100.0,30,0,0
3830,14.5,0.2,50,2,10,10,0.1877524812828777,0.04914168168853805,0.13255019205233678,0.28835400401938743,100.0,0.0,100.0,100.0,30,0,0
3831,14.5,0.2,50,4,10,10,0.10106578049932913,0.022098477440500575,0.0580381317691474,0.13053342867771317,100.0,0.0,100.0,100.0,30,0,0
3832,14.5,0.2,100,2,10,10,0.37285904243226703,0.07974494189828993,0.2707834288836557,0.4878991187124804,100.0,0.0,100.0,100.0,30,0,0
3833,14.5,0.2,100,4,10,10,0.14943484219975625,0.04914261865426734,0.06989256780035352,0.2106751958100944,100.0,0.0,100.0,100.0,30,0,0
3834,14.5,0.2,150,2,10,10,0.5721442833968402,0.0998442881322453,0.42713263074731334,0.72756924967919,100.0,0.0,100.0,100.0,30,0,0
3835,14.5,0.2,150,4,10,10,0.20517883754449015,0.07009768004607422,0.09441607406683934,0.31896200881409975,100.0,0.0,100.0,100.0,30,0,0
3836,14.5,0.2,200,2,10,10,0.8757705431824314,0.35436925080834836,0.5077280219141982,1.641083523835702,93.11111111111111,13.806421837341395,63.333333333333336,100.0,30,0,0
3837,14.5,0.2,200,4,10,10,0.2668886383509225,0.08713139270103056,0.14725617307366337,0.40392972839348973,100.0,0.0,100.0,100.0,30,0,0
3838,14.5,0.2,250,2,10,10,1.2122395791779614,0.40626948628343035,0.7416158518429339,1.9365535663478994,87.44444444444444,21.36012977565731,40.0,100.0,30,0,0
3839,14.5,0.2,250,4,10,10,0.32156158638512455,0.10416220464549948,0.18566162389994514,0.4968197211741269,100.0,0.0,100.0,100.0,30,0,0
3840,15.0,0.05,0,2,10,10,0.033137019167071,0.005744059333861765,0.02265409160582978,0.03970847922605462,100.0,0.0,100.0,100.0,30,0,0
3841,15.0,0.05,0,4,10,10,0.03350969905813388,0.00507295061197627,0.02508776003988286,0.041688329489104226,100.0,0.0,100.0,100.0,30,0,0
3842,15.0,0.05,50,2,10,10,0.04388746034731418,0.005617329585199554,0.03486871575122234,0.053255743455475714,100.0,0.0,100.0,100.0,30,0,0
3843,15.0,0.05,50,4,10,10,0.046690886673366086,0.011131856795796728,0.03050903213705893,0.06306410366864242,100.0,0.0,100.0,100.0,30,0,0
3844,15.0,0.05,100,2,10,10,0.06374636955842164,0.00764998378244561,0.05250060067505919,0.07949222464413178,100.0,0.0,100.0,100.0,30,0,0
3845,15.0,0.05,100,4,10,10,0.07084509408622966,0.013132233751971702,0.04761257759923849,0.09299139464907058,100.0,0.0,100.0,100.0,30,0,0
3846,15.0,0.05,150,2,10,10,0.0848741751082483,0.01273083787626433,0.07009239675174532,0.11462458431956579,100.0,0.0,100.0,100.0,30,0,0
3847,15.0,0.05,150,4,10,10,0.09385347725385487,0.012846995738831624,0.0727852296494481,0.1114698215868787,100.0,0.0,100.0,100.0,30,0,0
3848,15.0,0.05,200,2,10,10,0.1090326035706463,0.012899869639921652,0.09113096805597759,0.1393853835206439,100.0,0.0,100.0,100.0,30,0,0
3849,15.0,0.05,200,4,10,10,0.11580201957610999,0.013769977944805204,0.08978464391682954,0.13434757645891807,100.0,0.0,100.0,100.0,30,0,0
3850,15.0,0.05,250,2,10,10,0.1344392772984409,0.02330070204439835,0.10466953991508422,0.1928530021949455,100.0,0.0,100.0,100.0,30,0,0
3851,15.0,0.05,250,4,10,10,0.13744216046073027,0.018635121342966562,0.10601283274588143,0.1673884307128468,100.0,0.0,100.0,100.0,30,0,0
3852,15.0,0.06,0,2,10,10,0.03233098814681841,0.004503907288122219,0.026880978545271498,0.04133744940535763,100.0,0.0,100.0,100.0,30,0,0
3853,15.0,0.06,0,4,10,10,0.033699705036705885,0.005184047884057044,0.02550213326082654,0.043568918941681765,100.0,0.0,100.0,100.0,30,0,0
3854,15.0,0.06,50,2,10,10,0.04429555290693387,0.0038281676835544374,0.03889609618336498,0.051133618343936565,100.0,0.0,100.0,100.0,30,0,0
3855,15.0,0.06,50,4,10,10,0.048921129062461904,0.01100168773889935,0.02761122215192501,0.06733965408272435,100.0,0.0,100.0,100.0,30,0,0
3856,15.0,0.06,100,2,10,10,0.06858036458191077,0.009364995169308877,0.05171494928695244,0.08864464738423267,100.0,0.0,100.0,100.0,30,0,0
3857,15.0,0.06,100,4,10,10,0.0717051713395366,0.0105269485334242,0.050121102405012746,0.08784816011189567,100.0,0.0,100.0,100.0,30,0,0
3858,15.0,0.06,150,2,10,10,0.09155781845916042,0.01309206124589881,0.06959984495205394,0.11571387447724278,100.0,0.0,100.0,100.0,30,0,0
3859,15.0,0.06,150,4,10,10,0.0966654916994405,0.014258200950908002,0.0725452801598248,0.12093621553892726,100.0,0.0,100.0,100.0,30,0,0
3860,15.0,0.06,200,2,10,10,0.11949993612252068,0.014615252424631015,0.09934554165187114,0.15196673800824242,100.0,0.0,100.0,100.0,30,0,0
3861,15.0,0.06,200,4,10,10,0.11986762616670488,0.015426192522311413,0.09597805199895297,0.145570758299246,100.0,0.0,100.0,100.0,30,0,0
3862,15.0,0.06,250,2,10,10,0.14563868546763178,0.019493168434014784,0.12374945467600647,0.19335450347232397,100.0,0.0,100.0,100.0,30,0,0
3863,15.0,0.06,250,4,10,10,0.14812517071138037,0.01938246547332798,0.11405075745846645,0.1786861725090507,100.0,0.0,100.0,100.0,30,0,0
3864,15.0,0.07,0,2,10,10,0.0320667109515553,0.005338604029301421,0.02280406211051422,0.03813898304205237,99.65900383141762,0.7714703131187991,97.70114942528737,100.0,30,0,0
3865,15.0,0.07,0,4,10,10,0.03320133031345842,0.006478311375068015,0.024356613212337053,0.043259083609517635,100.0,0.0,100.0,100.0,30,0,0
3866,15.0,0.07,50,2,10,10,0.04859479649354468,0.004002454474700288,0.0429975472996352,0.05555964306114128,100.0,0.0,100.0,100.0,30,0,0
3867,15.0,0.07,50,4,10,10,0.04955714374712482,0.007380241358086313,0.0366987206046069,0.061937149291612925,100.0,0.0,100.0,100.0,30,0,0
3868,15.0,0.07,100,2,10,10,0.07385311004268183,0.010150510110704173,0.057290939379116175,0.09156953473953898,100.0,0.0,100.0,100.0,30,0,0
3869,15.0,0.07,100,4,10,10,0.07682527811207131,0.01305169969801545,0.05665067027213716,0.10002193096510477,100.0,0.0,100.0,100.0,30,0,0
3870,15.0,0.07,150,2,10,10,0.10140287371531312,0.011575498122331504,0.08498558195244128,0.12642546570339822,100.0,0.0,100.0,100.0,30,0,0
3871,15.0,0.07,150,4,10,10,0.1014869274073326,0.012750054618395228,0.07579695850275193,0.12135742955977573,100.0,0.0,100.0,100.0,30,0,0
3872,15.0,0.07,200,2,10,10,0.13317287761596566,0.0181493880418672,0.11150496680588491,0.17809396647963238,100.0,0.0,100.0,100.0,30,0,0
3873,15.0,0.07,200,4,10,10,0.12859968000886096,0.016853543171666707,0.0960663996974595,0.15223617649029295,100.0,0.0,100.0,100.0,30,0,0
3874,15.0,0.07,250,2,10,10,0.16084518410533388,0.018448177669423783,0.13727289649415325,0.2042309756675563,100.0,0.0,100.0,100.0,30,0,0
3875,15.0,0.07,250,4,10,10,0.15827746248087377,0.02813893975200717,0.10639405006839682,0.19623755798072684,100.0,0.0,100.0,100.0,30,0,0
3876,15.0,0.08,0,2,10,10,0.03297445325371654,0.003171426276276329,0.027929059483559754,0.03734847016607432,100.0,0.0,100.0,100.0,30,0,0
3877,15.0,0.08,0,4,10,10,0.03304097701385189,0.006977202277166127,0.02102372773626034,0.041735370505108005,100.0,0.0,100.0,100.0,30,0,0
3878,15.0,0.08,50,2,10,10,0.052057222593944706,0.00725002361698703,0.03783408728022195,0.06061585291329926,100.0,0.0,100.0,100.0,30,0,0
3879,15.0,0.08,50,4,10,10,0.049613685997527565,0.005629770955924981,0.042036910363012686,0.05955090371698904,100.0,0.0,100.0,100.0,30,0,0
3880,15.0,0.08,100,2,10,10,0.08173330404296937,0.009058476961657997,0.06970446855005356,0.09586362998779174,100.0,0.0,100.0,100.0,30,0,0
3881,15.0,0.08,100,4,10,10,0.07565446688051446,0.011567305575076658,0.05450966093846397,0.09810248034303483,100.0,0.0,100.0,100.0,30,0,0
3882,15.0,0.08,150,2,10,10,0.11694205954798179,0.015913125864184197,0.09289790647580938,0.1532937045817404,100.0,0.0,100.0,100.0,30,0,0
3883,15.0,0.08,150,4,10,10,0.10423319854542072,0.015284908682560107,0.08491650091582509,0.1323839389218883,100.0,0.0,100.0,100.0,30,0,0
3884,15.0,0.08,200,2,10,10,0.1494895917060791,0.017454451744249082,0.131974452927852,0.18919712330889285,100.0,0.0,100.0,100.0,30,0,0
3885,15.0,0.08,200,4,10,10,0.13801479073730016,0.01674121496637753,0.10903540214666091,0.15930636712265367,100.0,0.0,100.0,100.0,30,0,0
3886,15.0,0.08,250,2,10,10,0.18650591787617338,0.019763081475945837,0.16323236747642728,0.23704086599647442,100.0,0.0,100.0,100.0,30,0,0
3887,15.0,0.08,250,4,10,10,0.16648955071422716,0.02697910364540051,0.12138744856777772,0.20495564068856767,100.0,0.0,100.0,100.0,30,0,0
3888,15.0,0.09,0,2,10,10,0.030289470384973333,0.004997973156157926,0.021849188548784062,0.04027144317235301,100.0,0.0,100.0,100.0,30,0,0
3889,15.0,0.09,0,4,10,10,0.030847654833654647,0.006292636348207039,0.019908088394023176,0.038754479340546606,100.0,0.0,100.0,100.0,30,0,0
3890,15.0,0.09,50,2,10,10,0.0554041264707274,0.006912191009370807,0.04915481829248447,0.06996122614246053,100.0,0.0,100.0,100.0,30,0,0
3891,15.0,0.09,50,4,10,10,0.05621889052383548,0.013127001989526267,0.036904868086159504,0.08059750962163821,100.0,0.0,100.0,100.0,30,0,0
3892,15.0,0.09,100,2,10,10,0.09069732596204053,0.00775493148645291,0.07820168044112723,0.10447161421605944,100.0,0.0,100.0,100.0,30,0,0
3893,15.0,0.09,100,4,10,10,0.08301282347889502,0.012711576888083843,0.059463979104539745,0.10083651051245757,100.0,0.0,100.0,100.0,30,0,0
3894,15.0,0.09,150,2,10,10,0.13158993409043196,0.01590041252997807,0.10741198353213827,0.16906305273145086,100.0,0.0,100.0,100.0,30,0,0
3895,15.0,0.09,150,4,10,10,0.11455903535735149,0.013129104606543712,0.08797989599165555,0.13019135197625797,100.0,0.0,100.0,100.0,30,0,0
3896,15.0,0.09,200,2,10,10,0.16976963360670733,0.018985305617773503,0.14777302057058997,0.21508831422473607,100.0,0.0,100.0,100.0,30,0,0
3897,15.0,0.09,200,4,10,10,0.14346468761590553,0.01652604809448054,0.1126343757307429,0.16546719717080616,100.0,0.0,100.0,100.0,30,0,0
3898,15.0,0.09,250,2,10,10,0.2187303225200506,0.04474000156675968,0.18015187431328913,0.3313590236575246,99.88888888888889,0.3513641844631466,98.8888888888889,100.0,30,0,0
3899,15.0,0.09,250,4,10,10,0.17285165483280845,0.027363482439097517,0.11871028954098672,0.20840480683034143,100.0,0.0,100.0,100.0,30,0,0
3900,15.0,0.1,0,2,10,10,0.03131134987567269,0.003538855049090517,0.027259666732696673,0.038157742315964215,100.0,0.0,100.0,100.0,30,0,0
3901,15.0,0.1,0,4,10,10,0.0366942187583436,0.007700140027878592,0.029216567247316444,0.05588807213048327,100.0,0.0,100.0,100.0,30,0,0
3902,15.0,0.1,50,2,10,10,0.06151979458539085,0.006086665226757817,0.04959648760829841,0.06720023348795746,100.0,0.0,100.0,100.0,30,0,0
3903,15.0,0.1,50,4,10,10,0.05374037881646608,0.00962384850912296,0.03775432059879514,0.06891397200137316,100.0,0.0,100.0,100.0,30,0,0
3904,15.0,0.1,100,2,10,10,0.10264969569704044,0.009488433988073336,0.08794339454813642,0.11875018783323062,100.0,0.0,100.0,100.0,30,0,0
3905,15.0,0.1,100,4,10,10,0.08593786783429792,0.014262588627865905,0.057424144451889925,0.10625196369148587,100.0,0.0,100.0,100.0,30,0,0
3906,15.0,0.1,150,2,10,10,0.14498372084485753,0.014665250060900427,0.12178481755283416,0.17751384211868482,100.0,0.0,100.0,100.0,30,0,0
3907,15.0,0.1,150,4,10,10,0.11918394625144675,0.019150523484784382,0.08513678865749093,0.14351517786750354,100.0,0.0,100.0,100.0,30,0,0
3908,15.0,0.1,200,2,10,10,0.19309879466909557,0.018918400075475808,0.16812632016197368,0.23697101299592974,100.0,0.0,100.0,100.0,30,0,0
3909,15.0,0.1,200,4,10,10,0.14980004393205096,0.02206534994178259,0.11306491696046504,0.1832750161287884,100.0,0.0,100.0,100.0,30,0,0
3910,15.0,0.1,250,2,10,10,0.2584718147775213,0.07580632634495042,0.20057456535800075,0.461728797142454,99.77777777777779,0.7027283689263066,97.77777777777779,100.0,30,0,0
3911,15.0,0.1,250,4,10,10,0.18370717884732138,0.027709991888913897,0.13094686572994754,0.22507869749771006,100.0,0.0,100.0,100.0,30,0,0
3912,15.0,0.11,0,2,10,10,0.031111585887477568,0.004545230263807228,0.02281899552183087,0.03958060846383924,100.0,0.0,100.0,100.0,30,0,0
3913,15.0,0.11,0,4,10,10,0.0371872098408295,0.007599742347509726,0.025055079293441057,0.04955509457667815,100.0,0.0,100.0,100.0,30,0,0
3914,15.0,0.11,50,2,10,10,0.06652708358843916,0.006193964435475827,0.056418276346578235,0.07515708649872223,100.0,0.0,100.0,100.0,30,0,0
3915,15.0,0.11,50,4,10,10,0.05718509527545164,0.01159376961861282,0.03548765330899189,0.07275464661494248,100.0,0.0,100.0,100.0,30,0,0
3916,15.0,0.11,100,2,10,10,0.1181328405571899,0.013216684935992465,0.10127497524597706,0.14552079426229106,100.0,0.0,100.0,100.0,30,0,0
3917,15.0,0.11,100,4,10,10,0.09035559767878529,0.01602704281012451,0.061595009171911096,0.11246026985039635,100.0,0.0,100.0,100.0,30,0,0
3918,15.0,0.11,150,2,10,10,0.1702371914238158,0.015908215366816275,0.15186580762082524,0.2097853636250447,100.0,0.0,100.0,100.0,30,0,0
3919,15.0,0.11,150,4,10,10,0.1214648668938777,0.014089141560136966,0.09186198225662735,0.14390651695394066,100.0,0.0,100.0,100.0,30,0,0
3920,15.0,0.11,200,2,10,10,0.22156260194052005,0.025170322008098985,0.18286396117957762,0.27302080814034174,100.0,0.0,100.0,100.0,30,0,0
3921,15.0,0.11,200,4,10,10,0.15817090388402918,0.023331970032436495,0.11547655687480525,0.19223368222377588,100.0,0.0,100.0,100.0,30,0,0
3922,15.0,0.11,250,2,10,10,0.30179087676503313,0.07318881266025228,0.22471763102209474,0.48115204227470626,96.11111111111111,11.538092217366827,63.333333333333336,100.0,30,0,0
3923,15.0,0.11,250,4,10,10,0.1963171815169352,0.031729920254217316,0.1364047869046556,0.24044152797410204,100.0,0.0,100.0,100.0,30,0,0
3924,15.0,0.12,0,2,10,10,0.032695615577709065,0.0038132958648210247,0.028787572460169965,0.040455984151640145,100.0,0.0,100.0,100.0,30,0,0
3925,15.0,0.12,0,4,10,10,0.039332032517599744,0.0083745436143173,0.026822848238171815,0.051227236740638976,100.0,0.0,100.0,100.0,30,0,0
3926,15.0,0.12,50,2,10,10,0.07966583288802588,0.006443589831085824,0.07057188818248905,0.09265276661540826,100.0,0.0,100.0,100.0,30,0,0
3927,15.0,0.12,50,4,10,10,0.05974005360042135,0.009773237844928154,0.04345822056186032,0.0729214275805697,100.0,0.0,100.0,100.0,30,0,0
3928,15.0,0.12,100,2,10,10,0.13515635385568708,0.01335171355829515,0.12271933367354704,0.16791399513877256,100.0,0.0,100.0,100.0,30,0,0
3929,15.0,0.12,100,4,10,10,0.09754863803257015,0.016218920456659396,0.06545868881212606,0.12309092541723977,100.0,0.0,100.0,100.0,30,0,0
3930,15.0,0.12,150,2,10,10,0.19528455467299338,0.019081997923081937,0.17279432513770754,0.239813674937113,100.0,0.0,100.0,100.0,30,0,0
3931,15.0,0.12,150,4,10,10,0.12974942114468185,0.02055207111205613,0.09340068588548726,0.15810123665243025,100.0,0.0,100.0,100.0,30,0,0
3932,15.0,0.12,200,2,10,10,0.258575797765307,0.023288423869176,0.21770468649989824,0.29596075232151775,100.0,0.0,100.0,100.0,30,0,0
3933,15.0,0.12,200,4,10,10,0.16711080566605177,0.02432603149596781,0.11596385176184702,0.20039405486877046,100.0,0.0,100.0,100.0,30,0,0
3934,15.0,0.12,250,2,10,10,0.38562239675369,0.17853110712473702,0.24958715740676893,0.8690067400097664,91.55555555555556,17.67097548200429,53.333333333333336,100.0,30,0,0
3935,15.0,0.12,250,4,10,10,0.20653876432016002,0.031234201733073317,0.14507360054885635,0.24442432611140097,100.0,0.0,100.0,100.0,30,0,0
3936,15.0,0.13,0,2,10,10,0.03362280523058723,0.003513256928780536,0.02643807281072491,0.03731604505658042,100.0,0.0,100.0,100.0,30,0,0
3937,15.0,0.13,0,4,10,10,0.03524288524938235,0.007493206218950329,0.02186233504605091,0.04675685796214558,100.0,0.0,100.0,100.0,30,0,0
3938,15.0,0.13,50,2,10,10,0.08403409621518698,0.005980290161378153,0.07653063710560669,0.09394413217456377,100.0,0.0,100.0,100.0,30,0,0
3939,15.0,0.13,50,4,10,10,0.06234534801176496,0.0099109098352091,0.046975384781931105,0.08152341589248076,100.0,0.0,100.0,100.0,30,0,0
3940,15.0,0.13,100,2,10,10,0.1526172480814544,0.011950377206099025,0.1350364342731947,0.1733478720950099,100.0,0.0,100.0,100.0,30,0,0
3941,15.0,0.13,100,4,10,10,0.10073909277746265,0.015226108969722742,0.07377388455401872,0.12508992950279288,100.0,0.0,100.0,100.0,30,0,0
3942,15.0,0.13,150,2,10,10,0.22635818946912215,0.021980575194041015,0.1959304287862534,0.2728592777954018,100.0,0.0,100.0,100.0,30,0,0
3943,15.0,0.13,150,4,10,10,0.13794471586759302,0.01926131343216369,0.0966197896062753,0.16338805543142165,100.0,0.0,100.0,100.0,30,0,0
3944,15.0,0.13,200,2,10,10,0.320049818179809,0.09806709931469122,0.24271554880912027,0.5866833964002834,99.66666666666666,1.0540925533894527,96.66666666666667,100.0,30,0,0
3945,15.0,0.13,200,4,10,10,0.17943676039999154,0.027843211784008826,0.12840647665095797,0.21750076140027721,100.0,0.0,100.0,100.0,30,0,0
3946,15.0,0.13,250,2,10,10,0.5668344816857298,0.41562158617730993,0.2902853693741553,1.634299383169462,91.44444444444444,17.623170307502644,53.333333333333336,100.0,30,0,0
3947,15.0,0.13,250,4,10,10,0.21805113725059133,0.032377448039326066,0.1590371854401383,0.26447003560588916,100.0,0.0,100.0,100.0,30,0,0
3948,15.0,0.14,0,2,10,10,0.03164752035098993,0.006647670532339913,0.023086694659367617,0.03966692166617534,100.0,0.0,100.0,100.0,30,0,0
3949,15.0,0.14,0,4,10,10,0.037032221939943745,0.007840297963184724,0.026112523021624184,0.04988585557601228,100.0,0.0,100.0,100.0,30,0,0
3950,15.0,0.14,50,2,10,10,0.09386495574487255,0.006394963887186866,0.08377745209589126,0.10221424440001066,100.0,0.0,100.0,100.0,30,0,0
3951,15.0,0.14,50,4,10,10,0.06259815152086305,0.009796575549218891,0.0464909852755119,0.07619602819084785,100.0,0.0,100.0,100.0,30,0,0
3952,15.0,0.14,100,2,10,10,0.17813752317022152,0.016616400508703187,0.15517237103514328,0.20953314187696623,100.0,0.0,100.0,100.0,30,0,0
3953,15.0,0.14,100,4,10,10,0.10462637221200462,0.01548184042960791,0.0768932421243868,0.1275114807323564,100.0,0.0,100.0,100.0,30,0,0
3954,15.0,0.14,150,2,10,10,0.25661825390446413,0.022329290088484437,0.216375820606277,0.2874510560564994,100.0,0.0,100.0,100.0,30,0,0
3955,15.0,0.14,150,4,10,10,0.1486132868371965,0.01991117887164125,0.10893673641175398,0.1780076990838613,100.0,0.0,100.0,100.0,30,0,0
3956,15.0,0.14,200,2,10,10,0.37666313346849023,0.0965977890811252,0.2796354802689605,0.6167890727695745,99.66666666666666,1.0540925533894527,96.66666666666667,100.0,30,0,0
3957,15.0,0.14,200,4,10,10,0.1922945548289602,0.03254425844331607,0.12980862348760444,0.24118425510381084,100.0,0.0,100.0,100.0,30,0,0
3958,15.0,0.14,250,2,10,10,0.6481293224813973,0.42154669028397435,0.33274374794364237,1.652364060720097,93.88888888888889,14.752182419744024,53.333333333333336,100.0,30,0,0
3959,15.0,0.14,250,4,10,10,0.2332107287970603,0.038598334009878436,0.16166957184521394,0.29486917154840137,100.0,0.0,100.0,100.0,30,0,0
3960,15.0,0.15,0,2,10,10,0.03462695059813666,0.003979555437266312,0.029301419705826632,0.04162041108290069,100.0,0.0,100.0,100.0,30,0,0
3961,15.0,0.15,0,4,10,10,0.04243098716797654,0.00983571516603744,0.02871678748688446,0.06128194396896449,100.0,0.0,100.0,100.0,30,0,0
3962,15.0,0.15,50,2,10,10,0.10632455858777438,0.008826728946215933,0.0945922284095775,0.12324162152484179,100.0,0.0,100.0,100.0,30,0,0
3963,15.0,0.15,50,4,10,10,0.06778022308267406,0.010398448766018588,0.04660726353258942,0.08726059437238627,100.0,0.0,100.0,100.0,30,0,0
3964,15.0,0.15,100,2,10,10,0.19992765052336964,0.015681692343581275,0.17833031362834795,0.22604005192898965,100.0,0.0,100.0,100.0,30,0,0
3965,15.0,0.15,100,4,10,10,0.11259104115748508,0.015332579946154591,0.08858556033290976,0.13996242080702084,100.0,0.0,100.0,100.0,30,0,0
3966,15.0,0.15,150,2,10,10,0.2988788335220443,0.040403655372031805,0.23891747532136234,0.3659743325038474,100.0,0.0,100.0,100.0,30,0,0
3967,15.0,0.15,150,4,10,10,0.15866648967559976,0.025344978769210134,0.10968622076743173,0.1975159081436344,100.0,0.0,100.0,100.0,30,0,0
3968,15.0,0.15,200,2,10,10,0.4839642612217953,0.2662990412590859,0.31196790291656934,1.2223989459545883,96.22222222222221,11.561252157112104,63.333333333333336,100.0,30,0,0
3969,15.0,0.15,200,4,10,10,0.2021760156764461,0.030596011908080922,0.1478923703970869,0.2480958266897372,100.0,0.0,100.0,100.0,30,0,0
3970,15.0,0.15,250,2,10,10,0.750372003604306,0.4326966004558165,0.3885582462703416,1.6708007069946624,91.55555555555556,17.67097548200429,53.333333333333336,100.0,30,0,0
3971,15.0,0.15,250,4,10,10,0.25457851878816085,0.040214074089633664,0.1829736735489832,0.3249185413923148,100.0,0.0,100.0,100.0,30,0,0
3972,15.0,0.16,0,2,10,10,0.031543920032572066,0.0056190165407489,0.02570758321705575,0.04178884899537908,100.0,0.0,100.0,100.0,30,0,0
3973,15.0,0.16,0,4,10,10,0.042425520608730005,0.009640042707091222,0.028594190876074694,0.06022413280058329,100.0,0.0,100.0,100.0,30,0,0
3974,15.0,0.16,50,2,10,10,0.12399551846550813,0.009923758036897372,0.11436439802741345,0.14680630599896013,100.0,0.0,100.0,100.0,30,0,0
3975,15.0,0.16,50,4,10,10,0.07262021021510234,0.009894453913357415,0.05763175524768612,0.0936556807837735,100.0,0.0,100.0,100.0,30,0,0
3976,15.0,0.16,100,2,10,10,0.22547787117039597,0.018905496554727567,0.20432071609417268,0.2624258145557899,100.0,0.0,100.0,100.0,30,0,0
3977,15.0,0.16,100,4,10,10,0.12021237006417902,0.019347752610849735,0.0806194140279023,0.15553715100457646,100.0,0.0,100.0,100.0,30,0,0
3978,15.0,0.16,150,2,10,10,0.3455774143787845,0.049923136873859214,0.2870759083991324,0.44508283479535565,100.0,0.0,100.0,100.0,30,0,0
3979,15.0,0.16,150,4,10,10,0.1669206696616508,0.025671457749615042,0.11656845008531806,0.20170696183106918,100.0,0.0,100.0,100.0,30,0,0
3980,15.0,0.16,200,2,10,10,0.568084744948869,0.2608581024527473,0.3672000674540003,1.2466705744186015,96.0,11.525602204346612,63.333333333333336,100.0,30,0,0
3981,15.0,0.16,200,4,10,10,0.22079313630036657,0.03437951676670119,0.15777629750962915,0.275361052366317,100.0,0.0,100.0,100.0,30,0,0
3982,15.0,0.16,250,2,10,10,0.7481200514160313,0.3906926598785288,0.4418928755234485,1.6768659160624404,86.88888888888889,20.257600311250354,53.333333333333336,100.0,30,0,0
3983,15.0,0.16,250,4,10,10,0.26704849361918914,0.043008295778125684,0.1954458332504128,0.33809508236180963,100.0,0.0,100.0,100.0,30,0,0
3984,15.0,0.17,0,2,10,10,0.03585710334523603,0.005365779454829489,0.029742710284340366,0.046430454333295505,100.0,0.0,100.0,100.0,30,0,0
3985,15.0,0.17,0,4,10,10,0.04837025178212657,0.013878589378522986,0.03013912678160212,0.0682590136393947,100.0,0.0,100.0,100.0,30,0,0
3986,15.0,0.17,50,2,10,10,0.135025927237397,0.011980507614942517,0.12205957525400947,0.1634062277024788,100.0,0.0,100.0,100.0,30,0,0
3987,15.0,0.17,50,4,10,10,0.07742762925577207,0.012843232703426228,0.053671956109633524,0.10523757885644093,100.0,0.0,100.0,100.0,30,0,0
3988,15.0,0.17,100,2,10,10,0.2590942365559,0.022607801455423703,0.2275816763034962,0.293314302818263,100.0,0.0,100.0,100.0,30,0,0
3989,15.0,0.17,100,4,10,10,0.12768832616930448,0.0199559614488943,0.09538434589932421,0.16080021299729855,100.0,0.0,100.0,100.0,30,0,0
3990,15.0,0.17,150,2,10,10,0.40057426743913827,0.055740631585968106,0.32743122887886505,0.5125725060230008,100.0,0.0,100.0,100.0,30,0,0
3991,15.0,0.17,150,4,10,10,0.18228361839194968,0.02793512074640335,0.1380340901122827,0.23512627300660707,100.0,0.0,100.0,100.0,30,0,0
3992,15.0,0.17,200,2,10,10,0.7018008639961585,0.39124333932301925,0.4091178137750439,1.6742545620751825,91.33333333333334,17.582258173202206,53.333333333333336,100.0,30,0,0
3993,15.0,0.17,200,4,10,10,0.2355830908688589,0.03602905555609135,0.17078565167022627,0.28559177957873305,100.0,0.0,100.0,100.0,30,0,0
3994,15.0,0.17,250,2,10,10,0.9973551781365932,0.402430600250719,0.4785135998079415,1.7027293303253277,84.66666666666667,22.56403781394491,46.666666666666664,100.0,30,0,0
3995,15.0,0.17,250,4,10,10,0.28731555279349824,0.04731021164415348,0.2022701097150336,0.3800761993225045,100.0,0.0,100.0,100.0,30,0,0
3996,15.0,0.18,0,2,10,10,0.03307244748361441,0.006785581340890959,0.023065880970933445,0.04582742817671507,100.0,0.0,100.0,100.0,30,0,0
3997,15.0,0.18,0,4,10,10,0.05297142031535975,0.01087834829737134,0.0328736426318943,0.06986065001542098,100.0,0.0,100.0,100.0,30,0,0
3998,15.0,0.18,50,2,10,10,0.15136771207875796,0.010958282695773047,0.13377109079422997,0.17112891719060988,100.0,0.0,100.0,100.0,30,0,0
3999,15.0,0.18,50,4,10,10,0.08270801387883163,0.013240138104275318,0.06433696805362918,0.10681257482508431,100.0,0.0,100.0,100.0,30,0,0
4000,15.0,0.18,100,2,10,10,0.2955804443497677,0.03085966158718756,0.2599779464732643,0.33345125807428366,100.0,0.0,100.0,100.0,30,0,0
4001,15.0,0.18,100,4,10,10,0.13690998388399797,0.01834973345852403,0.10839538326019826,0.17676915446435562,100.0,0.0,100.0,100.0,30,0,0
4002,15.0,0.18,150,2,10,10,0.49879231685519665,0.15268025557726875,0.36638548108794594,0.8932792469839411,99.88888888888889,0.3513641844631466,98.8888888888889,100.0,30,0,0
4003,15.0,0.18,150,4,10,10,0.19555465199621125,0.02762910422026603,0.14187773209155705,0.24193243037475928,100.0,0.0,100.0,100.0,30,0,0
4004,15.0,0.18,200,2,10,10,0.7577636669835365,0.3785498803499698,0.45865262534964407,1.6862956352595397,91.33333333333334,17.582258173202206,53.333333333333336,100.0,30,0,0
4005,15.0,0.18,200,4,10,10,0.25008329190959144,0.04282850307693424,0.1753314752569797,0.32198834385283015,100.0,0.0,100.0,100.0,30,0,0
4006,15.0,0.18,250,2,10,10,1.0694635948180993,0.38253293410391,0.5296184622059541,1.7332120953934806,88.44444444444444,20.61602716654417,43.333333333333336,100.0,30,0,0
4007,15.0,0.18,250,4,10,10,0.3076904815078255,0.05362032519960327,0.2196043631672823,0.4090412874380634,100.0,0.0,100.0,100.0,30,0,0
4008,15.0,0.19,0,2,10,10,0.038827432055674,0.007157062779313904,0.02743382738575505,0.051397218093042596,100.0,0.0,100.0,100.0,30,0,0
4009,15.0,0.19,0,4,10,10,0.058363885007094475,0.013423571531264566,0.038218683565652035,0.07437824686288913,100.0,0.0,100.0,100.0,30,0,0
4010,15.0,0.19,50,2,10,10,0.1685580998235034,0.012974057164184824,0.1503902695895226,0.1882963778659846,100.0,0.0,100.0,100.0,30,0,0
4011,15.0,0.19,50,4,10,10,0.09069988669553672,0.014690993434701427,0.06548381990201395,0.11464495318117472,100.0,0.0,100.0,100.0,30,0,0
4012,15.0,0.19,100,2,10,10,0.33957314795293475,0.04282338288906968,0.28765366867380004,0.43024541381411247,100.0,0.0,100.0,100.0,30,0,0
4013,15.0,0.19,100,4,10,10,0.14769613852673186,0.02208186094852644,0.11065128787742766,0.1902719167537854,100.0,0.0,100.0,100.0,30,0,0
4014,15.0,0.19,150,2,10,10,0.5344849631205737,0.11296570078467329,0.40744333128221194,0.7634202298586196,99.66666666666666,1.0540925533894527,96.66666666666667,100.0,30,0,0
4015,15.0,0.19,150,4,10,10,0.20934640636852678,0.035695862432534226,0.15222391868593366,0.2691878830665539,100.0,0.0,100.0,100.0,30,0,0
4016,15.0,0.19,200,2,10,10,0.8288231574177448,0.3724483381371904,0.506369900279282,1.7093815398139849,91.0,17.430638556685956,53.333333333333336,100.0,30,0,0
4017,15.0,0.19,200,4,10,10,0.2687075687585908,0.042975418026842356,0.19061670465585043,0.33571901872394694,100.0,0.0,100.0,100.0,30,0,0
4018,15.0,0.19,250,2,10,10,1.3379567829025087,0.5676626912136682,0.573637545715055,2.404290706864849,91.66666666666666,13.899995559107559,53.333333333333336,100.0,30,0,0
4019,15.0,0.19,250,4,10,10,0.33206620915548124,0.061937974167555705,0.22963794581936822,0.457815745870568,100.0,0.0,100.0,100.0,30,0,0
4020,15.0,0.2,0,2,10,10,0.042884827817126485,0.008398207698575393,0.03222159092661781,0.0564361782153184,100.0,0.0,100.0,100.0,30,0,0
4021,15.0,0.2,0,4,10,10,0.06981930654561369,0.0209883717459677,0.03997470597404229,0.10287128219283824,100.0,0.0,100.0,100.0,30,0,0
4022,15.0,0.2,50,2,10,10,0.193816842237156,0.021266151892909518,0.16876843330824745,0.23376574463051716,100.0,0.0,100.0,100.0,30,0,0
4023,15.0,0.2,50,4,10,10,0.10429314415299946,0.01898874964500066,0.07411179316921969,0.13593472067892334,100.0,0.0,100.0,100.0,30,0,0
4024,15.0,0.2,100,2,10,10,0.3815051108083433,0.04975105764211409,0.3160674530785626,0.47624109532009223,100.0,0.0,100.0,100.0,30,0,0
4025,15.0,0.2,100,4,10,10,0.16223754249972752,0.027657113841585673,0.12590089518962064,0.2212906023358748,100.0,0.0,100.0,100.0,30,0,0
4026,15.0,0.2,150,2,10,10,0.5908470652105027,0.1277196782755396,0.4392589699622935,0.8432427024178143,99.66666666666666,1.0540925533894527,96.66666666666667,100.0,30,0,0
4027,15.0,0.2,150,4,10,10,0.2289364637093536,0.03882295816732062,0.1716276977243026,0.3002752569412472,100.0,0.0,100.0,100.0,30,0,0
4028,15.0,0.2,200,2,10,10,0.9046911382424657,0.369845841593485,0.5713286345862069,1.7305771601613136,91.0,17.43063855668596,53.333333333333336,100.0,30,0,0
4029,15.0,0.2,200,4,10,10,0.2912597034167717,0.0521616487479658,0.20890759170925535,0.39124358856013575,100.0,0.0,100.0,100.0,30,0,0
4030,15.0,0.2,250,2,10,10,1.3877381405880473,0.5490744626504788,0.6484277378490498,2.313991036345028,91.33333333333334,13.806421837341393,53.333333333333336,100.0,30,0,0
4031,15.0,0.2,250,4,10,10,0.3531030897465818,0.06746940851699916,0.2456036408857228,0.4901105366262218,100.0,0.0,100.0,100.0,30,0,0
